{
  "an1.333:0.1": "Numbered Discourses 1.333–377 ",
  "an1.333:0.2": "Chapter Four ",
  "an1.333:1.0": "333 ",
  "an1.333:1.1": "“Just as, mendicants, in the Black Plum Tree Land the delightful parks, woods, meadows, and lotus ponds are few, ",
  "an1.333:1.2": "while the hilly terrain, inaccessible riverlands, stumps and thorns, and rugged mountains are many; ",
  "an1.333:1.3": "so too the sentient beings born on land are few, while those born in water are many. ",
  "an1.334:1.0": "334 ",
  "an1.334:1.1": "… so too the sentient beings reborn as humans are few, ",
  "an1.334:1.2": "while those not reborn as humans are many. ",
  "an1.335:1.0": "335 ",
  "an1.335:1.1": "… so too the sentient beings reborn in civilized countries are few, ",
  "an1.335:1.2": "while those reborn in the borderlands, among uneducated foreigners, are many. ",
  "an1.336:1.0": "336 ",
  "an1.336:1.1": "… so too the sentient beings who are wise, bright, clever, and able to distinguish what is well said from what is poorly said are few, ",
  "an1.336:1.2": "while the sentient beings who are witless, dull, idiotic, and unable to distinguish what is well said from what is poorly said are many. ",
  "an1.337:1.0": "337 ",
  "an1.337:1.1": "… so too the sentient beings who have the noble eye of wisdom are few, ",
  "an1.337:1.2": "while those who are ignorant and confused are many. ",
  "an1.338:1.0": "338 ",
  "an1.338:1.1": "… so too the sentient beings who get to see a Realized One are few, ",
  "an1.338:1.2": "while those who don’t get to see a Realized One are many. ",
  "an1.339:1.0": "339 ",
  "an1.339:1.1": "… so too the sentient beings who get to hear the teaching and training proclaimed by a Realized One are few, ",
  "an1.339:1.2": "while those sentient beings who don’t get to hear the teaching and training proclaimed by a Realized One are many. ",
  "an1.340:1.0": "340 ",
  "an1.340:1.1": "… so too the sentient beings who remember the teachings they hear are few, ",
  "an1.340:1.2": "while those who don’t remember the teachings are many. ",
  "an1.341:1.0": "341 ",
  "an1.341:1.1": "… so too the sentient beings who examine the meaning of the teachings they have memorized are few, ",
  "an1.341:1.2": "while those who don’t examine the meaning of the teachings are many. ",
  "an1.342:1.0": "342 ",
  "an1.342:1.1": "… so too the sentient beings who understand the meaning and the teaching and practice in line with the teaching are few, ",
  "an1.342:1.2": "while those who understand the meaning and the teaching but don’t practice in line with the teaching are many. ",
  "an1.343:1.0": "343 ",
  "an1.343:1.1": "… so too the sentient beings inspired by inspiring places are few, ",
  "an1.343:1.2": "while those who are uninspired are many. ",
  "an1.344:1.0": "344 ",
  "an1.344:1.1": "… so too the sentient beings who, being inspired, strive effectively are few, ",
  "an1.344:1.2": "while those who, even though inspired, don’t strive effectively are many. ",
  "an1.345:1.0": "345 ",
  "an1.345:1.1": "… so too the sentient beings who, relying on letting go, gain immersion, gain unification of mind are few, ",
  "an1.345:1.2": "while those who don’t gain immersion, don’t gain unification of mind relying on letting go are many. ",
  "an1.346:1.0": "346 ",
  "an1.346:1.1": "… so too the sentient beings who get the best food and flavors are few, ",
  "an1.346:1.2": "while those who don’t get the best food and flavors, but get by with scraps in an alms bowl are many. ",
  "an1.347:1.0": "347 ",
  "an1.347:1.1": "… so too the sentient beings who get the essence of the meaning, the essence of the teaching, and the essence of freedom are few, ",
  "an1.347:1.2": "while the sentient beings who don’t get the essence of the meaning, the essence of the teaching, and the essence of freedom are many. ",
  "an1.347:1.3": "So you should train like this: ",
  "an1.347:1.4": "‘We will get the essence of the meaning, the essence of the teaching, the essence of freedom.’ ",
  "an1.347:1.5": "That’s how you should train.” ",
  "an1.348-350:1.0": "348–350 ",
  "an1.348-350:1.1": "“Just as, mendicants, in the Black Plum Tree Land the delightful parks, woods, meadows, and lotus ponds are few, ",
  "an1.348-350:1.2": "while the hilly terrain, inaccessible riverlands, stumps and thorns, and rugged mountains are many; ",
  "an1.348-350:1.3": "so too, those who die as humans and are reborn as humans are few, while those who die as humans and are reborn in hell, or the animal realm, or the ghost realm are many.” ",
  "an1.351-353:1.0": "351–353 ",
  "an1.351-353:1.1": "“… the sentient beings who die as humans and are reborn as gods are few, ",
  "an1.351-353:1.2": "while those who die as humans and are reborn in hell, or the animal realm, or the ghost realm are many.” ",
  "an1.354-356:1.0": "354–356 ",
  "an1.354-356:1.1": "“… the sentient beings who die as gods and are reborn as gods are few, ",
  "an1.354-356:1.2": "while those who die as gods and are reborn in hell, or the animal realm, or the ghost realm are many.” ",
  "an1.357-359:1.0": "357–359 ",
  "an1.357-359:1.1": "“… the sentient beings who die as gods and are reborn as humans are few, ",
  "an1.357-359:1.2": "while those who die as gods and are reborn in hell, or the animal realm, or the ghost realm are many.” ",
  "an1.360-362:1.0": "360–362 ",
  "an1.360-362:1.1": "“… the sentient beings who die in hell and are reborn as humans are few, ",
  "an1.360-362:1.2": "while those who die in hell and are reborn in hell, or the animal realm, or the ghost realm are many.” ",
  "an1.363-365:1.0": "363–365 ",
  "an1.363-365:1.1": "“… the sentient beings who die in hell and are reborn as gods are few, ",
  "an1.363-365:1.2": "while those who die in hell and are reborn in hell, or the animal realm, or the ghost realm are many.” ",
  "an1.366-368:1.0": "366–368 ",
  "an1.366-368:1.1": "“… the sentient beings who die as animals and are reborn as humans are few, ",
  "an1.366-368:1.2": "while those who die as animals and are reborn in hell, or the animal realm, or the ghost realm are many.” ",
  "an1.369-371:1.0": "369–371 ",
  "an1.369-371:1.1": "“… the sentient beings who die as animals and are reborn as gods are few, ",
  "an1.369-371:1.2": "while those who die as animals and are reborn in hell, or the animal realm, or the ghost realm are many.” ",
  "an1.372-374:1.0": "372–374 ",
  "an1.372-374:1.1": "“… the sentient beings who die as ghosts and are reborn as humans are few, ",
  "an1.372-374:1.2": "while those who die as ghosts and are reborn in hell, or the animal realm, or the ghost realm are many.” ",
  "an1.375-377:1.0": "375–377 ",
  "an1.375-377:1.1": "“… the sentient beings who die as ghosts and are reborn as gods are few, ",
  "an1.375-377:1.2": "while those who die as ghosts and are reborn in hell, or the animal realm, or the ghost realm are many.” "
}