{
  "an1.278:0.1": "Numbered Discourses 1.278–286 ",
  "an1.278:0.2": "Chapter Two ",
  "an1.278:1.0": "278 ",
  "an1.278:1.1": "“It is impossible, mendicants, it cannot happen for two wheel-turning monarchs to arise in the same solar system at the same time. ",
  "an1.278:1.2": "But it is possible for just one wheel-turning monarch to arise in one solar system.” ",
  "an1.279:1.0": "279 ",
  "an1.279:1.1": "“It is impossible, mendicants, it cannot happen for a woman to be a perfected one, a fully awakened Buddha. ",
  "an1.279:1.2": "But it is possible for a man to be a perfected one, a fully awakened Buddha.” ",
  "an1.280:1.0": "280 ",
  "an1.280:1.1": "“It is impossible, mendicants, it cannot happen for a woman to be a wheel-turning monarch. ",
  "an1.280:1.2": "But it is possible for a man to be a wheel-turning monarch.” ",
  "an1.281-283:1.0": "281–283 ",
  "an1.281-283:1.1": "“It is impossible, mendicants, it cannot happen for a woman to perform the role of Sakka, Māra, or the Divinity. ",
  "an1.281-283:1.2": "But it is possible for a man to perform the role of Sakka, Māra, or the Divinity.” ",
  "an1.284:1.0": "284 ",
  "an1.284:1.1": "“It is impossible, mendicants, it cannot happen for a likable, desirable, agreeable result to come from bad bodily conduct. ",
  "an1.284:1.2": "But it is possible for an unlikable, undesirable, disagreeable result to come from bad bodily conduct.” ",
  "an1.285-286:1.0": "285–286 ",
  "an1.285-286:1.1": "“It is impossible, mendicants, it cannot happen for a likable, desirable, agreeable result to come from bad verbal … bad mental conduct. ",
  "an1.285-286:1.2": "But it is possible for an unlikable, undesirable, disagreeable result to come from bad verbal … bad mental conduct.” "
}