{
  "an1.21:0.1": "Numbered Discourses 1.21–30 ",
  "an1.21:0.2": "3. Unworkable ",
  "an1.21:1.0": "21 ",
  "an1.21:1.1": "“Mendicants, I do not see a single thing that, when it’s not developed like this, is as unworkable as the mind. ",
  "an1.21:1.2": "An undeveloped mind is unworkable.” ",
  "an1.22:1.0": "22 ",
  "an1.22:1.1": "“Mendicants, I do not see a single thing that, when it is developed like this, is as workable as the mind. ",
  "an1.22:1.2": "A developed mind is workable.” ",
  "an1.23:1.0": "23 ",
  "an1.23:1.1": "“Mendicants, I do not see a single thing that, when it’s not developed like this, is so very harmful as the mind. ",
  "an1.23:1.2": "An undeveloped mind is very harmful.” ",
  "an1.24:1.0": "24 ",
  "an1.24:1.1": "“Mendicants, I do not see a single thing that, when it is developed like this, is so very beneficial as the mind. ",
  "an1.24:1.2": "A developed mind is very beneficial.” ",
  "an1.25:1.0": "25 ",
  "an1.25:1.1": "“Mendicants, I do not see a single thing that, when it’s not developed, with such untapped potential, is so very harmful as the mind. ",
  "an1.25:1.2": "An undeveloped mind, with untapped potential, is very harmful.” ",
  "an1.26:1.0": "26 ",
  "an1.26:1.1": "“Mendicants, I do not see a single thing that, when it is developed, with its potential realized, is so very beneficial as the mind. ",
  "an1.26:1.2": "A developed mind, with its potential realized, is very beneficial.” ",
  "an1.27:1.0": "27 ",
  "an1.27:1.1": "“Mendicants, I do not see a single thing that, when it’s not developed and cultivated, is so very harmful as the mind. ",
  "an1.27:1.2": "An undeveloped and uncultivated mind is very harmful.” ",
  "an1.28:1.0": "28 ",
  "an1.28:1.1": "“Mendicants, I do not see a single thing that, when it is developed and cultivated, is so very beneficial as the mind. ",
  "an1.28:1.2": "A developed and cultivated mind is very beneficial.” ",
  "an1.29:1.0": "29 ",
  "an1.29:1.1": "“Mendicants, I do not see a single thing that, when it’s not developed and cultivated, brings such suffering as the mind. ",
  "an1.29:1.2": "An undeveloped and uncultivated mind brings suffering.” ",
  "an1.30:1.0": "30 ",
  "an1.30:1.1": "“Mendicants, I do not see a single thing that, when it is developed and cultivated, brings such happiness as the mind. ",
  "an1.30:1.2": "A developed and cultivated mind brings happiness.” "
}