{
  "an1.316:0.1": "Numbered Discourses 1.316–332 ",
  "an1.316:0.2": "Chapter Three ",
  "an1.316:1.0": "316 ",
  "an1.316:1.1": "“One individual, mendicants, arises in the world for the detriment and suffering of the people, against the people, for the harm, detriment, and suffering of gods and humans. ",
  "an1.316:1.2": "What one individual? ",
  "an1.316:1.3": "Someone with wrong view, whose perspective is distorted. ",
  "an1.316:1.4": "They draw many people away from the true teaching and establish them in false teachings. ",
  "an1.316:1.5": "This is one individual who arises in the world for the detriment and suffering of the people, against the people, for the harm, detriment, and suffering of gods and humans.” ",
  "an1.317:1.0": "317 ",
  "an1.317:1.1": "“One individual, mendicants, arises in the world for the welfare and happiness of the people, for the people, for the benefit, welfare, and happiness of gods and humans. ",
  "an1.317:1.2": "What one individual? ",
  "an1.317:1.3": "Someone with right view, whose perspective is undistorted. ",
  "an1.317:1.4": "They draw many people away from false teachings and establish them in the true teaching. ",
  "an1.317:1.5": "This is one individuals who arises in the world for the welfare and happiness of the people, for the people, for the benefit, welfare, and happiness of gods and humans.” ",
  "an1.318:1.0": "318 ",
  "an1.318:1.1": "“Mendicants, I do not see a single thing that is so very blameworthy as wrong view. ",
  "an1.318:1.2": "Wrong view is the most blameworthy thing of all.” ",
  "an1.319:1.0": "319 ",
  "an1.319:1.1": "“Mendicants, I do not see a single other individual who acts for the detriment and suffering of the people, against the people, for the harm, detriment, and suffering of gods and humans, as that futile man, the bamboo-staffed ascetic. ",
  "an1.319:1.2": "Just as a trap set at the mouth of a river would bring harm, suffering, calamity, and disaster for many fish, ",
  "an1.319:1.3": "so too that futile man, the bamboo-staffed ascetic, is a trap for humans, it seems to me. He has arisen in the world for the harm, suffering, calamity, and disaster of many beings.” ",
  "an1.320:1.0": "320 ",
  "an1.320:1.1": "“Mendicants, the one who encourages someone in a poorly explained teaching and training, the one who they encourage, and the one who practices accordingly all brim with much wickedness. ",
  "an1.320:1.2": "Why is that? ",
  "an1.320:1.3": "Because the teaching is poorly explained.” ",
  "an1.321:1.0": "321 ",
  "an1.321:1.1": "“Mendicants, the one who encourages someone in a well explained teaching and training, the one who they encourage, and the one who practices accordingly all brim with much merit. ",
  "an1.321:1.2": "Why is that? ",
  "an1.321:1.3": "Because the teaching is well explained.” ",
  "an1.322:1.0": "322 ",
  "an1.322:1.1": "“Mendicants, in a poorly explained teaching and training, the donor should know moderation, not the recipient. ",
  "an1.322:1.2": "Why is that? ",
  "an1.322:1.3": "Because the teaching is poorly explained.” ",
  "an1.323:1.0": "323 ",
  "an1.323:1.1": "“Mendicants, in a well explained teaching and training, the recipient should know moderation, not the donor. ",
  "an1.323:1.2": "Why is that? ",
  "an1.323:1.3": "Because the teaching is well explained.” ",
  "an1.324:1.0": "324 ",
  "an1.324:1.1": "“Mendicants, in a poorly explained teaching and training an energetic person lives in suffering. ",
  "an1.324:1.2": "Why is that? ",
  "an1.324:1.3": "Because the teaching is poorly explained.” ",
  "an1.325:1.0": "325 ",
  "an1.325:1.1": "“Mendicants, in a well explained teaching and training a lazy person lives in suffering. ",
  "an1.325:1.2": "Why is that? ",
  "an1.325:1.3": "Because the teaching is well explained.” ",
  "an1.326:1.0": "326 ",
  "an1.326:1.1": "“Mendicants, in a poorly explained teaching and training a lazy person lives happily. ",
  "an1.326:1.2": "Why is that? ",
  "an1.326:1.3": "Because the teaching is poorly explained.” ",
  "an1.327:1.0": "327 ",
  "an1.327:1.1": "“Mendicants, in a well explained teaching and training an energetic person lives happily. ",
  "an1.327:1.2": "Why is that? ",
  "an1.327:1.3": "Because the teaching is well explained.” ",
  "an1.328:1.0": "328 ",
  "an1.328:1.1": "“Just as, mendicants, even a little bit of fecal matter still stinks, ",
  "an1.328:1.2": "so too I don’t approve of even a little bit of continued existence, not even as long as a finger-snap.” ",
  "an1.329:1.0": "329–332 ",
  "an1.329:1.1": "“Just as even a little bit of urine, or spit, or pus, or blood still stinks, ",
  "an1.329:1.2": "so too I don’t approve of even a little bit of continued existence, not even as long as a finger-snap.” "
}