{
  "an1.268:0.1": "Numbered Discourses 1.268–277 ",
  "an1.268:0.2": "Chapter One ",
  "an1.268:1.0": "268 ",
  "an1.268:1.1": "“It is impossible, mendicants, it cannot happen for an individual accomplished in view to take any condition as permanent. That is not possible. ",
  "an1.268:1.2": "But it is possible for an ordinary person to take some condition as permanent. That is possible.” ",
  "an1.269:1.0": "269 ",
  "an1.269:1.1": "“It is impossible, mendicants, it cannot happen for an individual accomplished in view to take any condition as pleasant. ",
  "an1.269:1.2": "But it is possible for an ordinary person to take some condition as pleasant.” ",
  "an1.270:1.0": "270 ",
  "an1.270:1.1": "“It is impossible, mendicants, it cannot happen for an individual accomplished in view to take anything as self. ",
  "an1.270:1.2": "But it is possible for an ordinary person to take something as self.” ",
  "an1.271:1.0": "271 ",
  "an1.271:1.1": "“It is impossible, mendicants, it cannot happen for an individual accomplished in view to murder their mother. ",
  "an1.271:1.2": "But it is possible for an ordinary person to murder their mother.” ",
  "an1.272:1.0": "272 ",
  "an1.272:1.1": "“It is impossible, mendicants, it cannot happen for an individual accomplished in view to murder their father. ",
  "an1.272:1.2": "But it is possible for an ordinary person to murder their father.” ",
  "an1.273:1.0": "273 ",
  "an1.273:1.1": "“It is impossible, mendicants, it cannot happen for an individual accomplished in view to murder a perfected one. ",
  "an1.273:1.2": "But it is possible for an ordinary person to murder a perfected one.” ",
  "an1.274:1.0": "274 ",
  "an1.274:1.1": "“It is impossible, mendicants, it cannot happen for an individual accomplished in view to injure a Realized One with malicious intent. ",
  "an1.274:1.2": "But it is possible for an ordinary person to injure a Realized One with malicious intent.” ",
  "an1.275:1.0": "275 ",
  "an1.275:1.1": "“It is impossible, mendicants, it cannot happen for an individual accomplished in view to cause a schism in the Saṅgha. ",
  "an1.275:1.2": "But it is possible for an ordinary person to cause a schism in the Saṅgha.” ",
  "an1.276:1.0": "276 ",
  "an1.276:1.1": "“It is impossible, mendicants, it cannot happen for an individual accomplished in view to dedicate themselves to another teacher. ",
  "an1.276:1.2": "But it is possible for an ordinary person to dedicate themselves to another teacher.” ",
  "an1.277:1.0": "277 ",
  "an1.277:1.1": "“It is impossible, mendicants, it cannot happen for two perfected ones, fully awakened Buddhas to arise in the same solar system at the same time. ",
  "an1.277:1.2": "But it is possible for just one perfected one, a fully awakened Buddha, to arise in one solar system.” "
}