{
  "an1.306:0.1": "Numbered Discourses 1.306–315 ",
  "an1.306:0.2": "Chapter Two ",
  "an1.306:1.0": "306 ",
  "an1.306:1.1": "“Mendicants, I do not see a single thing that gives rise to unskillful qualities, or, when they have arisen, makes them increase and grow like wrong view. ",
  "an1.306:1.2": "When you have wrong view, unskillful qualities arise or, when they have arisen, they increase and grow.” ",
  "an1.307:1.0": "307 ",
  "an1.307:1.1": "“Mendicants, I do not see a single thing that gives rise to skillful qualities, or, when they have arisen, makes them increase and grow like right view. ",
  "an1.307:1.2": "When you have right view, unarisen skillful qualities arise or, when they have arisen, they increase and grow.” ",
  "an1.308:1.0": "308 ",
  "an1.308:1.1": "“Mendicants, I do not see a single thing that gives rise to unskillful qualities, or makes skillful qualities decline like wrong view. ",
  "an1.308:1.2": "When you have wrong view, unskillful qualities arise and skillful qualities decline.” ",
  "an1.309:1.0": "309 ",
  "an1.309:1.1": "“Mendicants, I do not see a single thing that gives rise to skillful qualities, or makes unskillful qualities decline like right view. ",
  "an1.309:1.2": "When you have right view, skillful qualities arise and unskillful qualities decline.” ",
  "an1.310:1.0": "310 ",
  "an1.310:1.1": "“Mendicants, I do not see a single thing that gives rise to wrong view, and once arisen, makes it grow like irrational application of mind. ",
  "an1.310:1.2": "When you apply the mind irrationally, wrong view arises, and once arisen it grows.” ",
  "an1.311:1.0": "311 ",
  "an1.311:1.1": "“Mendicants, I do not see a single thing that gives rise to right view, or, once it has already arisen, makes it grow like rational application of mind. ",
  "an1.311:1.2": "When you apply the mind rationally, right view arises, and once arisen it grows.” ",
  "an1.312:1.0": "312 ",
  "an1.312:1.1": "“Mendicants, I do not see a single thing that causes sentient beings to be reborn, when their body breaks up, after death, in a place of loss, a bad place, the underworld, hell like wrong view. ",
  "an1.312:1.2": "It is because they have wrong view that sentient beings, when their body breaks up, after death, are reborn in a place of loss, a bad place, the underworld, hell.” ",
  "an1.313:1.0": "313 ",
  "an1.313:1.1": "“Mendicants, I do not see a single thing that causes sentient beings to be reborn, when their body breaks up, after death, in a good place, a heavenly realm like right view. ",
  "an1.313:1.2": "It is because they have right view that sentient beings, when their body breaks up, after death, are reborn in a good place, a heavenly realm.” ",
  "an1.314:1.0": "314 ",
  "an1.314:1.1": "“Mendicants, when an individual has wrong view, whatever bodily, verbal, or mental deeds they undertake in line with that view, their intentions, aims, wishes, and choices all lead to what is unlikable, undesirable, disagreeable, harmful, and suffering. ",
  "an1.314:1.2": "Why is that? ",
  "an1.314:1.3": "Because their view is bad. ",
  "an1.314:1.4": "Suppose a seed of neem, angled gourd, or bitter gourd was planted in moist earth. Whatever nutrients it takes up from the earth and water would lead to its bitter, acerbic, and unpleasant taste. ",
  "an1.314:1.5": "Why is that? ",
  "an1.314:1.6": "Because the seed is bad. ",
  "an1.314:1.7": "In the same way, when an individual has wrong view, whatever bodily, verbal, or mental deeds they undertake in line with that view, their intentions, aims, wishes, and choices all lead to what is unlikable, undesirable, disagreeable, harmful, and suffering. ",
  "an1.314:1.8": "Why is that? ",
  "an1.314:1.9": "Because their view is bad.” ",
  "an1.315:1.0": "315 ",
  "an1.315:1.1": "“Mendicants, when an individual has right view, whatever bodily, verbal, or mental deeds they undertake in line with that view, their intentions, aims, wishes, and choices all lead to what is likable, desirable, agreeable, beneficial, and pleasant. ",
  "an1.315:1.2": "Why is that? ",
  "an1.315:1.3": "Because their view is good. ",
  "an1.315:1.4": "Suppose a seed of sugar cane, fine rice, or grape was planted in moist earth. Whatever nutrients it takes up from the earth and water would lead to its sweet, pleasant, delectable flavor. ",
  "an1.315:1.5": "Why is that? ",
  "an1.315:1.6": "Because the seed is good. ",
  "an1.315:1.7": "In the same way, when an individual has right view, whatever bodily, verbal, or mental deeds they undertake in line with that view, their intentions, aims, wishes, and choices all lead to what is likable, desirable, agreeable, beneficial, and pleasant. ",
  "an1.315:1.8": "Why is that? ",
  "an1.315:1.9": "Because their view is good.” "
}