{
  "an1.140:0.1": "Numbered Discourses 1.140–149 ",
  "an1.140:0.2": "The Chapter on Not the Teaching ",
  "an1.140:1.0": "140 ",
  "an1.140:1.1": "“Mendicants, those mendicants who explain what is not the teaching as not the teaching are acting for the welfare and happiness of the people, for the people, for the benefit, welfare, and happiness of gods and humans. ",
  "an1.140:1.2": "They brim with much merit and make the true teaching continue.” ",
  "an1.141:1.0": "141 ",
  "an1.141:1.1": "“Mendicants, those mendicants who explain what is the teaching as the teaching are acting for the welfare and happiness of the people, for the people, for the benefit, welfare, and happiness of gods and humans. ",
  "an1.141:1.2": "They brim with much merit and make the true teaching continue.” ",
  "an1.142-149:1.0": "142–149 ",
  "an1.142-149:1.1": "“Those mendicants who explain what is not found in the monastic law as not found in the monastic law … what is found in the monastic law as found in the monastic law … what was not spoken and stated by the Realized One as not spoken and stated by the Realized One … what was spoken and stated by the Realized One as spoken and stated by the Realized One … what was not practiced by the Realized One as not practiced by the Realized One … what was practiced by the Realized One as practiced by the Realized One … what was not prescribed by the Realized One as not prescribed by the Realized One … what was prescribed by the Realized One as prescribed by the Realized One … ",
  "an1.142-149:1.2": "are acting for the welfare and happiness of the people, for the people, for the benefit, welfare, and happiness of gods and humans. ",
  "an1.142-149:1.3": "They brim with much merit and make the true teaching continue.” "
}