{
  "an1.616:0.1": "Numbered Discourses 1.616–627 ",
  "an1.616:0.2": "The Chapter on Freedom From Death ",
  "an1.616:1.0": "616 ",
  "an1.616:1.1": "“Mendicants, those who don’t enjoy mindfulness of the body don’t enjoy freedom from death. ",
  "an1.616:1.2": "Those who enjoy mindfulness of the body enjoy freedom from death.” ",
  "an1.617:1.0": "617 ",
  "an1.617:1.1": "“Mendicants, those who haven’t enjoyed mindfulness of the body haven’t enjoyed freedom from death. ",
  "an1.617:1.2": "Those who have enjoyed mindfulness of the body have enjoyed freedom from death.” ",
  "an1.618:1.0": "618 ",
  "an1.618:1.1": "“Mendicants, those who have lost mindfulness of the body have lost freedom from death. ",
  "an1.618:1.2": "Those who haven’t lost mindfulness of the body haven’t lost freedom from death.” ",
  "an1.619:1.0": "619 ",
  "an1.619:1.1": "“Mendicants, those who have missed out on mindfulness of the body have missed out on freedom from death. ",
  "an1.619:1.2": "Those who have undertaken mindfulness of the body have not missed out on freedom from death.” ",
  "an1.620:1.0": "620 ",
  "an1.620:1.1": "“Mendicants, those who have neglected mindfulness of the body have neglected freedom from death. ",
  "an1.620:1.2": "Those who have not neglected mindfulness of the body have not neglected freedom from death.” ",
  "an1.621:1.0": "621 ",
  "an1.621:1.1": "“Mendicants, those who have forgotten mindfulness of the body have forgotten freedom from death. ",
  "an1.621:1.2": "Those who haven’t forgotten mindfulness of the body haven’t forgotten freedom from death.” ",
  "an1.622:1.0": "622 ",
  "an1.622:1.1": "“Mendicants, those who haven’t cultivated mindfulness of the body haven’t cultivated freedom from death. ",
  "an1.622:1.2": "Those who have cultivated mindfulness of the body have cultivated freedom from death.” ",
  "an1.623:1.0": "623 ",
  "an1.623:1.1": "“Mendicants, those who haven’t developed mindfulness of the body haven’t developed freedom from death. ",
  "an1.623:1.2": "Those who have developed mindfulness of the body have developed freedom from death.” ",
  "an1.624:1.0": "624 ",
  "an1.624:1.1": "“Mendicants, those who haven’t made much of mindfulness of the body haven’t made much of the deathless. ",
  "an1.624:1.2": "Those who have made much of mindfulness of the body have made much of the deathless.” ",
  "an1.625:1.0": "625 ",
  "an1.625:1.1": "“Mendicants, those who haven’t had insight into mindfulness of the body haven’t had insight into freedom from death. ",
  "an1.625:1.2": "Those who have had insight into mindfulness of the body have had insight into freedom from death.” ",
  "an1.626:1.0": "626 ",
  "an1.626:1.1": "“Mendicants, those who haven’t completely understood mindfulness of the body haven’t completely understood freedom from death. ",
  "an1.626:1.2": "Those who have completely understood mindfulness of the body have completely understood freedom from death.” ",
  "an1.627:1.0": "627 ",
  "an1.627:1.1": "“Mendicants, those who haven’t realized mindfulness of the body haven’t realized freedom from death. ",
  "an1.627:1.2": "Those who have realized mindfulness of the body have realized freedom from death.” ",
  "an1.627:1.3": "The thousand discourses of the Ones are completed. ",
  "an1.627:2.1": "That is what the Buddha said. ",
  "an1.627:2.2": "Satisfied, the mendicants approved what the Buddha said. ",
  "an1.627:2.4": "The Book of the Ones is finished. "
}