{
  "an1.394:0.1": "Numbered Discourses 1.394–574 ",
  "an1.394:0.2": "Another Chapter on a Finger-Snap ",
  "an1.394:1.0": "394 ",
  "an1.394:1.1": "“If, mendicants, a mendicant develops the first absorption, even as long as a finger-snap, they are called ",
  "an1.394:1.2": "a mendicant who does not lack absorption, who follows the Teacher’s instructions, who responds to advice, and who does not eat the country’s alms in vain. ",
  "an1.394:1.3": "How much more so those who make much of it!” ",
  "an1.395:1.0": "395–401 ",
  "an1.395:1.1": "“If, mendicants, a mendicant develops the second … ",
  "an1.396:1.1": "third … ",
  "an1.397:1.1": "or fourth absorption … ",
  "an1.398:1.1": "or the heart’s release by love … ",
  "an1.399:1.1": "or the heart’s release by compassion … ",
  "an1.400:1.1": "or the heart’s release by rejoicing … ",
  "an1.401:1.1": "or the heart’s release by equanimity, even as long as a finger-snap … ",
  "an1.402:1.0": "402–405 ",
  "an1.402:1.1": "If a mendicant meditates by observing an aspect of the body … ",
  "an1.403:1.1": "feelings … ",
  "an1.404:1.1": "mind … ",
  "an1.405:1.1": "principles—keen, aware, and mindful, rid of covetousness and displeasure for the world, even for the time of a finger-snap … ",
  "an1.406:1.0": "406–409 ",
  "an1.406:1.1": "If they generate enthusiasm, try, make an effort, exert the mind, and strive so that bad, unskillful qualities don’t arise, even for the time of a finger-snap … ",
  "an1.407:1.1": "If they generate enthusiasm, try, make an effort, exert the mind, and strive so that bad, unskillful qualities that have arisen are given up, even for the time of a finger-snap … ",
  "an1.408:1.1": "If they generate enthusiasm, try, make an effort, exert the mind, and strive so that skillful qualities that have not arisen do arise, even for the time of a finger-snap … ",
  "an1.409:1.1": "If they generate enthusiasm, try, make an effort, exert the mind, and strive so that skillful qualities that have arisen remain, are not lost, but increase, mature, and are fulfilled by development, even for the time of a finger-snap … ",
  "an1.410:1.0": "410–413 ",
  "an1.410:1.1": "If they develop the basis of psychic power that has immersion due to enthusiasm, and active effort … ",
  "an1.411:1.1": "the basis of psychic power that has immersion due to energy, and active effort … ",
  "an1.412:1.1": "the basis of psychic power that has immersion due to mental development, and active effort … ",
  "an1.413:1.1": "the basis of psychic power that has immersion due to inquiry, and active effort, even for the time of a finger-snap … ",
  "an1.414:1.0": "414–418 ",
  "an1.414:1.1": "If they develop the faculty of faith … ",
  "an1.415:1.1": "the faculty of energy … ",
  "an1.416:1.1": "the faculty of mindfulness … ",
  "an1.417:1.1": "the faculty of immersion … ",
  "an1.418:1.1": "the faculty of wisdom, even for the time of a finger-snap … ",
  "an1.419:1.0": "419–423 ",
  "an1.419:1.1": "If they develop the power of faith … ",
  "an1.420:1.1": "the power of energy … ",
  "an1.421:1.1": "the power of mindfulness … ",
  "an1.422:1.1": "the power of immersion … ",
  "an1.423:1.1": "the power of wisdom, even for the time of a finger-snap … ",
  "an1.424:1.0": "424–430 ",
  "an1.424:1.1": "If they develop the awakening factor of mindfulness … ",
  "an1.425:1.1": "the awakening factor of investigation of principles … ",
  "an1.426:1.1": "the awakening factor of energy … ",
  "an1.427:1.1": "the awakening factor of rapture … ",
  "an1.428:1.1": "the awakening factor of tranquility … ",
  "an1.429:1.1": "the awakening factor of immersion … ",
  "an1.430:1.1": "the awakening factor of equanimity, even for the time of a finger-snap … ",
  "an1.431:1.0": "431–438 ",
  "an1.431:1.1": "If they develop right view … ",
  "an1.432:1.1": "right thought … ",
  "an1.433:1.1": "right speech … ",
  "an1.434:1.1": "right action … ",
  "an1.435:1.1": "right livelihood … ",
  "an1.436:1.1": "right effort … ",
  "an1.437:1.1": "right mindfulness … ",
  "an1.438:1.1": "right immersion, even for the time of a finger-snap … ",
  "an1.439:1.0": "439–446 ",
  "an1.439:1.1": "Perceiving form internally, they see forms externally, limited, both pretty and ugly. ",
  "an1.439:1.2": "Mastering them, they are aware that: ",
  "an1.439:1.3": "‘I know and see.’ … ",
  "an1.440:1.1": "Perceiving form internally, they see forms externally, limitless, both pretty and ugly. ",
  "an1.440:1.2": "Mastering them, they are aware that: ",
  "an1.440:1.3": "‘I know and see.’ … ",
  "an1.441:1.1": "Not perceiving form internally, they see forms externally, limited, both pretty and ugly. ",
  "an1.441:1.2": "Mastering them, they are aware that: ",
  "an1.441:1.3": "‘I know and see.’ … ",
  "an1.442:1.1": "Not perceiving form internally, they see forms externally, limitless, both pretty and ugly. ",
  "an1.442:1.2": "Mastering them, they are aware that: ",
  "an1.442:1.3": "‘I know and see.’ … ",
  "an1.443:1.1": "Not perceiving form internally, they see forms externally that are blue, with blue color and blue appearance. ",
  "an1.443:1.2": "Mastering them, they are aware that: ",
  "an1.443:1.3": "‘I know and see.’ … ",
  "an1.444:1.1": "Not perceiving form internally, they see forms externally that are yellow, with yellow color and yellow appearance. ",
  "an1.444:1.2": "Mastering them, they are aware that: ",
  "an1.444:1.3": "‘I know and see.’ … ",
  "an1.445:1.1": "Not perceiving form internally, they see forms externally that are red, with red color and red appearance. ",
  "an1.445:1.2": "Mastering them, they are aware that: ",
  "an1.445:1.3": "‘I know and see.’ … ",
  "an1.446:1.1": "Not perceiving form internally, they see forms externally that are white, with white color and white appearance. ",
  "an1.446:1.2": "Mastering them, they are aware that: ",
  "an1.446:1.3": "‘I know and see.’ … ",
  "an1.447:1.0": "447–454 ",
  "an1.447:1.1": "Having physical form, they see forms … ",
  "an1.448:1.1": "not perceiving form internally, they see forms externally … ",
  "an1.449:1.1": "they’re focused only on beauty … ",
  "an1.450:1.1": "going totally beyond perceptions of form, with the disappearance of perceptions of impingement, not focusing on perceptions of diversity, aware that ‘space is infinite’, they enter and remain in the dimension of infinite space … ",
  "an1.451:1.1": "going totally beyond the dimension of infinite space, aware that ‘consciousness is infinite’, they enter and remain in the dimension of infinite consciousness … ",
  "an1.452:1.1": "going totally beyond the dimension of infinite consciousness, aware that ‘there is nothing at all’, they enter and remain in the dimension of nothingness … ",
  "an1.453:1.1": "going totally beyond the dimension of nothingness, they enter and remain in the dimension of neither perception nor non-perception … ",
  "an1.454:1.1": "going totally beyond the dimension of neither perception nor non-perception, they enter and remain in the cessation of perception and feeling … ",
  "an1.455:1.0": "455–464 ",
  "an1.455:1.1": "They develop the meditation on universal earth … ",
  "an1.456:1.1": "the meditation on universal water … ",
  "an1.457:1.1": "the meditation on universal fire … ",
  "an1.458:1.1": "the meditation on universal air … ",
  "an1.459:1.1": "the meditation on universal blue … ",
  "an1.460:1.1": "the meditation on universal yellow … ",
  "an1.461:1.1": "the meditation on universal red … ",
  "an1.462:1.1": "the meditation on universal white … ",
  "an1.463:1.1": "the meditation on universal space … ",
  "an1.464:1.1": "the meditation on universal consciousness … ",
  "an1.465:1.0": "465–474 ",
  "an1.465:1.1": "They develop the perception of ugliness … ",
  "an1.466:1.1": "the perception of death … ",
  "an1.467:1.1": "the perception of the repulsiveness of food … ",
  "an1.468:1.1": "the perception of dissatisfaction with the whole world … ",
  "an1.469:1.1": "the perception of impermanence … ",
  "an1.470:1.1": "the perception of suffering in impermanence … ",
  "an1.471:1.1": "the perception of not-self in suffering … ",
  "an1.472:1.1": "the perception of giving up … ",
  "an1.473:1.1": "the perception of fading away … ",
  "an1.474:1.1": "the perception of cessation … ",
  "an1.475:1.0": "475–484 ",
  "an1.475:1.1": "They develop the perception of impermanence … ",
  "an1.476:1.1": "the perception of not-self … ",
  "an1.477:1.1": "the perception of death … ",
  "an1.478:1.1": "the perception of the repulsiveness of food … ",
  "an1.479:1.1": "the perception of dissatisfaction with the whole world … ",
  "an1.480:1.1": "the perception of a skeleton … ",
  "an1.481:1.1": "the perception of the worm-infested corpse … ",
  "an1.482:1.1": "the perception of the livid corpse … ",
  "an1.483:1.1": "the perception of the split open corpse … ",
  "an1.484:1.1": "the perception of the bloated corpse … ",
  "an1.485:1.0": "485–494 ",
  "an1.485:1.1": "They develop the recollection of the Buddha … ",
  "an1.486:1.1": "the recollection of the teaching … ",
  "an1.487:1.1": "the recollection of the Saṅgha … ",
  "an1.488:1.1": "the recollection of ethical conduct … ",
  "an1.489:1.1": "the recollection of generosity … ",
  "an1.490:1.1": "the recollection of the deities … ",
  "an1.491:1.1": "mindfulness of breathing … ",
  "an1.492:1.1": "the recollection of death … ",
  "an1.493:1.1": "mindfulness of the body … ",
  "an1.494:1.1": "the recollection of peace … ",
  "an1.495:1.0": "495–574 ",
  "an1.495:1.1": "They develop the faculty of faith together with the first absorption … ",
  "an1.496:1.1": "the faculty of energy … ",
  "an1.497:1.1": "the faculty of mindfulness … ",
  "an1.498:1.1": "the faculty of immersion … ",
  "an1.499:1.1": "the faculty of wisdom … ",
  "an1.500:1.1": "the power of faith … ",
  "an1.501:1.1": "the power of energy … ",
  "an1.502:1.1": "the power of mindfulness … ",
  "an1.503:1.1": "the power of immersion … ",
  "an1.504:1.1": "the power of wisdom together with the first absorption … ",
  "an1.505-514:1.1": "Together with the second absorption … ",
  "an1.515-524:1.1": "the third absorption … ",
  "an1.525-534:1.1": "the fourth absorption … ",
  "an1.535-544:1.1": "love … ",
  "an1.545-554:1.1": "compassion … ",
  "an1.555-564:1.1": "rejoicing … ",
  "an1.565:1.1": "They develop the faculty of faith together with equanimity … ",
  "an1.566:1.1": "They develop the faculty of energy … ",
  "an1.567:1.1": "the faculty of mindfulness … ",
  "an1.568:1.1": "the faculty of immersion … ",
  "an1.569:1.1": "the faculty of wisdom … ",
  "an1.570:1.1": "the power of faith … ",
  "an1.571:1.1": "the power of energy … ",
  "an1.572:1.1": "the power of mindfulness … ",
  "an1.573:1.1": "the power of immersion … ",
  "an1.574:1.1": "the power of wisdom. ",
  "an1.574:2.1": "That mendicant is called ",
  "an1.574:2.2": "a mendicant who does not lack absorption, who follows the Teacher’s instructions, who responds to advice, and who does not eat the country’s alms in vain. ",
  "an1.574:2.3": "How much more so those who make much of it!” "
}