{
  "an1.296:0.1": "Numbered Discourses 1.296–305 ",
  "an1.296:0.2": "Chapter One ",
  "an1.296:1.0": "296 ",
  "an1.296:1.1": "“One thing, mendicants, when developed and cultivated, leads solely to disillusionment, dispassion, cessation, peace, insight, awakening, and extinguishment. ",
  "an1.296:1.2": "What one thing? ",
  "an1.296:1.3": "Recollection of the Buddha. ",
  "an1.296:1.4": "This one thing, when developed and cultivated, leads solely to disillusionment, dispassion, cessation, peace, insight, awakening, and extinguishment.” ",
  "an1.297-305:1.0": "297–305 ",
  "an1.297-305:1.1": "“One thing, mendicants, when developed and cultivated, leads solely to disillusionment, dispassion, cessation, peace, insight, awakening, and extinguishment. ",
  "an1.297-305:1.2": "What one thing? ",
  "an1.297-305:1.3": "Recollection of the teaching … Recollection of the Saṅgha … Recollection of ethical conduct … Recollection of generosity … Recollection of the deities … Mindfulness of breathing … Mindfulness of death … Mindfulness of the body … Recollection of peace. ",
  "an1.297-305:1.4": "This one thing, when developed and cultivated, leads solely to disillusionment, dispassion, cessation, peace, insight, awakening, and extinguishment.” "
}