{
  "an1.98:0.1": "Numbered Discourses 1.98–139 ",
  "an1.98:0.2": "The Chapter on Negligence ",
  "an1.98:1.0": "98 ",
  "an1.98:1.1": "“Taking into account interior factors, mendicants, I do not see a single one that is so very harmful as negligence. ",
  "an1.98:1.2": "Negligence is very harmful.” ",
  "an1.99:1.0": "99 ",
  "an1.99:1.1": "“Taking into account interior factors, mendicants, I do not see a single one that is so very beneficial as diligence. ",
  "an1.99:1.2": "Diligence is very beneficial.” ",
  "an1.100:1.0": "100 ",
  "an1.100:1.1": "“Taking into account interior factors, mendicants, I do not see a single one that is so very harmful as laziness. ",
  "an1.100:1.2": "Laziness is very harmful.” ",
  "an1.101:1.0": "101 ",
  "an1.101:1.1": "“Taking into account interior factors, mendicants, I do not see a single one that is so very beneficial as arousing energy. ",
  "an1.101:1.2": "Arousing energy is very beneficial.” ",
  "an1.102-109:1.0": "102–109 ",
  "an1.102-109:1.1": "“Taking into account interior factors, mendicants, I do not see a single one that is so very harmful as having many wishes … having few wishes … lack of contentment … contentment … irrational application of mind … rational application of mind … lack of situational awareness … situational awareness …” ",
  "an1.110:1.0": "110 ",
  "an1.110:1.1": "“Taking into account exterior factors, mendicants, I do not see a single one that is so very harmful as bad friends. ",
  "an1.110:1.2": "Bad friends are very harmful.” ",
  "an1.111:1.0": "111 ",
  "an1.111:1.1": "“Taking into account exterior factors, mendicants, I do not see a single one that is so very beneficial as good friends. ",
  "an1.111:1.2": "Good friends are very beneficial.” ",
  "an1.112:1.0": "112 ",
  "an1.112:1.1": "“Taking into account interior factors, mendicants, I do not see a single one that is so very harmful as pursuing bad habits and not good habits. ",
  "an1.112:1.2": "Pursuing bad habits and not good habits is very harmful.” ",
  "an1.113:1.0": "113 ",
  "an1.113:1.1": "“Taking into account interior factors, mendicants, I do not see a single one that is so very beneficial as pursuing good habits and not bad habits. ",
  "an1.113:1.2": "Pursuing good habits and not bad habits is very beneficial.” ",
  "an1.114:1.0": "114 ",
  "an1.114:1.1": "“Mendicants, I do not see a single thing that leads to the decline and disappearance of the true teaching like negligence. ",
  "an1.114:1.2": "Negligence leads to the decline and disappearance of the true teaching.” ",
  "an1.115:1.0": "115 ",
  "an1.115:1.1": "“Mendicants, I do not see a single thing that leads to the continuation, persistence, and enduring of the true teaching like diligence. ",
  "an1.115:1.2": "Diligence leads to the continuation, persistence, and enduring of the true teaching.” ",
  "an1.116:1.0": "116 ",
  "an1.116:1.1": "“Mendicants, I do not see a single thing that leads to the decline and disappearance of the true teaching like laziness. ",
  "an1.116:1.2": "Laziness leads to the decline and disappearance of the true teaching.” ",
  "an1.117:1.0": "117 ",
  "an1.117:1.1": "“Mendicants, I do not see a single thing that leads to the continuation, persistence, and enduring of the true teaching like arousing energy. ",
  "an1.117:1.2": "Arousing energy leads to the continuation, persistence, and enduring of the true teaching.” ",
  "an1.118-128:1.0": "118–128 ",
  "an1.118-128:1.1": "“Mendicants, I do not see a single thing that leads to the decline and disappearance of the true teaching like having many wishes … having few wishes … lack of contentment … contentment … irrational application of mind … rational application of mind … lack of situational awareness … situational awareness … bad friends … good friends … pursuing bad habits and not good habits. ",
  "an1.118-128:1.2": "Pursuing bad habits and not good habits leads to the decline and disappearance of the true teaching.” ",
  "an1.129:1.0": "129 ",
  "an1.129:1.1": "“Mendicants, I do not see a single thing that leads to the continuation, persistence, and enduring of the true teaching like pursuing good habits and not bad habits. ",
  "an1.129:1.2": "Pursuing good habits and not bad habits leads to the continuation, persistence, and enduring of the true teaching” ",
  "an1.130:1.0": "130 ",
  "an1.130:1.1": "“Mendicants, those mendicants who explain what is not the teaching as the teaching are acting for the detriment and suffering of the people, against the people, for the harm, detriment, and suffering of gods and humans. ",
  "an1.130:1.2": "They brim with much wickedness and make the true teaching disappear.” ",
  "an1.131:1.0": "131 ",
  "an1.131:1.1": "“Mendicants, those mendicants who explain what is the teaching as not the teaching are acting for the detriment and suffering of the people, against the people, for the harm, detriment, and suffering of gods and humans. ",
  "an1.131:1.2": "They brim with much wickedness and make the true teaching disappear.” ",
  "an1.132-139:1.0": "132–139 ",
  "an1.132-139:1.1": "“Those mendicants who explain what is not found in the monastic law as found in the monastic law … what is found in the monastic law as not found in the monastic law … what was not spoken and stated by the Realized One as spoken and stated by the Realized One … what was spoken and stated by the Realized One as not spoken and stated by the Realized One … what was not practiced by the Realized One as practiced by the Realized One … what was practiced by the Realized One as not practiced by the Realized One … what was not prescribed by the Realized One as prescribed by the Realized One … what was prescribed by the Realized One as not prescribed by the Realized One ",
  "an1.132-139:1.2": "are acting for the detriment and suffering of the people, against the people, for the harm, detriment, and suffering of gods and humans. ",
  "an1.132-139:1.3": "They brim with much wickedness and make the true teaching disappear.” "
}