{
  "an10.185:0.1": "Numbered Discourses 10.185 ",
  "an10.185:0.2": "18. Good ",
  "an10.185:0.3": "Mortifying ",
  "an10.185:1.1": "“I will teach you the mortifying principle and the unmortifying. … ",
  "an10.185:1.2": "",
  "an10.185:1.3": "And what is the mortifying principle? ",
  "an10.185:1.4": "Killing living creatures … ",
  "an10.185:1.5": "wrong view. ",
  "an10.185:1.6": "This is called the mortifying principle. ",
  "an10.185:2.1": "And what is the unmortifying principle? ",
  "an10.185:2.2": "Not killing living creatures … ",
  "an10.185:2.3": "right view. ",
  "an10.185:2.4": "This is called the unmortifying principle.” "
}