{
  "an10.136:0.1": "Numbered Discourses 10.136 ",
  "an10.136:0.2": "14. Good ",
  "an10.136:0.3": "Unskillful ",
  "an10.136:1.1": "“I will teach you the skillful and the unskillful … ",
  "an10.136:1.2": "",
  "an10.136:1.3": "And what is the unskillful? ",
  "an10.136:1.4": "Wrong view, wrong thought, wrong speech, wrong action, wrong livelihood, wrong effort, wrong mindfulness, wrong immersion, wrong knowledge, and wrong freedom. ",
  "an10.136:1.5": "This is called the unskillful. ",
  "an10.136:1.6": "And what is the skillful? ",
  "an10.136:1.7": "Right view, right thought, right speech, right action, right livelihood, right effort, right mindfulness, right immersion, right knowledge, and right freedom. ",
  "an10.136:1.8": "This is called the skillful.” "
}