{
  "an10.63:0.1": "Numbered Discourses 10.63 ",
  "an10.63:0.2": "7. Pairs ",
  "an10.63:0.3": "Come to a Conclusion ",
  "an10.63:1.1": "“Mendicants, all those who have come to a conclusion about me are accomplished in view. ",
  "an10.63:1.2": "Of those who are accomplished in view, five conclude their path in this realm, and five conclude their path after leaving this realm behind. ",
  "an10.63:1.3": "Which five conclude their path in this realm? ",
  "an10.63:1.4": "The one who has seven rebirths at most, the one who goes from family to family, the one-seeder, the once returner, and the one who is perfected in this very life. ",
  "an10.63:1.5": "These five conclude their path in this realm. ",
  "an10.63:1.6": "Which five conclude their path after leaving this realm behind? ",
  "an10.63:1.7": "The one who is extinguished between one life and the next, the one who is extinguished upon landing, the one who is extinguished without extra effort, the one who is extinguished with extra effort, and the one who heads upstream, going to the Akaniṭṭha realm. ",
  "an10.63:1.8": "These five conclude their path after leaving this realm behind. ",
  "an10.63:1.9": "All those who have come to a conclusion about me are accomplished in view. ",
  "an10.63:1.10": "Of those who are accomplished in view, these five conclude their path in this realm, and these five conclude their path after leaving this realm behind.” "
}