{
  "an10.86:0.1": "Numbered Discourses 10.86 ",
  "an10.86:0.2": "9. Senior Mendicants ",
  "an10.86:0.3": "Overestimation ",
  "an10.86:1.1": "At one time Venerable Mahākassapa was staying near Rājagaha, in the Bamboo Grove, the squirrels’ feeding ground. ",
  "an10.86:1.2": "There he addressed the mendicants: ",
  "an10.86:1.3": "“Reverends, mendicants!” ",
  "an10.86:1.4": "“Reverend,” they replied. ",
  "an10.86:1.5": "Venerable Mahākassapa said this: ",
  "an10.86:2.1": "“Take a mendicant who declares enlightenment: ",
  "an10.86:2.2": "‘I understand: “Rebirth is ended, the spiritual journey has been completed, what had to be done has been done, there is nothing further for this place.”’ ",
  "an10.86:2.3": "They’re pursued, pressed, and grilled by the Realized One, or by one of his disciples who has the absorptions, and is skilled in attainments, in the minds of others, and in encompassing another’s mind. ",
  "an10.86:2.4": "Grilled in this way they get stuck or lose their way. They fall to ruin and disaster. ",
  "an10.86:3.1": "The Realized One or one of his disciples encompasses their mind and investigates: ",
  "an10.86:3.2": "‘Why does this venerable declare enlightenment, saying, ",
  "an10.86:3.3": "“I understand: ‘Rebirth is ended, the spiritual journey has been completed, what had to be done has been done, there is nothing further for this place.’?”’ ",
  "an10.86:4.1": "They understand, ",
  "an10.86:5.1": "‘This venerable overestimates themselves and takes that to be the truth. They perceive that they’ve attained what they haven’t attained, done what they haven’t done, and achieved what they haven’t achieved. ",
  "an10.86:5.2": "And they declare enlightenment out of overestimation: ",
  "an10.86:5.3": "“I understand: ‘Rebirth is ended, the spiritual journey has been completed, what had to be done has been done, there is nothing further for this place.’”’ ",
  "an10.86:6.1": "The Realized One or one of his disciples encompasses their mind and investigates: ",
  "an10.86:6.2": "‘Why does this venerable overestimate themselves and take that to be the truth? Why do they perceive that they’ve attained what they haven’t attained, done what they haven’t done, and achieved what they haven’t achieved? ",
  "an10.86:6.3": "And why do they declare enlightenment out of overestimation: ",
  "an10.86:6.4": "“I understand: ‘Rebirth is ended, the spiritual journey has been completed, what had to be done has been done, there is nothing further for this place.’”’ ",
  "an10.86:7.1": "They understand, ",
  "an10.86:8.1": "‘This venerable is very learned, remembering and keeping what they’ve learned. These teachings are good in the beginning, good in the middle, and good in the end, meaningful and well-phrased, describing a spiritual practice that’s entirely full and pure. They are very learned in such teachings, remembering them, rehearsing them, mentally scrutinizing them, and penetrating them theoretically. ",
  "an10.86:8.2": "Therefore this venerable overestimates themselves and takes that to be the truth. …’ ",
  "an10.86:8.3": "",
  "an10.86:8.4": "",
  "an10.86:9.1": "They understand, ",
  "an10.86:10.1": "‘This venerable is covetous, ",
  "an10.86:10.2": "and often lives with a heart full covetousness. ",
  "an10.86:10.3": "Being full of covetousness means decline in the teaching and training proclaimed by the Realized One. ",
  "an10.86:11.1": "This venerable has ill will … ",
  "an10.86:11.2": "",
  "an10.86:11.3": "",
  "an10.86:12.1": "dullness and drowsiness … ",
  "an10.86:12.2": "",
  "an10.86:12.3": "",
  "an10.86:13.1": "restlessness … ",
  "an10.86:13.2": "",
  "an10.86:13.3": "",
  "an10.86:14.1": "doubt … ",
  "an10.86:14.2": "",
  "an10.86:14.3": "",
  "an10.86:15.1": "This venerable relishes work. They love it and like to relish it … ",
  "an10.86:15.2": "",
  "an10.86:16.1": "This venerable relishes talk … ",
  "an10.86:16.2": "",
  "an10.86:17.1": "sleep … ",
  "an10.86:17.2": "",
  "an10.86:18.1": "company … ",
  "an10.86:18.2": "",
  "an10.86:19.1": "When there is still more to be done, this venerable stopped half-way after achieving some trifling distinction. ",
  "an10.86:19.2": "Stopping half-way means decline in the teaching and training proclaimed by the Realized One.’ ",
  "an10.86:20.1": "It is quite impossible for a mendicant to achieve growth, improvement, or maturity in this teaching and training without giving up these ten qualities. ",
  "an10.86:20.2": "It is quite possible for a mendicant to achieve growth, improvement, or maturity in this teaching and training after giving up these ten qualities.” "
}