{
  "an10.224:0.1": "Numbered Discourses 10.224 ",
  "an10.224:0.2": "22. Similarity ",
  "an10.224:0.3": "Untitled Discourse on Forty Qualities ",
  "an10.224:1.1": "“Someone with forty qualities is cast down to hell. ",
  "an10.224:1.2": "What forty? ",
  "an10.224:1.3": "They kill living creatures, steal, and commit sexual misconduct. They use speech that’s false, divisive, harsh, or nonsensical. They’re covetous, malicious, with wrong view. They encourage others to do these things. They approve of these things. And they praise these things. ",
  "an10.224:1.4": "",
  "an10.224:1.5": "",
  "an10.224:1.6": "",
  "an10.224:1.7": "",
  "an10.224:1.8": "",
  "an10.224:1.9": "",
  "an10.224:1.10": "",
  "an10.224:1.11": "",
  "an10.224:1.12": "",
  "an10.224:1.13": "Someone with these forty qualities is cast down to hell. ",
  "an10.224:2.1": "Someone with forty qualities is raised up to heaven. ",
  "an10.224:2.2": "What forty? ",
  "an10.224:2.3": "They don’t kill living creatures, steal, or commit sexual misconduct. They don’t use speech that’s false, divisive, harsh, or nonsensical. They’re contented, kind-hearted, with right view. They encourage others to do these things. They approve of these things. And they praise these things. ",
  "an10.224:2.4": "",
  "an10.224:2.5": "",
  "an10.224:2.6": "",
  "an10.224:2.7": "",
  "an10.224:2.8": "",
  "an10.224:2.9": "",
  "an10.224:2.10": "",
  "an10.224:2.11": "",
  "an10.224:2.12": "",
  "an10.224:2.13": "Someone with these forty qualities is raised up to heaven.” "
}