{
  "an10.184:0.1": "Numbered Discourses 10.184 ",
  "an10.184:0.2": "18. Good ",
  "an10.184:0.3": "Blameworthy ",
  "an10.184:1.1": "“I will teach you the blameworthy principle and the blameless. … ",
  "an10.184:1.2": "",
  "an10.184:1.3": "And what is the blameworthy principle? ",
  "an10.184:1.4": "Killing living creatures … ",
  "an10.184:1.5": "wrong view. ",
  "an10.184:1.6": "This is called the blameworthy principle. ",
  "an10.184:2.1": "And what is the blameless principle? ",
  "an10.184:2.2": "Not killing living creatures … ",
  "an10.184:2.3": "right view. ",
  "an10.184:2.4": "This is called the blameless principle.” "
}