{
  "an10.214:0.1": "Numbered Discourses 10.214 ",
  "an10.214:0.2": "21. The Body Born of Deeds ",
  "an10.214:0.3": "A Laywoman ",
  "an10.214:1.1": "“A laywoman with ten qualities is cast down to hell. ",
  "an10.214:1.2": "What ten? ",
  "an10.214:1.3": "She kills living creatures. … ",
  "an10.214:1.4": "She has wrong view. … ",
  "an10.214:1.5": "A laywoman with these ten qualities is cast down to hell. ",
  "an10.214:2.1": "A laywoman with ten qualities is raised up to heaven. ",
  "an10.214:2.2": "What ten? ",
  "an10.214:2.3": "She doesn’t kill living creatures. … ",
  "an10.214:2.4": "She has right view. … ",
  "an10.214:2.5": "A laywoman with these ten qualities is raised up to heaven.” "
}