{
  "an10.3:0.1": "Numbered Discourses 10.3 ",
  "an10.3:0.2": "1. Benefits ",
  "an10.3:0.3": "Vital Conditions (1st) ",
  "an10.3:1.1": "“Mendicants, an unethical person, who lacks ethics, has destroyed a vital condition for having no regrets. ",
  "an10.3:1.2": "When there are regrets, one who has regrets has destroyed a vital condition for joy. ",
  "an10.3:1.3": "When there is no joy, one who lacks joy has destroyed a vital condition for rapture. ",
  "an10.3:1.4": "When there is no rapture, one who lacks rapture has destroyed a vital condition for tranquility. ",
  "an10.3:1.5": "When there is no tranquility, one who lacks tranquility has destroyed a vital condition for bliss. ",
  "an10.3:1.6": "When there is no bliss, one who lacks bliss has destroyed a vital condition for right immersion. ",
  "an10.3:1.7": "When there is no right immersion, one who lacks right immersion has destroyed a vital condition for true knowledge and vision. ",
  "an10.3:1.8": "When there is no true knowledge and vision, one who lacks true knowledge and vision has destroyed a vital condition for disillusionment and dispassion. ",
  "an10.3:1.9": "When there is no disillusionment and dispassion, one who lacks disillusionment and dispassion has destroyed a vital condition for knowledge and vision of freedom. ",
  "an10.3:1.10": "Suppose there was a tree that lacked branches and foliage. Its shoots, bark, softwood, and heartwood would not grow to fullness. ",
  "an10.3:1.11": "In the same way, an unethical person, who lacks ethics, has destroyed a vital condition for having no regrets. ",
  "an10.3:1.12": "When there are regrets, one who has regrets has destroyed a vital condition for joy. … ",
  "an10.3:1.13": "One who lacks disillusionment and dispassion has destroyed a vital condition for knowledge and vision of freedom. ",
  "an10.3:2.1": "An ethical person, who has fulfilled ethics, has fulfilled a vital condition for not having regrets. ",
  "an10.3:2.2": "When there are no regrets, one who has no regrets has fulfilled a vital condition for joy. ",
  "an10.3:2.3": "When there is joy, one who has fulfilled joy has fulfilled a vital condition for rapture. ",
  "an10.3:2.4": "When there is rapture, one who has fulfilled rapture has fulfilled a vital condition for tranquility. ",
  "an10.3:2.5": "When there is tranquility, one who has fulfilled tranquility has fulfilled a vital condition for bliss. ",
  "an10.3:2.6": "When there is bliss, one who has fulfilled bliss has fulfilled a vital condition for right immersion. ",
  "an10.3:2.7": "When there is right immersion, one who has fulfilled right immersion has fulfilled a vital condition for true knowledge and vision. ",
  "an10.3:2.8": "When there is true knowledge and vision, one who has fulfilled true knowledge and vision has fulfilled a vital condition for disillusionment and dispassion. ",
  "an10.3:2.9": "When there is disillusionment and dispassion, one who has fulfilled disillusionment and dispassion has fulfilled a vital condition for knowledge and vision of freedom. ",
  "an10.3:2.10": "Suppose there was a tree that was complete with branches and foliage. Its shoots, bark, softwood, and heartwood would grow to fullness. ",
  "an10.3:2.11": "In the same way, an ethical person, who has fulfilled ethics, has fulfilled a vital condition for not having regrets. ",
  "an10.3:2.12": "When there are no regrets, one who has no regrets has fulfilled a vital condition for joy. … ",
  "an10.3:2.13": "One who has fulfilled disillusionment and dispassion has fulfilled a vital condition for knowledge and vision of freedom.” "
}