{
  "an10.145:0.1": "Numbered Discourses 10.145 ",
  "an10.145:0.2": "15. The Noble Path ",
  "an10.145:0.3": "The Noble Path ",
  "an10.145:1.1": "“I will teach you the noble path and the ignoble path. … ",
  "an10.145:1.2": "",
  "an10.145:1.3": "And what is the ignoble path? ",
  "an10.145:1.4": "Wrong view, wrong thought, wrong speech, wrong action, wrong livelihood, wrong effort, wrong mindfulness, wrong immersion, wrong knowledge, and wrong freedom. ",
  "an10.145:1.5": "This is called the ignoble path. ",
  "an10.145:1.6": "And what is the noble path? ",
  "an10.145:1.7": "Right view, right thought, right speech, right action, right livelihood, right effort, right mindfulness, right immersion, right knowledge, and right freedom. ",
  "an10.145:1.8": "This is called the noble path.” "
}