{
  "an10.9:0.1": "Numbered Discourses 10.9 ",
  "an10.9:0.2": "1. Benefits ",
  "an10.9:0.3": "Inspiring All Around: the Peaceful Liberations ",
  "an10.9:1.1": "“A mendicant is faithful, but not ethical. … ",
  "an10.9:1.2": "they’re not learned. … ",
  "an10.9:1.3": "they’re not a Dhamma speaker … ",
  "an10.9:1.4": "they don’t frequent assemblies … ",
  "an10.9:1.5": "they don’t teach Dhamma to the assembly with assurance … ",
  "an10.9:1.6": "they’re not an expert in the training … ",
  "an10.9:1.7": "they don’t stay in the wilderness, in remote lodgings … ",
  "an10.9:1.8": "they don’t have direct meditative experience of the peaceful liberations that are formless, transcending form … ",
  "an10.9:1.9": "they don’t realize the undefiled freedom of heart and freedom by wisdom in this very life, and live having realized it with their own insight due to the ending of defilements. ",
  "an10.9:1.10": "So they’re incomplete in that respect, ",
  "an10.9:1.11": "and should fulfill it, thinking: ",
  "an10.9:1.12": "‘How can I become faithful, ethical, and learned, a Dhamma speaker, one who frequents assemblies, one who teaches Dhamma to the assembly with assurance, an expert in the training, one who lives in the wilderness, in remote lodgings, one who gets the formless liberations, and one who lives having realized the ending of defilements?’ ",
  "an10.9:2.1": "When they’re faithful, ethical, and learned, a Dhamma speaker, one who frequents assemblies, one who teaches Dhamma to the assembly with assurance, an expert in the monastic law, one who lives in the wilderness, in remote lodgings, one who gets the formless liberations, and one who lives having realized the ending of defilements, ",
  "an10.9:2.2": "they’re complete in that respect. ",
  "an10.9:2.3": "A mendicant who possesses these ten qualities is impressive all around, and is complete in every respect.” "
}