{
  "an10.195:0.1": "Numbered Discourses 10.195 ",
  "an10.195:0.2": "19. The Noble Path ",
  "an10.195:0.3": "Principles That Should Be Developed ",
  "an10.195:1.1": "“I will teach you the principle to develop and the principle not to develop. … ",
  "an10.195:1.2": "Listen and apply your mind well, I will speak. ",
  "an10.195:1.3": "And what is the principle not to develop? ",
  "an10.195:1.4": "Killing living creatures … ",
  "an10.195:1.5": "wrong view. ",
  "an10.195:1.6": "This is called the principle not to develop. ",
  "an10.195:2.1": "And what is the principle to develop? ",
  "an10.195:2.2": "Not killing living creatures … ",
  "an10.195:2.3": "right view. ",
  "an10.195:2.4": "This is called the principle to develop.” "
}