{
  "an10.122:0.1": "Numbered Discourses 10.122 ",
  "an10.122:0.2": "12. The Ceremony of Descent ",
  "an10.122:0.3": "The Ending of Defilements ",
  "an10.122:1.1": "“Mendicants, these ten things, when developed and cultivated, lead to the ending of defilements. ",
  "an10.122:1.2": "What ten? ",
  "an10.122:1.3": "Right view, right thought, right speech, right action, right livelihood, right effort, right mindfulness, right immersion, right knowledge, and right freedom. ",
  "an10.122:1.4": "These ten things, when developed and cultivated, lead to the ending of defilements.” ",
  "an10.122:1.5": "",
  "an10.122:1.6": "",
  "an10.122:2.1": "",
  "an10.122:2.2": "",
  "an10.122:2.3": ""
}