{
  "an10.128:0.1": "Numbered Discourses 10.128 ",
  "an10.128:0.2": "13. Purified ",
  "an10.128:0.3": "Sixth ",
  "an10.128:1.1": "“Mendicants, these ten things don’t arise to be developed and cultivated apart from the Holy One’s training. ",
  "an10.128:1.2": "What ten? ",
  "an10.128:1.3": "Right view, right thought, right speech, right action, right livelihood, right effort, right mindfulness, right immersion, right knowledge, and right freedom. ",
  "an10.128:1.4": "These are the ten things that don’t arise to be developed and cultivated apart from the Holy One’s training.” "
}