{
  "an10.109:0.1": "Numbered Discourses 10.109 ",
  "an10.109:0.2": "11. Perceptions for Ascetics ",
  "an10.109:0.3": "Emetic ",
  "an10.109:1.1": "“Mendicants, doctors prescribe an emetic for eliminating illnesses stemming from disorders of bile, phlegm, and wind. ",
  "an10.109:1.2": "There is such an emetic, I don’t deny it. ",
  "an10.109:1.3": "But this kind of emetic sometimes works and sometimes fails. ",
  "an10.109:2.1": "I will teach a noble emetic that works without fail. Relying on that emetic, sentient beings who are liable to rebirth, old age, and death, to sorrow, lamentation, pain, sadness, and distress are freed from all these things. ",
  "an10.109:2.2": "Listen and apply your mind well, I will speak. … ",
  "an10.109:3.1": "And what is that noble emetic that works without fail? ",
  "an10.109:4.1": "For one of right view, wrong view is vomited up. ",
  "an10.109:4.2": "And the many bad, unskillful qualities produced by wrong view are vomited up. ",
  "an10.109:4.3": "And because of right view, many skillful qualities are fully developed. ",
  "an10.109:5.1": "For one of right thought, wrong thought is vomited up. … ",
  "an10.109:5.2": "For one of right speech, wrong speech is vomited up. … ",
  "an10.109:5.3": "For one of right action, wrong action is vomited up. … ",
  "an10.109:5.4": "For one of right livelihood, wrong livelihood is vomited up. … ",
  "an10.109:5.5": "For one of right effort, wrong effort is vomited up. … ",
  "an10.109:5.6": "For one of right mindfulness, wrong mindfulness is vomited up. … ",
  "an10.109:5.7": "For one of right immersion, wrong immersion is vomited up. … ",
  "an10.109:5.8": "For one of right knowledge, wrong knowledge is vomited up. … ",
  "an10.109:6.1": "For one of right freedom, wrong freedom is vomited up. ",
  "an10.109:6.2": "And the many bad, unskillful qualities produced by wrong freedom are vomited up. ",
  "an10.109:6.3": "And because of right freedom, many skillful qualities are fully developed. ",
  "an10.109:6.4": "This is the noble emetic that works without fail. Relying on this emetic, sentient beings who are liable to rebirth, old age, and death, to sorrow, lamentation, pain, sadness, and distress are freed from all these things.” "
}