{
  "an10.213:0.1": "Numbered Discourses 10.213 ",
  "an10.213:0.2": "21. The Body Born of Deeds ",
  "an10.213:0.3": "A Female ",
  "an10.213:1.1": "“A lady with ten qualities is cast down to hell. ",
  "an10.213:1.2": "What ten? ",
  "an10.213:1.3": "She kills living creatures. … ",
  "an10.213:1.4": "She steals. … ",
  "an10.213:1.5": "She commits sexual misconduct. … ",
  "an10.213:1.6": "She lies. … ",
  "an10.213:1.7": "She speaks divisively. … ",
  "an10.213:1.8": "She speaks harshly. … ",
  "an10.213:1.9": "She indulges in talking nonsense. … ",
  "an10.213:1.10": "She’s covetous. … ",
  "an10.213:1.11": "She has cruel intentions. … ",
  "an10.213:1.12": "She has wrong view. … ",
  "an10.213:1.13": "A lady with these ten qualities is cast down to hell. ",
  "an10.213:2.1": "A lady with ten qualities is raised up to heaven. ",
  "an10.213:2.2": "What ten? ",
  "an10.213:2.3": "She doesn’t kill living creatures. … ",
  "an10.213:2.4": "She doesn’t steal. … ",
  "an10.213:2.5": "She doesn’t commit sexual misconduct. … ",
  "an10.213:2.6": "She doesn’t lie. … ",
  "an10.213:2.7": "She doesn’t speak divisively. … ",
  "an10.213:2.8": "She doesn’t speak harshly. … ",
  "an10.213:2.9": "She doesn’t indulge in talking nonsense. … ",
  "an10.213:2.10": "She’s content. … ",
  "an10.213:2.11": "She’s kind hearted. … ",
  "an10.213:2.12": "She has right view. … ",
  "an10.213:2.13": "A lady with these ten qualities is raised up to heaven.” "
}