{
  "an10.13:0.1": "Numbered Discourses 10.13 ",
  "an10.13:0.2": "2. A Protector ",
  "an10.13:0.3": "Fetters ",
  "an10.13:1.1": "“Mendicants, there are ten fetters. ",
  "an10.13:1.2": "What ten? ",
  "an10.13:1.3": "The five lower fetters and the five higher fetters. ",
  "an10.13:1.4": "What are the five lower fetters? ",
  "an10.13:1.5": "Substantialist view, doubt, misapprehension of precepts and observances, sensual desire, and ill will. ",
  "an10.13:1.6": "These are the five lower fetters. ",
  "an10.13:2.1": "What are the five higher fetters? ",
  "an10.13:2.2": "Desire for rebirth in the realm of luminous form, desire for rebirth in the formless realm, conceit, restlessness, and ignorance. ",
  "an10.13:2.3": "These are the five higher fetters. ",
  "an10.13:2.4": "These are the ten fetters.” "
}