{
  "an10.229-232:0.1": "Numbered Discourses 10.229–232 ",
  "an10.229-232:0.2": "22. Similarity ",
  "an10.229-232:0.3": "Untitled Discourses on Ten to Forty Qualities (2nd) ",
  "an10.229-232:1.1": "“When they have ten qualities, some people, when their body breaks up, after death, are reborn in a place of loss, a bad place, the underworld, hell. … ",
  "an10.229-232:1.2": "some people, when their body breaks up, after death, are reborn in a good place, a heavenly realm … ",
  "an10.229-232:1.3": "twenty … ",
  "an10.229-232:1.4": "thirty … ",
  "an10.229-232:1.5": "forty …” "
}