{
  "an10.76:0.1": "Numbered Discourses 10.76 ",
  "an10.76:0.2": "8. If You Want ",
  "an10.76:0.3": "Three Things ",
  "an10.76:1.1": "“Mendicants, if three things were not found, the Realized One, the perfected one, the fully awakened Buddha would not arise in the world, and the teaching and training proclaimed by the Realized One would not shine in the world. ",
  "an10.76:1.2": "What three? ",
  "an10.76:1.3": "Rebirth, old age, and death. ",
  "an10.76:1.4": "If these three things were not found, the Realized One, the perfected one, the fully awakened Buddha would not arise in the world, and the teaching and training proclaimed by the Realized One would not shine in the world. ",
  "an10.76:1.5": "But since these three things are found, the Realized One, the perfected one, the fully awakened Buddha arises in the world, and the teaching and training proclaimed by the Realized One shines in the world. ",
  "an10.76:2.1": "Without giving up three things you can’t give up rebirth, old age, and death. ",
  "an10.76:2.2": "What three? ",
  "an10.76:2.3": "Greed, hate, and delusion. ",
  "an10.76:2.4": "Without giving up these three things you can’t give up rebirth, old age, and death. ",
  "an10.76:3.1": "Without giving up three things you can’t give up greed, hate, and delusion. ",
  "an10.76:3.2": "What three? ",
  "an10.76:3.3": "Substantialist view, doubt, and misapprehension of precepts and observances. ",
  "an10.76:3.4": "Without giving up these three things you can’t give up greed, hate, and delusion. ",
  "an10.76:4.1": "Without giving up three things you can’t give up substantialist view, doubt, and misapprehension of precepts and observances. ",
  "an10.76:4.2": "What three? ",
  "an10.76:4.3": "Irrational application of mind, following a wrong path, and mental sluggishness. ",
  "an10.76:4.4": "Without giving up these three things you can’t give up substantialist view, doubt, and misapprehension of precepts and observances. ",
  "an10.76:5.1": "Without giving up three things you can’t give up irrational application of mind, following a wrong path, and mental sluggishness. ",
  "an10.76:5.2": "What three? ",
  "an10.76:5.3": "Unmindfulness, lack of situational awareness, and scattered mind. ",
  "an10.76:5.4": "Without giving up these three things you can’t give up irrational application of mind, following a wrong path, and mental sluggishness. ",
  "an10.76:6.1": "Without giving up three things you can’t give up unmindfulness, lack of situational awareness, and scattered mind. ",
  "an10.76:6.2": "What three? ",
  "an10.76:6.3": "Not wanting to see the noble ones, not wanting to hear the teaching of the noble ones, and a fault-finding mind. ",
  "an10.76:6.4": "Without giving up these three things you can’t give up unmindfulness, lack of situational awareness, and scattered mind. ",
  "an10.76:7.1": "Without giving up three things you can’t give up not wanting to see the noble ones, not wanting to hear the teaching of the noble ones, and a fault-finding mind. ",
  "an10.76:7.2": "What three? ",
  "an10.76:7.3": "Restlessness, lack of restraint, and unethical conduct. ",
  "an10.76:7.4": "Without giving up these three things you can’t give up not wanting to see the noble ones, not wanting to hear the teaching of the noble ones, and a fault-finding mind. ",
  "an10.76:8.1": "Without giving up three things you can’t give up restlessness, lack of restraint, and unethical conduct. ",
  "an10.76:8.2": "What three? ",
  "an10.76:8.3": "Faithlessness, uncharitableness, and laziness. ",
  "an10.76:8.4": "Without giving up these three things you can’t give up restlessness, lack of restraint, and unethical conduct. ",
  "an10.76:9.1": "Without giving up three things you can’t give up faithlessness, uncharitableness, and laziness. ",
  "an10.76:9.2": "What three? ",
  "an10.76:9.3": "Disregard, being hard to admonish, and having bad friends. ",
  "an10.76:9.4": "Without giving up these three things you can’t give up faithlessness, uncharitableness, and laziness. ",
  "an10.76:10.1": "Without giving up three things you can’t give up disregard, being hard to admonish, and having bad friends. ",
  "an10.76:10.2": "What three? ",
  "an10.76:10.3": "Lack of conscience, imprudence, and negligence. ",
  "an10.76:10.4": "Without giving up these three things you can’t give up disregard, being hard to admonish, and having bad friends. ",
  "an10.76:11.1": "Mendicants, someone who lacks conscience and prudence is negligent. ",
  "an10.76:11.2": "When you’re negligent you can’t give up disregard, being hard to admonish, and having bad friends. ",
  "an10.76:11.3": "When you’ve got bad friends you can’t give up faithlessness, uncharitableness, and laziness. ",
  "an10.76:11.4": "When you’re lazy you can’t give up restlessness, lack of restraint, and unethical conduct. ",
  "an10.76:11.5": "When you’re unethical you can’t give up not wanting to see the noble ones, not wanting to hear the teaching of the noble ones, and a fault-finding mind. ",
  "an10.76:11.6": "When you’ve got a fault-finding mind you can’t give up unmindfulness, lack of situational awareness, and a scattered mind. ",
  "an10.76:11.7": "When your mind is scattered you can’t give up irrational application of mind, following a wrong path, and mental sluggishness. ",
  "an10.76:11.8": "When your mind is sluggish you can’t give up substantialist view, doubt, and misapprehension of precepts and observances. ",
  "an10.76:11.9": "When you have doubts you can’t give up greed, hate, and delusion. ",
  "an10.76:11.10": "Without giving up greed, hate, and delusion you can’t give up rebirth, old age, and death. ",
  "an10.76:12.1": "After giving up three things you can give up rebirth, old age, and death. ",
  "an10.76:12.2": "What three? ",
  "an10.76:12.3": "Greed, hate, and delusion. ",
  "an10.76:12.4": "After giving up these three things you can give up rebirth, old age, and death. ",
  "an10.76:13.1": "After giving up three things you can give up greed, hate, and delusion. ",
  "an10.76:13.2": "What three? ",
  "an10.76:13.3": "Substantialist view, doubt, and misapprehension of precepts and observances. ",
  "an10.76:13.4": "After giving up these three things you can give up greed, hate, and delusion. ",
  "an10.76:14.1": "After giving up three things you can give up substantialist view, doubt, and misapprehension of precepts and observances. ",
  "an10.76:14.2": "What three? ",
  "an10.76:14.3": "Irrational application of mind, following a wrong path, and mental sluggishness. ",
  "an10.76:14.4": "After giving up these three things you can give up substantialist view, doubt, and misapprehension of precepts and observances. ",
  "an10.76:15.1": "After giving up three things you can give up irrational application of mind, following a wrong path, and mental sluggishness. ",
  "an10.76:15.2": "What three? ",
  "an10.76:15.3": "Unmindfulness, lack of situational awareness, and a scattered mind. ",
  "an10.76:15.4": "After giving up these three things you can give up irrational application of mind, following a wrong path, and mental sluggishness. ",
  "an10.76:16.1": "After giving up three things you can give up unmindfulness, lack of situational awareness, and scattered mind. ",
  "an10.76:16.2": "What three? ",
  "an10.76:16.3": "Not wanting to see the noble ones, not wanting to hear the teaching of the noble ones, and a fault-finding mind. ",
  "an10.76:16.4": "After giving up these three things you can give up unmindfulness, lack of situational awareness, and scattered mind. ",
  "an10.76:17.1": "After giving up three things you can give up not wanting to see the noble ones, not wanting to hear the teaching of the noble ones, and a fault-finding mind. ",
  "an10.76:17.2": "What three? ",
  "an10.76:17.3": "Restlessness, lack of restraint, and unethical conduct. ",
  "an10.76:17.4": "After giving up these three things you can give up not wanting to see the noble ones, not wanting to hear the teaching of the noble ones, and a fault-finding mind. ",
  "an10.76:18.1": "After giving up three things you can give up restlessness, lack of restraint, and unethical conduct. ",
  "an10.76:18.2": "What three? ",
  "an10.76:18.3": "Faithlessness, uncharitableness, and laziness. ",
  "an10.76:18.4": "After giving up these three things you can give up restlessness, lack of restraint, and unethical conduct. ",
  "an10.76:19.1": "After giving up three things you can give up faithlessness, uncharitableness, and laziness. ",
  "an10.76:19.2": "What three? ",
  "an10.76:19.3": "Disregard, being hard to admonish, and having bad friends. ",
  "an10.76:19.4": "After giving up these three things you can give up faithlessness, uncharitableness, and laziness. ",
  "an10.76:20.1": "After giving up three things you can give up disregard, being hard to admonish, and having bad friends. ",
  "an10.76:20.2": "What three? ",
  "an10.76:20.3": "Lack of conscience, imprudence, and negligence. ",
  "an10.76:20.4": "After giving up these three things you can give up disregard, being hard to admonish, and having bad friends. ",
  "an10.76:21.1": "Mendicants, someone who has conscience and prudence is diligent. ",
  "an10.76:21.2": "When you’re diligent you can give up disregard, being hard to admonish, and having bad friends. ",
  "an10.76:21.3": "When you’ve got good friends you can give up faithlessness, uncharitableness, and laziness. ",
  "an10.76:21.4": "When you’re energetic you can give up restlessness, lack of restraint, and unethical conduct. ",
  "an10.76:21.5": "When you’re ethical you can give up not wanting to see the noble ones, not wanting to hear the teaching of the noble ones, and a fault-finding mind. ",
  "an10.76:21.6": "When you don’t have a fault-finding mind you can give up unmindfulness, lack of situational awareness, and a scattered mind. ",
  "an10.76:21.7": "When your mind isn’t scattered you can give up irrational application of mind, following a wrong path, and mental sluggishness. ",
  "an10.76:21.8": "When your mind isn’t sluggish you can give up substantialist view, doubt, and misapprehension of precepts and observances. ",
  "an10.76:21.9": "When you have no doubts you can give up greed, hate, and delusion. ",
  "an10.76:21.10": "After giving up greed, hate, and delusion you can give up rebirth, old age, and death.” "
}