{
  "an10.238:0.1": "Numbered Discourses 10.238 ",
  "an10.238:0.2": "23. Abbreviated Texts Beginning With Greed ",
  "an10.238:0.3": "Untitled Discourse on Greed (2nd) ",
  "an10.238:1.1": "“For insight into greed, ten things should be developed. ",
  "an10.238:1.2": "What ten? ",
  "an10.238:1.3": "The perceptions of impermanence, not-self, repulsiveness of food, dissatisfaction with the whole world, a skeleton, a worm-infested corpse, a livid corpse, a festering corpse,  a split open corpse, and a bloated corpse. ",
  "an10.238:1.4": "For insight into greed, these ten things should be developed.” "
}