{
  "an10.75:0.1": "Numbered Discourses 10.75 ",
  "an10.75:0.2": "8. If You Want ",
  "an10.75:0.3": "With Migasālā ",
  "an10.75:1.1": "At one time the Buddha was staying near Sāvatthī in Jeta’s Grove, Anāthapiṇḍika’s monastery. ",
  "an10.75:1.2": "Then Venerable Ānanda robed up in the morning and, taking his bowl and robe, went to the home of the laywoman Migasālā, where he sat on the seat spread out. ",
  "an10.75:1.3": "Then the laywoman Migasālā went up to Ānanda, bowed, sat down to one side, and said to him: ",
  "an10.75:2.1": "“Honorable Ānanda, how on earth are we supposed to understand the teaching taught by the Buddha, when the chaste and the unchaste are both reborn in exactly the same place in the next life? ",
  "an10.75:2.2": "My father Purāṇa was chaste, set apart, avoiding the vulgar act of sex. ",
  "an10.75:2.3": "When he passed away the Buddha declared that, since he was a once-returner, he was reborn in the host of joyful gods. ",
  "an10.75:2.4": "But my uncle Isidatta was not chaste; he lived content with his wife. ",
  "an10.75:2.5": "When he passed away the Buddha also declared that, since he was a once-returner, he was reborn in the host of joyful gods. ",
  "an10.75:3.1": "How on earth are we supposed to understand the teaching taught by the Buddha, when the chaste and the unchaste are both reborn in exactly the same place in the next life?” ",
  "an10.75:3.2": "“You’re right, sister, but that’s how the Buddha declared it.” ",
  "an10.75:4.1": "Then Ānanda, after receiving almsfood at Migasālā’s home, rose from his seat and left. ",
  "an10.75:4.2": "Then after the meal, on his return from almsround, Ānanda went to the Buddha, bowed, sat down to one side, and told him what had happened. ",
  "an10.75:5.1": "",
  "an10.75:5.2": "",
  "an10.75:6.1": "",
  "an10.75:6.2": "",
  "an10.75:6.3": "",
  "an10.75:6.4": "",
  "an10.75:6.5": "",
  "an10.75:7.1": "",
  "an10.75:7.2": "",
  "an10.75:7.3": "",
  "an10.75:8.1": "“Ānanda, who is this laywoman Migasālā, a foolish incompetent aunty, with an aunty’s wit? And who is it that knows how to assess individual persons? ",
  "an10.75:9.1": "These ten individuals are found in the world. ",
  "an10.75:9.2": "What ten? ",
  "an10.75:9.3": "Take a certain individual who is unethical. ",
  "an10.75:9.4": "And they don’t truly understand the freedom of heart and freedom by wisdom where that unethical conduct ceases without anything left over. ",
  "an10.75:9.5": "And they’ve not listened or learned or penetrated theoretically or found even temporary freedom. ",
  "an10.75:9.6": "When their body breaks up, after death, they depart for a lower place, not a higher. ",
  "an10.75:9.7": "They’re going to a lower place, not a higher. ",
  "an10.75:10.1": "Take a certain individual who is unethical. ",
  "an10.75:10.2": "But they truly understand the freedom of heart and freedom by wisdom where that unethical conduct ceases without anything left over. ",
  "an10.75:10.3": "And they have listened and learned and penetrated theoretically and found at least temporary freedom. ",
  "an10.75:10.4": "When their body breaks up, after death, they depart for a higher place, not a lower. ",
  "an10.75:10.5": "They’re going to a higher place, not a lower. ",
  "an10.75:11.1": "Judgmental people compare them, saying: ",
  "an10.75:11.2": "‘This one has just the same qualities as the other, so why is one worse and one better?’ ",
  "an10.75:11.3": "This will be for their lasting harm and suffering. ",
  "an10.75:12.1": "In this case, the individual who is unethical, ",
  "an10.75:12.2": "but truly understands the freedom of heart … ",
  "an10.75:12.3": "and has listened and learned and penetrated theoretically and found at least temporary freedom ",
  "an10.75:12.4": "is better and finer than the other individual. ",
  "an10.75:12.5": "Why is that? ",
  "an10.75:12.6": "Because the stream of the teaching carries them along. ",
  "an10.75:12.7": "But who knows the difference between them except a Realized One? ",
  "an10.75:12.8": "So, Ānanda, don’t be judgmental about individuals. ",
  "an10.75:12.9": "Don’t pass judgment on individuals. ",
  "an10.75:12.10": "Those who pass judgment on individuals harm themselves. ",
  "an10.75:12.11": "I, or someone like me, may pass judgment on people. ",
  "an10.75:13.1": "Take a certain individual who is ethical. ",
  "an10.75:13.2": "But they don’t truly understand the freedom of heart and freedom by wisdom where that ethical conduct ceases without anything left over. ",
  "an10.75:13.3": "And they’ve not listened or learned or penetrated theoretically or found even temporary freedom. ",
  "an10.75:13.4": "When their body breaks up, after death, they depart for a lower place, not a higher. ",
  "an10.75:13.5": "They’re going to a lower place, not a higher. ",
  "an10.75:14.1": "Take a certain individual who is ethical. ",
  "an10.75:14.2": "And they truly understand the freedom of heart and freedom by wisdom where that ethical conduct ceases without anything left over. ",
  "an10.75:14.3": "And they’ve listened and learned and penetrated theoretically and found at least temporary freedom. ",
  "an10.75:14.4": "When their body breaks up, after death, they depart for a higher place, not a lower. ",
  "an10.75:14.5": "They’re going to a higher place, not a lower. ",
  "an10.75:15.1": "Judgmental people compare them … ",
  "an10.75:15.2": "I, or someone like me, may pass judgment on individuals. ",
  "an10.75:16.1": "Take a certain individual who is very lustful. ",
  "an10.75:16.2": "And they don’t truly understand the freedom of heart and freedom by wisdom where that lust ceases without anything left over. ",
  "an10.75:16.3": "And they’ve not listened or learned or penetrated theoretically or found even temporary freedom. ",
  "an10.75:16.4": "When their body breaks up, after death, they depart for a lower place, not a higher. ",
  "an10.75:16.5": "They’re going to a lower place, not a higher. ",
  "an10.75:17.1": "Take a certain individual who is very lustful. ",
  "an10.75:17.2": "But they truly understand the freedom of heart and freedom by wisdom where that lust ceases without anything left over. ",
  "an10.75:17.3": "And they’ve listened and learned and penetrated theoretically and found at least temporary freedom. ",
  "an10.75:17.4": "When their body breaks up, after death, they depart for a higher place, not a lower. ",
  "an10.75:17.5": "They’re going to a higher place, not a lower. ",
  "an10.75:18.1": "Judgmental people compare them … ",
  "an10.75:18.2": "I, or someone like me, may pass judgment on individuals. ",
  "an10.75:19.1": "Take a certain individual who is irritable. ",
  "an10.75:19.2": "And they don’t truly understand the freedom of heart and freedom by wisdom where that anger ceases without anything left over. ",
  "an10.75:19.3": "And they’ve not listened or learned or penetrated theoretically or found even temporary freedom. ",
  "an10.75:19.4": "When their body breaks up, after death, they depart for a lower place, not a higher. ",
  "an10.75:19.5": "They’re going to a lower place, not a higher. ",
  "an10.75:20.1": "Take a certain individual who is irritable. ",
  "an10.75:20.2": "But they truly understand the freedom of heart and freedom by wisdom where that anger ceases without anything left over. ",
  "an10.75:20.3": "And they’ve listened and learned and penetrated theoretically and found at least temporary freedom. ",
  "an10.75:20.4": "When their body breaks up, after death, they depart for a higher place, not a lower. ",
  "an10.75:20.5": "They’re going to a higher place, not a lower. ",
  "an10.75:21.1": "Judgmental people compare them … ",
  "an10.75:21.2": "I, or someone like me, may pass judgment on individuals. ",
  "an10.75:22.1": "Take a certain individual who is restless. ",
  "an10.75:22.2": "And they don’t truly understand the freedom of heart and freedom by wisdom where that restlessness ceases without anything left over. ",
  "an10.75:22.3": "And they’ve not listened or learned or penetrated theoretically or found even temporary freedom. ",
  "an10.75:22.4": "When their body breaks up, after death, they depart for a lower place, not a higher. ",
  "an10.75:22.5": "They’re going to a lower place, not a higher. ",
  "an10.75:23.1": "Take a certain individual who is restless. ",
  "an10.75:23.2": "But they truly understand the freedom of heart and freedom by wisdom where that restlessness ceases without anything left over. ",
  "an10.75:23.3": "And they’ve listened and learned and penetrated theoretically and found at least temporary freedom. ",
  "an10.75:23.4": "When their body breaks up, after death, they depart for a higher place, not a lower. ",
  "an10.75:23.5": "They’re going to a higher place, not a lower. ",
  "an10.75:24.1": "Judgmental people compare them, saying: ",
  "an10.75:24.2": "‘This one has just the same qualities as the other, so why is one worse and one better?’ ",
  "an10.75:24.3": "This will be for their lasting harm and suffering. ",
  "an10.75:25.1": "In this case the individual who is restless, but truly understands the freedom of heart … ",
  "an10.75:25.2": "and has listened and learned and penetrated theoretically and found at least temporary freedom ",
  "an10.75:25.3": "is better and finer than the other individual. ",
  "an10.75:25.4": "Why is that? ",
  "an10.75:25.5": "Because the stream of the teaching carries them along. ",
  "an10.75:25.6": "But who knows the difference between them except a Realized One? ",
  "an10.75:25.7": "So, Ānanda, don’t be judgmental about individuals. ",
  "an10.75:25.8": "Don’t pass judgment on individuals. ",
  "an10.75:25.9": "Those who pass judgment on individuals harm themselves. ",
  "an10.75:25.10": "I, or someone like me, may pass judgment on individuals. ",
  "an10.75:26.1": "Who is this laywoman Migasālā, a foolish incompetent aunty, with an aunty’s wit? And who is it that knows how to assess individual persons? ",
  "an10.75:26.2": "These ten individuals are found in the world. ",
  "an10.75:27.1": "If Isidatta had achieved Purāṇa’s level of ethical conduct, Purāṇa could not have even known Isidatta’s destination. ",
  "an10.75:27.2": "And if Purāṇa had achieved Isidatta’s level of wisdom, Isidatta could not have even known Purāṇa’s destination. ",
  "an10.75:27.3": "So both individuals were lacking in one respect.” "
}