{
  "an10.68:0.1": "Numbered Discourses 10.68 ",
  "an10.68:0.2": "7. Pairs ",
  "an10.68:0.3": "At Naḷakapāna (2nd) ",
  "an10.68:1.1": "At one time the Buddha stayed near Naḷakapāna in the grove of flame-of-the-forest trees. ",
  "an10.68:1.2": "Now, at that time it was the sabbath, and the Buddha was sitting surrounded by a Saṅgha of monks. ",
  "an10.68:1.3": "The Buddha spent much of the night educating, encouraging, firing up, and inspiring the mendicants with a Dhamma talk. Then he looked around the Saṅgha of mendicants, who were so very silent. He addressed Venerable Sāriputta, ",
  "an10.68:2.1": "“Sāriputta, the Saṅgha of mendicants is rid of dullness and drowsiness. ",
  "an10.68:2.2": "Give them some Dhamma talk as you feel inspired. ",
  "an10.68:2.3": "My back is sore, ",
  "an10.68:2.4": "I’ll stretch it.” ",
  "an10.68:2.5": "“Yes, sir,” Sāriputta replied. ",
  "an10.68:3.1": "And then the Buddha spread out his outer robe folded in four and laid down in the lion’s posture—on the right side, placing one foot on top of the other—mindful and aware, and focused on the time of getting up. ",
  "an10.68:3.2": "There Sāriputta addressed the mendicants: ",
  "an10.68:3.3": "“Reverends, mendicants!” ",
  "an10.68:3.4": "“Reverend,” they replied. ",
  "an10.68:3.5": "Sāriputta said this: ",
  "an10.68:4.1": "“Reverends, whoever has no faith, conscience, prudence, energy, and wisdom; who doesn’t want to listen, doesn’t memorize the teachings, examine their meaning, or practice accordingly, and is not diligent when it comes to skillful qualities ",
  "an10.68:4.2": "",
  "an10.68:4.3": "",
  "an10.68:4.4": "",
  "an10.68:4.5": "",
  "an10.68:4.6": "",
  "an10.68:4.7": "",
  "an10.68:4.8": "",
  "an10.68:4.9": "can expect decline, not growth, in skillful qualities, whether by day or by night. ",
  "an10.68:4.10": "It’s like the moon in the waning fortnight. Whether by day or by night, its beauty, roundness, luminosity, and diameter and circumference only decline. ",
  "an10.68:4.11": "In the same way, whoever has no faith, conscience, prudence, energy, and wisdom; who doesn’t want to listen, doesn’t memorize the teachings, examine their meaning, or practice accordingly, and is negligent when it comes to skillful qualities ",
  "an10.68:4.12": "",
  "an10.68:4.13": "",
  "an10.68:4.14": "",
  "an10.68:4.15": "",
  "an10.68:4.16": "",
  "an10.68:4.17": "",
  "an10.68:4.18": "",
  "an10.68:4.19": "can expect decline, not growth, in skillful qualities, whether by day or by night. ",
  "an10.68:5.1": "Whoever has faith, conscience, prudence, energy, and wisdom; who wants to listen, memorizes the teachings, examines their meaning, and practices accordingly, and is diligent when it comes to skillful qualities ",
  "an10.68:5.2": "",
  "an10.68:5.3": "",
  "an10.68:5.4": "",
  "an10.68:5.5": "",
  "an10.68:5.6": "",
  "an10.68:5.7": "",
  "an10.68:5.8": "",
  "an10.68:5.9": "can expect growth, not decline, in skillful qualities, whether by day or by night. ",
  "an10.68:5.10": "It’s like the moon in the waxing fortnight. Whether by day or by night, its beauty, roundness, luminosity, and diameter and circumference only grow. ",
  "an10.68:5.11": "In the same way, whoever has faith, conscience, prudence, energy, and wisdom; who wants to listen, memorizes the teachings, examines their meaning, and practices accordingly, and is diligent when it comes to skillful qualities ",
  "an10.68:5.12": "can expect growth, not decline, in skillful qualities, whether by day or by night.” ",
  "an10.68:6.1": "Then the Buddha got up and said to Venerable Sāriputta: ",
  "an10.68:6.2": "“Good, good, Sāriputta! ",
  "an10.68:6.3": "Whoever has no faith, conscience, prudence, energy, and wisdom; who doesn’t want to listen, doesn’t memorize the teachings, examine their meaning, or practice accordingly, and is negligent when it comes to skillful qualities ",
  "an10.68:6.4": "",
  "an10.68:6.5": "",
  "an10.68:6.6": "",
  "an10.68:6.7": "",
  "an10.68:6.8": "",
  "an10.68:6.9": "",
  "an10.68:6.10": "",
  "an10.68:6.11": "can expect decline, not growth, in skillful qualities, whether by day or by night. ",
  "an10.68:6.12": "It’s like the moon in the waning fortnight. Whether by day or by night, its beauty, roundness, luminosity, and diameter and circumference only decline. ",
  "an10.68:6.13": "In the same way, whoever has no faith, conscience, prudence, energy, and wisdom; who doesn’t want to listen, doesn’t memorize the teachings, examine their meaning, or practice accordingly, and is negligent when it comes to skillful qualities ",
  "an10.68:6.14": "can expect decline, not growth, in skillful qualities, whether by day or by night. ",
  "an10.68:7.1": "Whoever has faith, conscience, prudence, energy, and wisdom; who wants to listen, memorizes the teachings, examines their meaning, and practices accordingly, and is diligent when it comes to skillful qualities ",
  "an10.68:7.2": "",
  "an10.68:7.3": "",
  "an10.68:7.4": "",
  "an10.68:7.5": "",
  "an10.68:7.6": "",
  "an10.68:7.7": "",
  "an10.68:7.8": "",
  "an10.68:7.9": "can expect growth, not decline, in skillful qualities, whether by day or by night. ",
  "an10.68:7.10": "It’s like the moon in the waxing fortnight. Whether by day or by night, its beauty, roundness, luminosity, and diameter and circumference only grow. ",
  "an10.68:7.11": "In the same way, whoever has faith, conscience, prudence, energy, and wisdom; who wants to listen, memorizes the teachings, examines their meaning, and practices accordingly, and is diligent when it comes to skillful qualities ",
  "an10.68:7.12": "can expect growth, not decline, in skillful qualities, whether by day or by night.” "
}