{
  "an10.130:0.1": "Numbered Discourses 10.130 ",
  "an10.130:0.2": "13. Purified ",
  "an10.130:0.3": "Eighth ",
  "an10.130:1.1": "“Mendicants, these ten things when developed and cultivated don’t culminate in the removal of greed, hate, and delusion apart from the Holy One’s training. ",
  "an10.130:1.2": "What ten? ",
  "an10.130:1.3": "Right view, right thought, right speech, right action, right livelihood, right effort, right mindfulness, right immersion, right knowledge, and right freedom. ",
  "an10.130:1.4": "These are the ten things that when developed and cultivated don’t culminate in the removal of greed, hate, and delusion apart from the Holy One’s training.” "
}