{
  "an10.54:0.1": "Numbered Discourses 10.54 ",
  "an10.54:0.2": "6. Your Own Mind ",
  "an10.54:0.3": "Serenity ",
  "an10.54:1.1": "“Mendicants, if a mendicant isn’t skilled in encompassing another’s mind, then they should train themselves: ‘I will be skilled in encompassing my own mind.’ ",
  "an10.54:1.2": "",
  "an10.54:2.1": "And how is a mendicant skilled in encompassing their own mind? ",
  "an10.54:2.2": "Suppose there was a woman or man who was young, youthful, and fond of adornments, and they check their own reflection in a clean bright mirror or a clear bowl of water. If they see any dirt or blemish there, they’d try to remove it. ",
  "an10.54:2.3": "But if they don’t see any dirt or blemish there, they’re happy with that, as they’ve got all they wished for: ",
  "an10.54:2.4": "‘How fortunate that I’m clean!’ ",
  "an10.54:2.5": "In the same way, checking is very helpful for a mendicant’s skillful qualities. ",
  "an10.54:2.6": "‘Do I have internal serenity of heart or not? Do I have the higher wisdom of discernment of principles or not?’ ",
  "an10.54:3.1": "Suppose that, upon checking, a mendicant knows this: ",
  "an10.54:3.2": "‘I have serenity but not discernment.’ Grounded on serenity, they should practice meditation to get discernment. ",
  "an10.54:3.3": "After some time they have both serenity and discernment. ",
  "an10.54:4.1": "But suppose that, upon checking, a mendicant knows this: ",
  "an10.54:4.2": "‘I have discernment but not serenity.’ Grounded on discernment, they should practice meditation to get serenity. ",
  "an10.54:4.3": "After some time they have both serenity and discernment. ",
  "an10.54:5.1": "But suppose that, upon checking, a mendicant knows this: ",
  "an10.54:5.2": "‘I have neither serenity nor discernment.’ In order to get those skillful qualities, they should apply extraordinary enthusiasm, effort, zeal, vigor, perseverance, mindfulness, and situational awareness. ",
  "an10.54:5.3": "Suppose your clothes or head were on fire. In order to extinguish it, you’d apply intense enthusiasm, effort, zeal, vigor, perseverance, mindfulness, and situational awareness. ",
  "an10.54:5.4": "",
  "an10.54:5.5": "In the same way, in order to get those skillful qualities, that mendicant should apply extraordinary enthusiasm … ",
  "an10.54:5.6": "After some time they have both serenity and discernment. ",
  "an10.54:6.1": "But suppose that, upon checking, a mendicant knows this: ",
  "an10.54:6.2": "‘I have both serenity and discernment.’ Grounded on those skillful qualities, they should practice meditation further to end the defilements. ",
  "an10.54:7.1": "I say that there are two kinds of robes: ",
  "an10.54:7.2": "those you should wear, and those you shouldn’t wear. ",
  "an10.54:7.3": "I say that there are two kinds of almsfood: ",
  "an10.54:7.4": "that which you should eat, and that which you shouldn’t eat. ",
  "an10.54:7.5": "I say that there are two kinds of lodging: ",
  "an10.54:7.6": "those you should frequent, and those you shouldn’t frequent. ",
  "an10.54:7.7": "I say that there are two kinds of village or town: ",
  "an10.54:7.8": "those you should frequent, and those you shouldn’t frequent. ",
  "an10.54:7.9": "I say that there are two kinds of country: ",
  "an10.54:7.10": "those you should frequent, and those you shouldn’t frequent. ",
  "an10.54:7.11": "I say that there are two kinds of individual: ",
  "an10.54:7.12": "those you should frequent, and those you shouldn’t frequent. ",
  "an10.54:8.1": "‘I say that there are two kinds of robes: ",
  "an10.54:8.2": "those you should wear, and those you shouldn’t wear.’ ",
  "an10.54:8.3": "That’s what I said, but why did I say it? ",
  "an10.54:8.4": "Well, should you know of a robe: ",
  "an10.54:8.5": "‘When I wear this robe, unskillful qualities grow, and skillful qualities decline.’ You should not wear that kind of robe. ",
  "an10.54:8.6": "Whereas, should you know of a robe: ",
  "an10.54:8.7": "‘When I wear this robe, unskillful qualities decline, and skillful qualities grow.’ You should wear that kind of robe. ",
  "an10.54:8.8": "‘I say that there are two kinds of robes: ",
  "an10.54:8.9": "those you should wear, and those you shouldn’t wear.’ ",
  "an10.54:8.10": "That’s what I said, and this is why I said it. ",
  "an10.54:9.1": "‘I say that there are two kinds of almsfood: ",
  "an10.54:9.2": "that which you should eat, and that which you shouldn’t eat.’ ",
  "an10.54:9.3": "That’s what I said, but why did I say it? ",
  "an10.54:9.4": "Well, should you know of almsfood: ",
  "an10.54:9.5": "‘When I eat this almsfood, unskillful qualities grow, and skillful qualities decline.’ You should not eat that kind of almsfood. ",
  "an10.54:9.6": "Whereas, should you know of almsfood: ",
  "an10.54:9.7": "‘When I eat this almsfood, unskillful qualities decline, and skillful qualities grow.’ You should eat that kind of almsfood. ",
  "an10.54:9.8": "‘I say that there are two kinds of almsfood: ",
  "an10.54:9.9": "that which you should eat, and that which you shouldn’t eat.’ ",
  "an10.54:9.10": "That’s what I said, and this is why I said it. ",
  "an10.54:10.1": "‘I say that there are two kinds of lodging: ",
  "an10.54:10.2": "those you should frequent, and those you shouldn’t frequent.’ ",
  "an10.54:10.3": "That’s what I said, but why did I say it? ",
  "an10.54:10.4": "Well, should you know of a lodging: ",
  "an10.54:10.5": "‘When I frequent this lodging, unskillful qualities grow, and skillful qualities decline.’ You should not frequent that kind of lodging. ",
  "an10.54:10.6": "Whereas, should you know of a lodging: ",
  "an10.54:10.7": "‘When I frequent this lodging, unskillful qualities decline, and skillful qualities grow.’ You should frequent that kind of lodging. ",
  "an10.54:10.8": "‘I say that there are two kinds of lodging: ",
  "an10.54:10.9": "those you should frequent, and those you shouldn’t frequent.’ ",
  "an10.54:10.10": "That’s what I said, and this is why I said it. ",
  "an10.54:11.1": "‘I say that there are two kinds of village or town: ",
  "an10.54:11.2": "those you should frequent, and those you shouldn’t frequent.’ ",
  "an10.54:11.3": "That’s what I said, but why did I say it? ",
  "an10.54:11.4": "Well, should you know of a village or town: ",
  "an10.54:11.5": "‘When I frequent this village or town, unskillful qualities grow, and skillful qualities decline.’ You should not frequent that kind of village or town. ",
  "an10.54:11.6": "Whereas, should you know of a village or town: ",
  "an10.54:11.7": "‘When I frequent this village or town, unskillful qualities decline, and skillful qualities grow.’ You should frequent that kind of village or town. ",
  "an10.54:11.8": "‘I say that there are two kinds of village or town: ",
  "an10.54:11.9": "those you should frequent, and those you shouldn’t frequent.’ ",
  "an10.54:11.10": "That’s what I said, and this is why I said it. ",
  "an10.54:12.1": "‘I say that there are two kinds of country: ",
  "an10.54:12.2": "those you should frequent, and those you shouldn’t frequent.’ ",
  "an10.54:12.3": "That’s what I said, but why did I say it? ",
  "an10.54:12.4": "Well, should you know of a country: ",
  "an10.54:12.5": "‘When I frequent this country, unskillful qualities grow, and skillful qualities decline.’ You should not frequent that kind of country. ",
  "an10.54:12.6": "Whereas, should you know of a country: ",
  "an10.54:12.7": "‘When I frequent this country, unskillful qualities decline, and skillful qualities grow.’ You should frequent that kind of country. ",
  "an10.54:12.8": "‘I say that there are two kinds of country: ",
  "an10.54:12.9": "those you should frequent, and those you shouldn’t frequent.’ ",
  "an10.54:12.10": "That’s what I said, and this is why I said it. ",
  "an10.54:13.1": "‘I say that there are two two kinds of individual: ",
  "an10.54:13.2": "those you should frequent, and those you shouldn’t frequent.’ ",
  "an10.54:13.3": "That’s what I said, but why did I say it? ",
  "an10.54:13.4": "Well, should you know of an individual: ",
  "an10.54:13.5": "‘When I frequent this individual, unskillful qualities grow, and skillful qualities decline.’ You should not frequent that kind of individual. ",
  "an10.54:13.6": "Whereas, should you know of an individual: ",
  "an10.54:13.7": "‘When I frequent this individual, unskillful qualities decline, and skillful qualities grow.’ You should frequent that kind of individual. ",
  "an10.54:13.8": "‘I say that there are two kinds of individual: ",
  "an10.54:13.9": "those you should frequent, and those you shouldn’t frequent.’ ",
  "an10.54:13.10": "That’s what I said, and this is why I said it.” "
}