{
  "an10.194:0.1": "Numbered Discourses 10.194 ",
  "an10.194:0.2": "19. The Noble Path ",
  "an10.194:0.3": "Principles That Should Be Cultivated ",
  "an10.194:1.1": "“I will teach you the principle to cultivate and the principle not to cultivate. … ",
  "an10.194:1.2": "",
  "an10.194:1.3": "And what is the principle not to cultivate? ",
  "an10.194:1.4": "Killing living creatures … ",
  "an10.194:1.5": "wrong view. ",
  "an10.194:1.6": "This is called the principle not to cultivate. ",
  "an10.194:2.1": "And what is the principle to cultivate? ",
  "an10.194:2.2": "Not killing living creatures … ",
  "an10.194:2.3": "right view. ",
  "an10.194:2.4": "This is called the principle to cultivate.” "
}