{
  "an10.181:0.1": "Numbered Discourses 10.181 ",
  "an10.181:0.2": "18. Good ",
  "an10.181:0.3": "Beneficial ",
  "an10.181:1.1": "“I will teach you the beneficial and the harmful. … ",
  "an10.181:1.2": "",
  "an10.181:1.3": "And what is the harmful? ",
  "an10.181:1.4": "Killing living creatures … ",
  "an10.181:1.5": "wrong view. ",
  "an10.181:1.6": "This is called the harmful. ",
  "an10.181:2.1": "And what is the beneficial? ",
  "an10.181:2.2": "Not killing living creatures … ",
  "an10.181:2.3": "right view. ",
  "an10.181:2.4": "This is called the beneficial.” "
}