{
  "an10.167:0.1": "Numbered Discourses 10.167 ",
  "an10.167:0.2": "17. With Jāṇussoṇī ",
  "an10.167:0.3": "The Brahmin Ceremony of Descent ",
  "an10.167:1.1": "Now, at that time it was the sabbath. The brahmin Jānussoṇi had bathed his head and dressed in a new pair of linen robes. Holding a handful of fresh grass, he stood to one side not far from the Buddha. ",
  "an10.167:2.1": "The Buddha saw him, ",
  "an10.167:2.2": "and said, ",
  "an10.167:2.3": "“Brahmin, why have you bathed your head and dressed in a new pair of linen robes? Why are you standing to one side holding a handful of fresh grass? ",
  "an10.167:2.4": "What’s going on today with the brahmin clan?” ",
  "an10.167:2.5": "“Worthy Gotama, today is the ceremony of descent for the brahmin clan.” ",
  "an10.167:3.1": "“But how do the brahmins observe the ceremony of descent?” ",
  "an10.167:3.2": "“Well, worthy Gotama, on the sabbath the brahmins bathe their heads and dress in a new pair of linen robes. They make a heap of fresh cow dung and spread it with green grass. Then they make their beds between the boundary and the fire chamber. ",
  "an10.167:3.3": "That night they rise three times and worship the fire with joined palms: ",
  "an10.167:3.4": "‘We descend, lord! We descend, lord!’ ",
  "an10.167:3.5": "And they serve the fire with abundant ghee, oil, and butter. ",
  "an10.167:3.6": "And when the night has passed they serve the brahmins with delicious fresh and cooked foods. ",
  "an10.167:3.7": "That’s how the brahmins observe the ceremony of descent.” ",
  "an10.167:4.1": "“The ceremony of descent observed by the brahmins is quite different from that observed in the training of the Noble One.” ",
  "an10.167:4.2": "“But worthy Gotama, how is the ceremony of descent observed in the training of the Noble One? ",
  "an10.167:4.3": "Worthy Gotama, please teach me this.” ",
  "an10.167:5.1": "“Well then, brahmin, listen and apply your mind well, I will speak.” ",
  "an10.167:5.2": "“Yes, worthy sir,” Jānussoṇi replied. ",
  "an10.167:5.3": "The Buddha said this: ",
  "an10.167:6.1": "“It’s when a noble disciple reflects: ",
  "an10.167:6.2": "‘Killing living creatures has a bad result in the present life and in lives to come.’ ",
  "an10.167:6.3": "Reflecting like this, they give up killing living creatures, ",
  "an10.167:6.4": "they descend from killing living creatures. ",
  "an10.167:7.1": "… ‘Stealing has a bad result ",
  "an10.167:7.2": "in the present life and in lives to come.’ ",
  "an10.167:7.3": "Reflecting like this, they give up stealing, ",
  "an10.167:7.4": "they descend from stealing. ",
  "an10.167:8.1": "… ‘Sexual misconduct has a bad result ",
  "an10.167:8.2": "in the present life and in lives to come.’ ",
  "an10.167:8.3": "Reflecting like this, they give up sexual misconduct, ",
  "an10.167:8.4": "they descend from sexual misconduct. ",
  "an10.167:9.1": "… ‘Lying has a bad result ",
  "an10.167:9.2": "in the present life and in lives to come.’ ",
  "an10.167:9.3": "Reflecting like this, they give up lying, ",
  "an10.167:9.4": "they descend from lying. ",
  "an10.167:10.1": "… ‘Divisive speech has a bad result ",
  "an10.167:10.2": "in the present life and in lives to come.’ ",
  "an10.167:10.3": "Reflecting like this, they give up divisive speech, ",
  "an10.167:10.4": "they descend from divisive speech. ",
  "an10.167:11.1": "… ‘Harsh speech has a bad result ",
  "an10.167:11.2": "in the present life and in lives to come.’ ",
  "an10.167:11.3": "Reflecting like this, they give up harsh speech, ",
  "an10.167:11.4": "they descend from harsh speech. ",
  "an10.167:12.1": "… ‘Talking nonsense has a bad result ",
  "an10.167:12.2": "in the present life and in lives to come.’ ",
  "an10.167:12.3": "Reflecting like this, they give up talking nonsense, ",
  "an10.167:12.4": "they descend from talking nonsense. ",
  "an10.167:13.1": "… ‘Covetousness has a bad result ",
  "an10.167:13.2": "in the present life and in lives to come.’ ",
  "an10.167:13.3": "Reflecting like this, they give up covetousness, ",
  "an10.167:13.4": "they descend from covetousness. ",
  "an10.167:14.1": "… ‘Ill will has a bad result ",
  "an10.167:14.2": "in the present life and in lives to come.’ ",
  "an10.167:14.3": "Reflecting like this, they give up ill will, ",
  "an10.167:14.4": "they descend from ill will. ",
  "an10.167:15.1": "‘Wrong view has a bad result ",
  "an10.167:15.2": "in the present life and in lives to come.’ ",
  "an10.167:15.3": "Reflecting like this, they give up wrong view, ",
  "an10.167:15.4": "they descend from wrong view. ",
  "an10.167:15.5": "This is the ceremony of descent in the training of the Noble One.” ",
  "an10.167:16.1": "“The ceremony of descent observed by the brahmins is quite different from that observed in the training of the Noble One. ",
  "an10.167:16.2": "And, worthy Gotama, the ceremony of descent observed by the brahmins is not worth a sixteenth part of the ceremony of descent observed in the training of the Noble One. ",
  "an10.167:16.3": "Excellent, worthy Gotama, excellent! … ",
  "an10.167:16.4": "From this day forth, may the worthy Gotama remember me as a lay follower who has gone for refuge for life.” "
}