{
  "an10.155:0.1": "Numbered Discourses 10.155 ",
  "an10.155:0.2": "16. Individuals ",
  "an10.155:0.3": "You Should Associate ",
  "an10.155:1.1": "“Mendicants, you should not associate with an individual who has ten qualities. ",
  "an10.155:1.2": "What ten? ",
  "an10.155:1.3": "Wrong view, wrong thought, wrong speech, wrong action, wrong livelihood, wrong effort, wrong mindfulness, wrong immersion, wrong knowledge, and wrong freedom. ",
  "an10.155:1.4": "You should not associate with an individual who has these ten qualities. ",
  "an10.155:2.1": "You should associate with an individual who has ten qualities. ",
  "an10.155:2.2": "What ten? ",
  "an10.155:2.3": "Right view, right thought, right speech, right action, right livelihood, right effort, right mindfulness, right immersion, right knowledge, and right freedom. ",
  "an10.155:2.4": "You should associate with an individual who has these ten qualities.” "
}