{
  "an10.56:0.1": "Numbered Discourses 10.56 ",
  "an10.56:0.2": "6. Your Own Mind ",
  "an10.56:0.3": "Perceptions (1st) ",
  "an10.56:1.1": "“Mendicants, these ten perceptions, when developed and cultivated, are very fruitful and beneficial. They have freedom from death as their objective and culmination. ",
  "an10.56:1.2": "What ten? ",
  "an10.56:1.3": "The perceptions of ugliness, death, repulsiveness of food, dissatisfaction with the whole world, impermanence, suffering in impermanence, and not-self in suffering, giving up, fading away, and cessation. ",
  "an10.56:1.4": "These ten perceptions, when developed and cultivated, are very fruitful and beneficial. They have freedom from death as their objective and culmination.” "
}