{
  "an10.103:0.1": "Numbered Discourses 10.103 ",
  "an10.103:0.2": "11. Perceptions for Ascetics ",
  "an10.103:0.3": "The Wrong Way ",
  "an10.103:1.1": "“Mendicants, relying on the wrong way leads to failure, not success. ",
  "an10.103:1.2": "And how does relying on the wrong way lead to failure, not success? ",
  "an10.103:1.3": "Wrong view produces wrong thought. Wrong thought produces wrong speech. Wrong speech produces wrong action. Wrong action produces wrong livelihood. Wrong livelihood produces wrong effort. Wrong effort produces wrong mindfulness. Wrong mindfulness produces wrong immersion. Wrong immersion produces wrong knowledge. Wrong knowledge produces wrong freedom. ",
  "an10.103:1.4": "That’s how relying on the wrong way leads to failure, not success. ",
  "an10.103:2.1": "Relying on the right way leads to success, not failure. ",
  "an10.103:2.2": "And how does relying on the right way lead to success, not failure? ",
  "an10.103:2.3": "Right view produces right thought. Right thought produces right speech. Right speech produces right action. Right action produces right livelihood. Right livelihood produces right effort. Right effort produces right mindfulness. Right mindfulness produces right immersion. Right immersion produces right knowledge. Right knowledge produces right freedom. ",
  "an10.103:2.4": "That’s how relying on the right way leads to success, not failure.” "
}