{
  "an10.104:0.1": "Numbered Discourses 10.104 ",
  "an10.104:0.2": "11. Perceptions for Ascetics ",
  "an10.104:0.3": "A Seed ",
  "an10.104:1.1": "“Mendicants, consider an individual who has wrong view, thought, speech, action, livelihood, effort, mindfulness, immersion, knowledge, and freedom. ",
  "an10.104:1.2": "Whatever bodily, verbal, or mental deeds they undertake in line with that view, their intentions, aims, wishes, and choices all lead to what is unlikable, undesirable, disagreeable, harmful, and suffering. ",
  "an10.104:1.3": "Why is that? ",
  "an10.104:1.4": "Because their view is bad. ",
  "an10.104:2.1": "Suppose a seed of neem, angled gourd, or bitter gourd was planted in moist earth. Whatever nutrients it takes up from the earth and water would lead to its bitter, acerbic, and unpleasant taste. ",
  "an10.104:2.2": "Why is that? ",
  "an10.104:2.3": "Because the seed is bad. ",
  "an10.104:2.4": "In the same way, consider an individual who has wrong view, thought, speech, action, livelihood, effort, mindfulness, immersion, knowledge, and freedom. ",
  "an10.104:2.5": "Whatever bodily, verbal, or mental deeds they undertake in line with that view, their intentions, aims, wishes, and choices all lead to what is unlikable, undesirable, disagreeable, harmful, and suffering. ",
  "an10.104:2.6": "Why is that? ",
  "an10.104:2.7": "Because their view is bad. ",
  "an10.104:3.1": "Consider an individual who has right view, thought, speech, action, livelihood, effort, mindfulness, immersion, knowledge, and freedom. Whatever bodily, verbal, or mental deeds they undertake in line with that view, their intentions, aims, wishes, and choices all lead to what is likable, desirable, agreeable, beneficial, and pleasant. ",
  "an10.104:3.2": "Why is that? ",
  "an10.104:3.3": "Because their view is good. ",
  "an10.104:4.1": "Suppose a seed of sugar cane, fine rice, or grape was planted in moist earth. Whatever nutrients it takes up from the earth and water would lead to its sweet, pleasant, delectable flavor. ",
  "an10.104:4.2": "Why is that? ",
  "an10.104:4.3": "Because the seed is fine. ",
  "an10.104:4.4": "In the same way, consider an individual who who has right view, thought, speech, action, livelihood, effort, mindfulness, immersion, knowledge, and freedom. ",
  "an10.104:4.5": "Whatever bodily, verbal, or mental deeds they undertake in line with that view, their intentions, aims, wishes, and choices all lead to what is likable, desirable, agreeable, beneficial, and pleasant. ",
  "an10.104:4.6": "Why is that? ",
  "an10.104:4.7": "Because their view is good.” "
}