{
  "an10.143:0.1": "Numbered Discourses 10.143 ",
  "an10.143:0.2": "14. Good ",
  "an10.143:0.3": "With Suffering as Outcome ",
  "an10.143:1.1": "“I will teach you the principle that has suffering as outcome, and that which has happiness as outcome. … ",
  "an10.143:1.2": "",
  "an10.143:1.3": "And what is the principle whose outcome is suffering? ",
  "an10.143:1.4": "Wrong view, wrong thought, wrong speech, wrong action, wrong livelihood, wrong effort, wrong mindfulness, wrong immersion, wrong knowledge, and wrong freedom. ",
  "an10.143:1.5": "This is the principle whose outcome is suffering. ",
  "an10.143:1.6": "And what is the principle whose outcome is happiness? ",
  "an10.143:1.7": "Right view, right thought, right speech, right action, right livelihood, right effort, right mindfulness, right immersion, right knowledge, and right freedom. ",
  "an10.143:1.8": "This is the principle whose outcome is happiness.” "
}