{
  "an10.78:0.1": "Numbered Discourses 10.78 ",
  "an10.78:0.2": "8. If You Want ",
  "an10.78:0.3": "Jains ",
  "an10.78:1.1": "“Mendicants, Jain ascetics have ten bad qualities. ",
  "an10.78:1.2": "What ten? ",
  "an10.78:1.3": "They’re faithless and ",
  "an10.78:1.4": "unethical, ",
  "an10.78:1.5": "without conscience ",
  "an10.78:1.6": "or prudence, ",
  "an10.78:1.7": "and devoted to untrue persons. ",
  "an10.78:1.8": "They glorify themselves and put others down. ",
  "an10.78:1.9": "They’re attached to their own views, holding them tight, and refusing to let go. ",
  "an10.78:1.10": "They’re deceptive, ",
  "an10.78:1.11": "with corrupt wishes ",
  "an10.78:1.12": "and bad friends. ",
  "an10.78:1.13": "Jain ascetics possess these ten bad qualities.” "
}