{
  "an10.105:0.1": "Numbered Discourses 10.105 ",
  "an10.105:0.2": "11. Perceptions for Ascetics ",
  "an10.105:0.3": "Knowledge ",
  "an10.105:1.1": "“Mendicants, ignorance precedes the attainment of unskillful qualities, with lack of conscience and prudence following along. ",
  "an10.105:1.2": "An ignoramus, sunk in ignorance, produces wrong view. Wrong view produces wrong thought. Wrong thought produces wrong speech. Wrong speech produces wrong action. Wrong action produces wrong livelihood. Wrong livelihood produces wrong effort. Wrong effort produces wrong mindfulness. Wrong mindfulness produces wrong immersion. Wrong immersion produces wrong knowledge. Wrong knowledge produces wrong freedom. ",
  "an10.105:2.1": "Knowledge precedes the attainment of skillful qualities, with conscience and prudence following along. ",
  "an10.105:2.2": "A sage, firm in knowledge, produces right view. Right view produces right thought. Right thought produces right speech. Right speech produces right action. Right action produces right livelihood. Right livelihood produces right effort. Right effort produces right mindfulness. Right mindfulness produces right immersion. Right immersion produces right knowledge. Right knowledge produces right freedom.” "
}