{
  "an10.67:0.1": "Numbered Discourses 10.67 ",
  "an10.67:0.2": "7. Pairs ",
  "an10.67:0.3": "At Naḷakapāna (1st) ",
  "an10.67:1.1": "At one time the Buddha was wandering in the land of the Kosalans together with a large Saṅgha of mendicants when he arrived at a town of the Kosalans named Naḷakapāna. ",
  "an10.67:1.2": "There the Buddha stayed near Naḷakapāna in the grove of flame-of-the-forest trees. ",
  "an10.67:1.3": "Now, at that time it was the sabbath, and the Buddha was sitting surrounded by a Saṅgha of monks. ",
  "an10.67:1.4": "The Buddha spent much of the night educating, encouraging, firing up, and inspiring the mendicants with a Dhamma talk. Then he looked around the Saṅgha of mendicants, who were so very silent. He addressed Venerable Sāriputta: ",
  "an10.67:2.1": "“Sāriputta, the Saṅgha of mendicants is rid of dullness and drowsiness. ",
  "an10.67:2.2": "Give them some Dhamma talk as you feel inspired. ",
  "an10.67:2.3": "My back is sore, ",
  "an10.67:2.4": "I’ll stretch it.” ",
  "an10.67:2.5": "“Yes, sir,” Sāriputta replied. ",
  "an10.67:3.1": "And then the Buddha spread out his outer robe folded in four and laid down in the lion’s posture—on the right side, placing one foot on top of the other—mindful and aware, and focused on the time of getting up. ",
  "an10.67:3.2": "There Sāriputta addressed the mendicants: ",
  "an10.67:3.3": "“Reverends, mendicants!” ",
  "an10.67:3.4": "“Reverend,” they replied. ",
  "an10.67:3.5": "Sāriputta said this: ",
  "an10.67:4.1": "“Reverends, whoever has no faith, conscience, prudence, energy, and wisdom when it comes to skillful qualities ",
  "an10.67:4.2": "",
  "an10.67:4.3": "",
  "an10.67:4.4": "can expect decline, not growth, in skillful qualities, whether by day or by night. ",
  "an10.67:4.5": "It’s like the moon in the waning fortnight. Whether by day or by night, its beauty, roundness, luminosity, and diameter and circumference only decline. ",
  "an10.67:4.6": "In the same way, whoever has no faith, conscience, prudence, energy, and wisdom when it comes to skillful qualities ",
  "an10.67:4.7": "",
  "an10.67:4.8": "",
  "an10.67:4.9": "can expect decline, not growth, in skillful qualities, whether by day or by night. ",
  "an10.67:5.1": "A faithless individual is in decline. ",
  "an10.67:5.2": "An individual with no conscience is in decline. ",
  "an10.67:5.3": "An imprudent individual is in decline. ",
  "an10.67:5.4": "A lazy individual is in decline. ",
  "an10.67:5.5": "A witless individual is in decline. ",
  "an10.67:5.6": "An irritable individual is in decline. ",
  "an10.67:5.7": "An acrimonious individual is in decline. ",
  "an10.67:5.8": "An individual with corrupt wishes is in decline. ",
  "an10.67:5.9": "An individual with bad friends is in decline. ",
  "an10.67:5.10": "An individual with wrong view is in decline. ",
  "an10.67:6.1": "Whoever has faith, conscience, prudence, energy, and wisdom when it comes to skillful qualities ",
  "an10.67:6.2": "",
  "an10.67:6.3": "can expect growth, not decline, in skillful qualities, whether by day or by night. ",
  "an10.67:6.4": "It’s like the moon in the waxing fortnight. Whether by day or by night, its beauty, roundness, luminosity, and diameter and circumference only grow. ",
  "an10.67:6.5": "In the same way, whoever has faith, conscience, prudence, energy, and wisdom when it comes to skillful qualities ",
  "an10.67:6.6": "",
  "an10.67:6.7": "",
  "an10.67:6.8": "can expect growth, not decline, in skillful qualities, whether by day or by night. ",
  "an10.67:7.1": "A faithful individual doesn’t decline. ",
  "an10.67:7.2": "An individual with a conscience doesn’t decline. ",
  "an10.67:7.3": "A prudent individual doesn’t decline. ",
  "an10.67:7.4": "An energetic individual doesn’t decline. ",
  "an10.67:7.5": "A wise individual doesn’t decline. ",
  "an10.67:7.6": "A loving individual doesn’t decline. ",
  "an10.67:7.7": "A kind individual doesn’t decline. ",
  "an10.67:7.8": "An individual with few desires doesn’t decline. ",
  "an10.67:7.9": "An individual with good friends doesn’t decline. ",
  "an10.67:7.10": "An individual with right view doesn’t decline.” ",
  "an10.67:8.1": "Then the Buddha got up and said to Venerable Sāriputta: ",
  "an10.67:8.2": "“Good, good, Sāriputta! ",
  "an10.67:8.3": "Whoever has no faith, conscience, prudence, energy, and wisdom when it comes to skillful qualities ",
  "an10.67:8.4": "",
  "an10.67:8.5": "",
  "an10.67:8.6": "can expect decline, not growth, in skillful qualities, whether by day or by night. ",
  "an10.67:8.7": "It’s like the moon in the waning fortnight. Whether by day or by night, its beauty, roundness, luminosity, and diameter and circumference only decline. ",
  "an10.67:8.8": "In the same way, whoever has no faith, conscience, prudence, energy, and wisdom when it comes to skillful qualities ",
  "an10.67:8.9": "can expect decline, not growth, in skillful qualities, whether by day or by night. ",
  "an10.67:9.1": "A faithless individual is in decline. ",
  "an10.67:9.2": "An individual with no conscience … ",
  "an10.67:9.3": "imprudent … ",
  "an10.67:9.4": "lazy … ",
  "an10.67:9.5": "witless … ",
  "an10.67:9.6": "irritable … ",
  "an10.67:9.7": "acrimonious … ",
  "an10.67:9.8": "with corrupt wishes … ",
  "an10.67:9.9": "bad friends … ",
  "an10.67:9.10": "An individual with wrong view is in decline. ",
  "an10.67:10.1": "Whoever has faith, conscience, prudence, energy, and wisdom when it comes to skillful qualities ",
  "an10.67:10.2": "",
  "an10.67:10.3": "",
  "an10.67:10.4": "can expect growth, not decline, in skillful qualities, whether by day or by night. ",
  "an10.67:10.5": "It’s like the moon in the waxing fortnight. Whether by day or by night, its beauty, roundness, luminosity, and diameter and circumference only grow. ",
  "an10.67:10.6": "In the same way, whoever has faith, conscience, prudence, energy, and wisdom when it comes to skillful qualities ",
  "an10.67:10.7": "",
  "an10.67:10.8": "",
  "an10.67:10.9": "can expect growth, not decline, in skillful qualities, whether by day or by night. ",
  "an10.67:11.1": "A faithful individual doesn’t decline. ",
  "an10.67:11.2": "A conscientious individual … ",
  "an10.67:11.3": "prudent … ",
  "an10.67:11.4": "energetic … ",
  "an10.67:11.5": "wise … ",
  "an10.67:11.6": "loving … ",
  "an10.67:11.7": "kind … ",
  "an10.67:11.8": "with few desires … ",
  "an10.67:11.9": "good friends … ",
  "an10.67:11.10": "An individual with right view doesn’t decline.” "
}