{
  "an10.16:0.1": "Numbered Discourses 10.16 ",
  "an10.16:0.2": "2. A Protector ",
  "an10.16:0.3": "Worthy of Offerings Dedicated to the Gods ",
  "an10.16:1.1": "“Mendicants, these ten individuals are worthy of offerings dedicated to the gods, worthy of hospitality, worthy of a religious donation, worthy of greeting with joined palms, and are the supreme field of merit for the world. ",
  "an10.16:1.2": "What ten? ",
  "an10.16:1.3": "A Realized One, a perfected one, a fully awakened Buddha; an Independent Buddha; one freed both ways; one freed by wisdom; a direct witness; one attained to view; one freed by faith; a follower by faith; a follower of teachings; a lamb of the flock. ",
  "an10.16:1.4": "These are the ten individuals who are worthy of offerings dedicated to the gods, worthy of hospitality, worthy of a religious donation, worthy of greeting with joined palms, and are the supreme field of merit for the world.” "
}