{
  "an10.139:0.1": "Numbered Discourses 10.139 ",
  "an10.139:0.2": "14. Good ",
  "an10.139:0.3": "Defiled ",
  "an10.139:1.1": "“I will teach you the defiled principle and the undefiled. … ",
  "an10.139:1.2": "",
  "an10.139:1.3": "And what is the defiled principle? ",
  "an10.139:1.4": "Wrong view, wrong thought, wrong speech, wrong action, wrong livelihood, wrong effort, wrong mindfulness, wrong immersion, wrong knowledge, and wrong freedom. ",
  "an10.139:1.5": "This is called the defiled principle. ",
  "an10.139:1.6": "And what is the undefiled principle? ",
  "an10.139:1.7": "Right view, right thought, right speech, right action, right livelihood, right effort, right mindfulness, right immersion, right knowledge, and right freedom. ",
  "an10.139:1.8": "This is called the undefiled principle.” "
}