{
  "an10.66:0.1": "Numbered Discourses 10.66 ",
  "an10.66:0.2": "7. Pairs ",
  "an10.66:0.3": "Happiness (2nd) ",
  "an10.66:1.1": "At one time Venerable Sāriputta was staying in the land of the Magadhans near the little village of Nālaka. ",
  "an10.66:1.2": "Then the wanderer Sāmaṇḍakāni went up to Venerable Sāriputta and exchanged greetings with him. ",
  "an10.66:1.3": "When the greetings and polite conversation were over, Sāmaṇḍakāni sat down to one side and said to Sāriputta: ",
  "an10.66:2.1": "“Reverend Sāriputta, in this teaching and training, what is happiness and what is suffering?” ",
  "an10.66:2.2": "“Reverend, in this teaching and training dissatisfaction is suffering and satisfaction is happiness. ",
  "an10.66:2.3": "When you’re dissatisfied, you can expect this kind of suffering. ",
  "an10.66:2.4": "You find no happiness or pleasure while walking … ",
  "an10.66:2.5": "standing … ",
  "an10.66:2.6": "sitting … ",
  "an10.66:2.7": "or lying down … ",
  "an10.66:2.8": "or when in a village … ",
  "an10.66:2.9": "a wilderness … ",
  "an10.66:2.10": "at the root of a tree … ",
  "an10.66:2.11": "an empty hut … ",
  "an10.66:2.12": "the open air … ",
  "an10.66:2.13": "or when among the mendicants. ",
  "an10.66:2.14": "When you’re dissatisfied, this is the kind of suffering you can expect. ",
  "an10.66:3.1": "When you’re satisfied, you can expect this kind of happiness. ",
  "an10.66:3.2": "You find happiness or pleasure while walking … ",
  "an10.66:3.3": "standing … ",
  "an10.66:3.4": "sitting … ",
  "an10.66:3.5": "or lying down … ",
  "an10.66:3.6": "or when in a village … ",
  "an10.66:3.7": "a wilderness … ",
  "an10.66:3.8": "at the root of a tree … ",
  "an10.66:3.9": "an empty hut … ",
  "an10.66:3.10": "the open air … ",
  "an10.66:3.11": "or when among the mendicants. ",
  "an10.66:3.12": "When you’re satisfied, this is the kind of happiness you can expect.” "
}