{
  "an10.217:0.1": "Numbered Discourses 10.217 ",
  "an10.217:0.2": "21. The Body Born of Deeds ",
  "an10.217:0.3": "Intentional (1st) ",
  "an10.217:1.1": "“Mendicants, I don’t say that intentional deeds that have been performed and accumulated are eliminated without being experienced. ",
  "an10.217:1.2": "And that may be in this very life, or in the next life, or in some subsequent period. ",
  "an10.217:1.3": "But in any case, there is no making an end of suffering without experiencing intentional deeds that have been performed and accumulated, I say. ",
  "an10.217:2.1": "Now, there are three kinds of corruption and failure of bodily action that have unskillful intention, with suffering as their outcome and result. ",
  "an10.217:2.2": "There are four kinds of corruption and failure of verbal action that have unskillful intention, with suffering as their outcome and result. ",
  "an10.217:2.3": "There are three kinds of corruption and failure of mental action that have unskillful intention, with suffering as their outcome and result. ",
  "an10.217:3.1": "And what are the three kinds of corruption and failure of bodily action? ",
  "an10.217:3.2": "It’s when a certain person kills living creatures. They’re violent, bloody-handed, a hardened killer, merciless to living beings. ",
  "an10.217:4.1": "They steal. With the intention to commit theft, they take the wealth or belongings of others from village or wilderness. ",
  "an10.217:5.1": "They commit sexual misconduct. They have sex with women who have their mother, father, both mother and father, brother, sister, relatives, or clan as guardian. They have sex with a woman who is protected on principle, or who has a husband, or whose violation is punishable by law, or even one who has been garlanded as a token of betrothal. ",
  "an10.217:6.1": "These are the three kinds of corruption and failure of bodily action. ",
  "an10.217:7.1": "And what are the four kinds of corruption and failure of verbal action? ",
  "an10.217:7.2": "It’s when a certain person lies. They’re summoned to a council, an assembly, a family meeting, a guild, or to the royal court, and asked to bear witness: ",
  "an10.217:7.3": "‘Please, worthy man, say what you know.’ Not knowing, they say ‘I know.’ Knowing, they say ‘I don’t know.’ Not seeing, they say ‘I see.’ And seeing, they say ‘I don’t see.’ So they deliberately lie for the sake of themselves or another, or for some trivial worldly reason. ",
  "an10.217:8.1": "They speak divisively. They repeat in one place what they heard in another so as to divide people against each other. And so they divide those who are harmonious, supporting division, delighting in division, loving division, speaking words that promote division. ",
  "an10.217:9.1": "They speak harshly. They use the kinds of words that are cruel, nasty, hurtful, offensive, bordering on anger, not leading to immersion. ",
  "an10.217:10.1": "They indulge in talking nonsense. Their speech is untimely, and is neither factual nor beneficial. It has nothing to do with the teaching or the training. Their words have no value, and are untimely, unreasonable, rambling, and pointless. ",
  "an10.217:11.1": "These are the four kinds of corruption and failure of verbal action. ",
  "an10.217:12.1": "And what are the three kinds of corruption and failure of mental action? ",
  "an10.217:12.2": "It’s when someone is covetous. They covet the wealth and belongings of others: ‘Oh, if only their belongings were mine!’ ",
  "an10.217:13.1": "They have ill will and malicious intentions: ‘May these sentient beings be killed, slaughtered, slain, destroyed, or annihilated!’ ",
  "an10.217:14.1": "They have wrong view. Their perspective is distorted: ",
  "an10.217:14.2": "‘There’s no meaning in giving, sacrifice, or offerings. There’s no fruit or result of good and bad deeds. There’s no afterlife. There’s no such thing as mother and father, or beings that are reborn spontaneously. And there’s no ascetic or brahmin who is rightly comported and rightly practiced, and who describes the afterlife after realizing it with their own insight.’ ",
  "an10.217:15.1": "These are the three kinds of corruption and failure of mental action. ",
  "an10.217:16.1": "When their body breaks up, after death, sentient beings are reborn in a place of loss, a bad place, the underworld, hell because of these three kinds of corruption and failure of bodily action, these four kinds of corruption and failure of verbal action, or these three kinds of corruption and failure of mental action that have unskillful intention, with suffering as their outcome and result. ",
  "an10.217:17.1": "It’s like throwing unfailing dice: they always fall the right side up. ",
  "an10.217:17.2": "In the same way, when their body breaks up, after death, sentient beings are reborn in a place of loss, a bad place, the underworld, hell because of these three kinds of corruption and failure of bodily action, these four kinds of corruption and failure of verbal action, or these three kinds of corruption and failure of mental action that have unskillful intention, with suffering as their outcome and result. ",
  "an10.217:18.1": "I don’t say that intentional deeds that have been performed and accumulated are eliminated without being experienced. ",
  "an10.217:18.2": "And that may be in this very life, or in the next life, or in some subsequent period. ",
  "an10.217:18.3": "But in any case, there is no making an end of suffering without experiencing intentional deeds that have been performed and accumulated, I say. ",
  "an10.217:19.1": "Now, there are three kinds of successful bodily action that have skillful intention, with happiness as their outcome and result. ",
  "an10.217:19.2": "There are four kinds of successful verbal action that have skillful intention, with happiness as their outcome and result. ",
  "an10.217:19.3": "There are three kinds of successful mental action that have skillful intention, with happiness as their outcome and result. ",
  "an10.217:20.1": "And what are the three kinds of successful bodily action? ",
  "an10.217:20.2": "It’s when a certain person gives up killing living creatures. They renounce the rod and the sword. They’re scrupulous and kind, living full of sympathy for all living beings. ",
  "an10.217:21.1": "They don’t steal. They don’t, with the intention to commit theft, take the wealth or belongings of others from village or wilderness. ",
  "an10.217:22.1": "They give up sexual misconduct. They don’t have sex with women who have their mother, father, both mother and father, brother, sister, relatives, or clan as guardian. They don’t have sex with a woman who is protected on principle, or who has a husband, or whose violation is punishable by law, or even one who has been garlanded as a token of betrothal. ",
  "an10.217:23.1": "These are the three kinds of successful bodily action. ",
  "an10.217:24.1": "And what are the four kinds of successful verbal action? ",
  "an10.217:24.2": "It’s when a certain person gives up lying. They’re summoned to a council, an assembly, a family meeting, a guild, or to the royal court, and asked to bear witness: ‘Please, worthy man, say what you know.’ Not knowing, they say ‘I don’t know.’ Knowing, they say ‘I know.’ Not seeing, they say ‘I don’t see.’ And seeing, they say ‘I see.’ They don’t deliberately lie for the sake of themselves or another, or for some trivial worldly reason. ",
  "an10.217:25.1": "They give up divisive speech. They don’t repeat in one place what they heard in another so as to divide people against each other. Instead, they reconcile those who are divided and support those who are united, delighting in harmony, loving harmony, speaking words that promote harmony. ",
  "an10.217:26.1": "They give up harsh speech. They speak in a way that’s mellow, pleasing to the ear, lovely, going to the heart, polite, likable and agreeable to the people. ",
  "an10.217:27.1": "They give up talking nonsense. Their words are timely, true, and meaningful, in line with the teaching and training. They say things at the right time which are valuable, reasonable, succinct, and beneficial. ",
  "an10.217:28.1": "These are the four kinds of successful verbal action. ",
  "an10.217:29.1": "And what are the three kinds of successful mental action? ",
  "an10.217:29.2": "It’s when someone is content. They don’t covet the wealth and belongings of others: ‘Oh, if only their belongings were mine!’ ",
  "an10.217:30.1": "They have a kind heart and loving intentions: ‘May these sentient beings live free of enmity and ill will, untroubled and happy!’ ",
  "an10.217:31.1": "They have right view, an undistorted perspective: ",
  "an10.217:31.2": "‘There is meaning in giving, sacrifice, and offerings. There are fruits and results of good and bad deeds. There is an afterlife. There are such things as mother and father, and beings that are reborn spontaneously. And there are ascetics and brahmins who are rightly comported and rightly practiced, and who describe the afterlife after realizing it with their own insight.’ ",
  "an10.217:32.1": "These are the three kinds of successful mental action. ",
  "an10.217:33.1": "When their body breaks up, after death, sentient beings are reborn in a good place, in heaven because of these three kinds of successful bodily action, these four kinds of successful verbal action, or these three kinds of successful mental action that have skillful intention, with happiness as their outcome and result. ",
  "an10.217:34.1": "It’s like throwing unfaling dice: they always fall the right side up. ",
  "an10.217:34.2": "In the same way, when their body breaks up, after death, sentient beings are reborn in a good place, in heaven because of these three kinds of successful bodily action, these four kinds of successful verbal action, or these three kinds of successful mental action that have skillful intention, with happiness as their outcome and result. ",
  "an10.217:34.3": "I don’t say that intentional deeds that have been performed and accumulated are eliminated without being experienced. ",
  "an10.217:34.4": "And that may be in this very life, or in the next life, or in some subsequent period. ",
  "an10.217:34.5": "But in any case, there is no making an end of suffering without experiencing intentional deeds that have been performed and accumulated, I say.” "
}