{
  "an10.18:0.1": "Numbered Discourses 10.18 ",
  "an10.18:0.2": "2. A Protector ",
  "an10.18:0.3": "A Protector (2nd) ",
  "an10.18:1.1": "So I have heard. ",
  "an10.18:1.2": "At one time the Buddha was staying near Sāvatthī in Jeta’s Grove, Anāthapiṇḍika’s monastery. ",
  "an10.18:1.3": "There the Buddha addressed the mendicants, ",
  "an10.18:1.4": "“Mendicants!” ",
  "an10.18:1.5": "“Venerable sir,” they replied. ",
  "an10.18:1.6": "The Buddha said this: ",
  "an10.18:2.1": "“Mendicants, you should live with a protector, not without one. ",
  "an10.18:2.2": "Living without a protector is suffering. ",
  "an10.18:2.3": "There are ten qualities that serve as protector. ",
  "an10.18:2.4": "What ten? ",
  "an10.18:2.5": "Firstly, a mendicant is ethical, restrained in the monastic code, conducting themselves well and resorting for alms in suitable places. Seeing danger in the slightest fault, they keep the rules they’ve undertaken. ",
  "an10.18:2.6": "Knowing this, the mendicants—whether senior, middle, or junior—think that mendicant is worth advising and instructing. ",
  "an10.18:2.7": "Being treated with such kindness by the senior, middle, and junior mendicants, that mendicant can expect only growth, not decline. ",
  "an10.18:2.8": "This is a quality that serves as protector. ",
  "an10.18:3.1": "Furthermore, a mendicant is very learned, remembering and keeping what they’ve learned. These teachings are good in the beginning, good in the middle, and good in the end, meaningful and well-phrased, describing a spiritual practice that’s entirely full and pure. They are very learned in such teachings, remembering them, reinforcing them by recitation, mentally scrutinizing them, and penetrating them theoretically. ",
  "an10.18:3.2": "Knowing this, the mendicants—whether senior, middle, or junior—think that mendicant is worth advising and instructing. ",
  "an10.18:3.3": "Being treated with such kindness by the senior, middle, and junior mendicants, that mendicant can expect only growth, not decline. ",
  "an10.18:3.4": "This too is a quality that serves as protector. ",
  "an10.18:4.1": "Furthermore, a mendicant has good friends, companions, and associates. ",
  "an10.18:4.2": "Knowing this, the mendicants—whether senior, middle, or junior—think that mendicant is worth advising and instructing. ",
  "an10.18:4.3": "Being treated with such kindness by the senior, middle, and junior mendicants, that mendicant can expect only growth, not decline. ",
  "an10.18:4.4": "This too is a quality that serves as protector. ",
  "an10.18:5.1": "Furthermore, a mendicant is easy to admonish, having qualities that make them easy to admonish. They’re patient, and take instruction respectfully. ",
  "an10.18:5.2": "Knowing this, the mendicants—whether senior, middle, or junior—think that mendicant is worth advising and instructing. ",
  "an10.18:5.3": "Being treated with such kindness by the senior, middle, and junior mendicants, that mendicant can expect only growth, not decline. ",
  "an10.18:5.4": "This too is a quality that serves as protector. ",
  "an10.18:6.1": "Furthermore, a mendicant is deft and tireless in a diverse spectrum of duties for their spiritual companions, understanding how to go about things in order to complete and organize the work. ",
  "an10.18:6.2": "Knowing this, the mendicants—whether senior, middle, or junior—think that mendicant is worth advising and instructing. ",
  "an10.18:6.3": "Being treated with such kindness by the senior, middle, and junior mendicants, that mendicant can expect only growth, not decline. ",
  "an10.18:6.4": "This too is a quality that serves as protector. ",
  "an10.18:7.1": "Furthermore, a mendicant loves the teachings and is a delight to converse with, being full of joy in the teaching and training. ",
  "an10.18:7.2": "Knowing this, the mendicants—whether senior, middle, or junior—think that mendicant is worth advising and instructing. ",
  "an10.18:7.3": "Being treated with such kindness by the senior, middle, and junior mendicants, that mendicant can expect only growth, not decline. ",
  "an10.18:7.4": "This too is a quality that serves as protector. ",
  "an10.18:8.1": "Furthermore, a mendicant lives with energy roused up for giving up unskillful qualities and embracing skillful qualities. They are strong, staunchly vigorous, not slacking off when it comes to developing skillful qualities. ",
  "an10.18:8.2": "Knowing this, the mendicants—whether senior, middle, or junior—think that mendicant is worth advising and instructing. ",
  "an10.18:8.3": "Being treated with such kindness by the senior, middle, and junior mendicants, that mendicant can expect only growth, not decline. ",
  "an10.18:8.4": "This too is a quality that serves as protector. ",
  "an10.18:9.1": "Furthermore, a mendicant is content with any kind of robes, almsfood, lodgings, and medicines and supplies for the sick. ",
  "an10.18:9.2": "Knowing this, the mendicants—whether senior, middle, or junior—think that mendicant is worth advising and instructing. ",
  "an10.18:9.3": "Being treated with such kindness by the senior, middle, and junior mendicants, that mendicant can expect only growth, not decline. ",
  "an10.18:9.4": "This too is a quality that serves as protector. ",
  "an10.18:10.1": "Furthermore, a mendicant is mindful. They have utmost mindfulness and alertness, and can remember and recall what was said and done long ago. ",
  "an10.18:10.2": "Knowing this, the mendicants—whether senior, middle, or junior—think that mendicant is worth advising and instructing. ",
  "an10.18:10.3": "Being treated with such kindness by the senior, middle, and junior mendicants, that mendicant can expect only growth, not decline. ",
  "an10.18:10.4": "This too is a quality that serves as protector. ",
  "an10.18:11.1": "Furthermore, a mendicant is wise. They have the wisdom of arising and passing away which is noble, penetrative, and leads to the complete ending of suffering. ",
  "an10.18:11.2": "Knowing this, the mendicants—whether senior, middle, or junior—think that mendicant is worth advising and instructing. ",
  "an10.18:11.3": "Being treated with such kindness by the senior, middle, and junior mendicants, that mendicant can expect only growth, not decline. ",
  "an10.18:11.4": "This too is a quality that serves as protector. ",
  "an10.18:12.1": "You should live with a protector, not without one. ",
  "an10.18:12.2": "Living without a protector is suffering. ",
  "an10.18:12.3": "These are the ten qualities that serve as protector.” ",
  "an10.18:12.4": "That is what the Buddha said. ",
  "an10.18:12.5": "Satisfied, the mendicants approved what the Buddha said. "
}