{
  "an10.127:0.1": "Numbered Discourses 10.127 ",
  "an10.127:0.2": "13. Purified ",
  "an10.127:0.3": "Fifth ",
  "an10.127:1.1": "“Mendicants, these ten things don’t lead solely to disillusionment, dispassion, cessation, peace, insight, awakening, and extinguishment apart from the Holy One’s training. ",
  "an10.127:1.2": "What ten? ",
  "an10.127:1.3": "Right view, right thought, right speech, right action, right livelihood, right effort, right mindfulness, right immersion, right knowledge, and right freedom. ",
  "an10.127:1.4": "These are the ten things that don’t lead solely to disillusionment, dispassion, cessation, peace, insight, awakening, and extinguishment apart from the Holy One’s training.” "
}