{
  "an10.33:0.1": "Numbered Discourses 10.33 ",
  "an10.33:0.2": "4. With Upāli ",
  "an10.33:0.3": "A Judge ",
  "an10.33:1.1": "“Sir, how many qualities should a mendicant have to be deemed a judge?” ",
  "an10.33:1.2": "“Upāli, a mendicant should have ten qualities to be deemed a judge. ",
  "an10.33:1.3": "What ten? ",
  "an10.33:1.4": "It’s when a mendicant is ethical, restrained in the monastic code, conducting themselves well and resorting for alms in suitable places. Seeing danger in the slightest fault, they keep the rules they’ve undertaken. ",
  "an10.33:1.5": "They’re very learned, remembering and keeping what they’ve learned. These teachings are good in the beginning, good in the middle, and good in the end, meaningful and well-phrased, describing a spiritual practice that’s entirely full and pure. They are very learned in such teachings, remembering them, rehearsing them, mentally scrutinizing them, and penetrating them theoretically. ",
  "an10.33:1.6": "Both monastic codes have been passed down to them in detail, well analyzed, well mastered, well evaluated in both the rules and accompanying material. ",
  "an10.33:1.7": "They’re firm and unfaltering in the training. ",
  "an10.33:1.8": "When there are opposing parties, they’re able to persuade, advocate, and convince them, make them see the other side and trust each other. ",
  "an10.33:1.9": "They’re skilled in raising and settling disciplinary issues. ",
  "an10.33:1.10": "They know what a disciplinary issue is. ",
  "an10.33:1.11": "They know how a disciplinary issue originates. ",
  "an10.33:1.12": "They know how a disciplinary issue ceases. ",
  "an10.33:1.13": "They know the practical way leading to the cessation of a disciplinary issue. ",
  "an10.33:1.14": "A mendicant should possess these ten qualities to be deemed a judge.” "
}