{
  "an10.126:0.1": "Numbered Discourses 10.126 ",
  "an10.126:0.2": "13. Purified ",
  "an10.126:0.3": "Fourth ",
  "an10.126:1.1": "“Mendicants, these ten things don’t culminate in the removal of greed, hate, and delusion apart from the Holy One’s training. ",
  "an10.126:1.2": "What ten? ",
  "an10.126:1.3": "Right view, right thought, right speech, right action, right livelihood, right effort, right mindfulness, right immersion, right knowledge, and right freedom. ",
  "an10.126:1.4": "These are the ten things that don’t culminate in the removal of greed, hate, and delusion apart from the Holy One’s training.” "
}