{
  "an10.137:0.1": "Numbered Discourses 10.137 ",
  "an10.137:0.2": "14. Good ",
  "an10.137:0.3": "Beneficial ",
  "an10.137:1.1": "“I will teach you the beneficial and the harmful. … ",
  "an10.137:1.2": "",
  "an10.137:1.3": "And what is the harmful? ",
  "an10.137:1.4": "Wrong view, wrong thought, wrong speech, wrong action, wrong livelihood, wrong effort, wrong mindfulness, wrong immersion, wrong knowledge, and wrong freedom. ",
  "an10.137:1.5": "This is called the harmful. ",
  "an10.137:1.6": "And what is the beneficial? ",
  "an10.137:1.7": "Right view, right thought, right speech, right action, right livelihood, right effort, right mindfulness, right immersion, right knowledge, and right freedom. ",
  "an10.137:1.8": "This is called the beneficial.” "
}