{
  "an10.142:0.1": "Numbered Discourses 10.142 ",
  "an10.142:0.2": "14. Good ",
  "an10.142:0.3": "Accumulation ",
  "an10.142:1.1": "“I will teach you the principle that leads to accumulation and that which leads to dispersal. … ",
  "an10.142:1.2": "",
  "an10.142:1.3": "And what is the principle that leads to accumulation? ",
  "an10.142:1.4": "Wrong view, wrong thought, wrong speech, wrong action, wrong livelihood, wrong effort, wrong mindfulness, wrong immersion, wrong knowledge, and wrong freedom. ",
  "an10.142:1.5": "This is called the principle that leads to accumulation. ",
  "an10.142:1.6": "And what is the principle that leads to dispersal? ",
  "an10.142:1.7": "Right view, right thought, right speech, right action, right livelihood, right effort, right mindfulness, right immersion, right knowledge, and right freedom. ",
  "an10.142:1.8": "This is called the principle that leads to dispersal.” "
}