{
  "an10.7:0.1": "Numbered Discourses 10.7 ",
  "an10.7:0.2": "1. Benefits ",
  "an10.7:0.3": "Sāriputta ",
  "an10.7:1.1": "Then Venerable Ānanda went up to Venerable Sāriputta, and exchanged greetings with him. ",
  "an10.7:1.2": "When the greetings and polite conversation were over, he sat down to one side and said to Sāriputta: ",
  "an10.7:2.1": "“Could it be, reverend Sāriputta, that a mendicant might gain a state of immersion like this? They wouldn’t perceive earth in earth, water in water, fire in fire, or air in air. And they wouldn’t perceive the dimension of infinite space in the dimension of infinite space, the dimension of infinite consciousness in the dimension of infinite consciousness, the dimension of nothingness in the dimension of nothingness, or the dimension of neither perception nor non-perception in the dimension of neither perception nor non-perception. And they wouldn’t perceive this world in this world, or the other world in the other world. And yet they would still perceive.” ",
  "an10.7:3.1": "“It could be, Reverend Ānanda.” ",
  "an10.7:4.1": "“But how could this be?” ",
  "an10.7:4.2": "“Reverend Ānanda, this one time I was staying right here at Sāvatthī in the Dark Forest. ",
  "an10.7:4.3": "There I gained a state of immersion like this. I didn’t perceive earth in earth, water in water, fire in fire, or air in air. And I didn’t perceive the dimension of infinite space in the dimension of infinite space, the dimension of infinite consciousness in the dimension of infinite consciousness, the dimension of nothingness in the dimension of nothingness, or the dimension of neither perception nor non-perception in the dimension of neither perception nor non-perception. And I didn’t perceive this world in this world, or the other world in the other world. And yet I still perceived.” ",
  "an10.7:5.1": "“But at that time what did Reverend Sāriputta perceive?” ",
  "an10.7:5.2": "“One perception arose in me and another perception ceased: ‘The cessation of continued existence is extinguishment. The cessation of continued existence is extinguishment.’ ",
  "an10.7:5.3": "Suppose there was a burning pile of twigs. One flame would arise and another would cease. ",
  "an10.7:5.4": "In the same way, one perception arose in me and another perception ceased: ‘The cessation of continued existence is extinguishment. The cessation of continued existence is extinguishment.’ ",
  "an10.7:5.5": "At that time I perceived that the cessation of continued existence is extinguishment.” "
}