{
  "an10.112:0.1": "Numbered Discourses 10.112 ",
  "an10.112:0.2": "11. Perceptions for Ascetics ",
  "an10.112:0.3": "An Adept (2nd) ",
  "an10.112:1.1": "“Mendicants, there are ten qualities of an adept. ",
  "an10.112:1.2": "What ten? ",
  "an10.112:1.3": "An adept’s right view, right thought, right speech, right action, right livelihood, right effort, right mindfulness, right immersion, right knowledge, and right freedom. ",
  "an10.112:1.4": "These are the ten qualities of an adept.” ",
  "an10.112:1.5": "",
  "an10.112:1.6": "",
  "an10.112:2.1": "",
  "an10.112:2.2": "",
  "an10.112:2.3": ""
}