{
  "an10.215:0.1": "Numbered Discourses 10.215 ",
  "an10.215:0.2": "21. The Body Born of Deeds ",
  "an10.215:0.3": "Assured ",
  "an10.215:1.1": "“A laywoman living at home with these ten qualities is not self-assured. ",
  "an10.215:1.2": "What ten? ",
  "an10.215:1.3": "She kills living creatures. … ",
  "an10.215:1.4": "",
  "an10.215:1.5": "",
  "an10.215:1.6": "",
  "an10.215:1.7": "",
  "an10.215:1.8": "",
  "an10.215:1.9": "",
  "an10.215:1.10": "",
  "an10.215:1.11": "",
  "an10.215:1.12": "She has wrong view. … ",
  "an10.215:1.13": "A laywoman living at home with these ten qualities is not self-assured. ",
  "an10.215:2.1": "A laywoman living at home with these ten qualities is self-assured. ",
  "an10.215:2.2": "What ten? ",
  "an10.215:2.3": "She doesn’t kill living creatures. … ",
  "an10.215:2.4": "",
  "an10.215:2.5": "",
  "an10.215:2.6": "",
  "an10.215:2.7": "",
  "an10.215:2.8": "",
  "an10.215:2.9": "",
  "an10.215:2.10": "",
  "an10.215:2.11": "",
  "an10.215:2.12": "She has right view. … ",
  "an10.215:2.13": "A laywoman living at home with these ten qualities is self-assured.” "
}