{
  "an10.84:0.1": "Numbered Discourses 10.84 ",
  "an10.84:0.2": "9. Senior Mendicants ",
  "an10.84:0.3": "Declaration ",
  "an10.84:1.1": "There Venerable Mahāmoggallāna addressed the mendicants: ",
  "an10.84:1.2": "“Reverends, mendicants!” ",
  "an10.84:1.3": "“Reverend,” they replied. ",
  "an10.84:1.4": "Venerable Mahāmoggallāna said this: ",
  "an10.84:2.1": "“Take a mendicant who declares enlightenment: ",
  "an10.84:2.2": "‘I understand: “Rebirth is ended, the spiritual journey has been completed, what had to be done has been done, there is nothing further for this place.”’ ",
  "an10.84:2.3": "They’re pursued, pressed, and grilled by the Realized One, or by one of his disciples who is a meditator skilled in attainments, in the minds of others, and in encompassing another’s mind. ",
  "an10.84:2.4": "Grilled in this way they get stuck or lose their way. They fall to ruin and disaster. ",
  "an10.84:3.1": "The Realized One or one of his disciples encompasss their mind and investigates: ",
  "an10.84:3.2": "‘Why does this venerable declare enlightenment, saying: ",
  "an10.84:3.3": "“I understand: ‘Rebirth is ended, the spiritual journey has been completed, what had to be done has been done, there is nothing further for this place.’?”’ ",
  "an10.84:4.1": "They understand: ",
  "an10.84:5.1": "‘This venerable gets irritable, ",
  "an10.84:5.2": "and often lives with a heart full of anger. ",
  "an10.84:5.3": "But being full of anger means decline in the teaching and training proclaimed by the Realized One. ",
  "an10.84:6.1": "This venerable is acrimonious … ",
  "an10.84:6.2": "",
  "an10.84:6.3": "",
  "an10.84:7.1": "prone to disdain … ",
  "an10.84:7.2": "",
  "an10.84:7.3": "",
  "an10.84:8.1": "contemptuous … ",
  "an10.84:8.2": "",
  "an10.84:8.3": "",
  "an10.84:9.1": "jealous … ",
  "an10.84:9.2": "",
  "an10.84:9.3": "",
  "an10.84:10.1": "stingy … ",
  "an10.84:10.2": "",
  "an10.84:10.3": "",
  "an10.84:11.1": "devious … ",
  "an10.84:11.2": "",
  "an10.84:11.3": "",
  "an10.84:12.1": "deceitful … ",
  "an10.84:12.2": "",
  "an10.84:12.3": "",
  "an10.84:13.1": "This venerable has corrupt wishes, ",
  "an10.84:13.2": "and often lives with a heart full of desire. ",
  "an10.84:13.3": "But being full of desire means decline in the teaching and training proclaimed by the Realized One. ",
  "an10.84:14.1": "When there is still more to be done, this venerable stopped half-way after achieving some trifling distinction. ",
  "an10.84:14.2": "But stopping half-way means decline in the teaching and training proclaimed by the Realized One.’ ",
  "an10.84:15.1": "It is quite impossible for a mendicant to achieve growth, improvement, or maturity in this teaching and training without giving up these ten qualities. ",
  "an10.84:15.2": "It is quite possible for a mendicant to achieve growth, improvement, or maturity in this teaching and training after giving up these ten qualities.” "
}