{
  "an10.34:0.1": "Numbered Discourses 10.34 ",
  "an10.34:0.2": "4. With Upāli ",
  "an10.34:0.3": "Ordination ",
  "an10.34:1.1": "“Sir, how many qualities should a mendicant have to give ordination?” ",
  "an10.34:1.2": "“Upāli, a mendicant should have ten qualities to give ordination. ",
  "an10.34:1.3": "What ten? ",
  "an10.34:1.4": "It’s when a mendicant is ethical, restrained in the monastic code, conducting themselves well and resorting for alms in suitable places. Seeing danger in the slightest fault, they keep the rules they’ve undertaken. ",
  "an10.34:1.5": "They’re very learned, remembering and keeping what they’ve learned. These teachings are good in the beginning, good in the middle, and good in the end, meaningful and well-phrased, describing a spiritual practice that’s entirely full and pure. They are very learned in such teachings, remembering them, rehearsing them, mentally scrutinizing them, and penetrating them theoretically. ",
  "an10.34:1.6": "Both monastic codes have been passed down to them in detail, well analyzed, well mastered, well evaluated in both the rules and accompanying material. ",
  "an10.34:1.7": "They’re able to care for the sick or get someone else to do so. ",
  "an10.34:1.8": "They’re able to settle dissatisfaction or get someone else to do so. ",
  "an10.34:1.9": "They’re able to dispel remorse when it has come up. ",
  "an10.34:1.10": "They’re able to rationally dissuade someone from misconceptions that come up. ",
  "an10.34:1.11": "They’re able to encourage someone in the higher ethics, ",
  "an10.34:1.12": "the higher mind, ",
  "an10.34:1.13": "and the higher wisdom. ",
  "an10.34:1.14": "A mendicant should possess these ten qualities to give ordination.” "
}