{
  "an10.102:0.1": "Numbered Discourses 10.102 ",
  "an10.102:0.2": "11. Perceptions for Ascetics ",
  "an10.102:0.3": "Awakening Factors ",
  "an10.102:1.1": "“Mendicants, when the seven awakening factors are developed and cultivated they fulfill three knowledges. ",
  "an10.102:1.2": "What seven? ",
  "an10.102:1.3": "The awakening factors of mindfulness, investigation of principles, energy, rapture, tranquility, immersion, and equanimity. ",
  "an10.102:1.4": "When these seven awakening factors are developed and cultivated they fulfill three knowledges. ",
  "an10.102:1.5": "What three? ",
  "an10.102:1.6": "It’s when a mendicant recollects their many kinds of past lives. ",
  "an10.102:1.7": "That is: one, two, three, four, five, ten, twenty, thirty, forty, fifty, a hundred, a thousand, a hundred thousand rebirths; many eons of the world contracting, many eons of the world expanding, many eons of the world contracting and expanding. They recollect their many kinds of past lives, with features and details. ",
  "an10.102:1.8": "With clairvoyance that is purified and surpasses the human, they understand how sentient beings pass on according to their deeds. ",
  "an10.102:1.9": "They realize the undefiled freedom of heart and freedom by wisdom in this very life, and live having realized it with their own insight due to the ending of defilements. ",
  "an10.102:1.10": "When those seven awakening factors are developed and cultivated they fulfill these three knowledges.” "
}