{
  "an10.191:0.1": "Numbered Discourses 10.191 ",
  "an10.191:0.2": "19. The Noble Path ",
  "an10.191:0.3": "The True Teaching ",
  "an10.191:1.1": "“I will teach you what is the true teaching and what is not the true teaching. … ",
  "an10.191:1.2": "",
  "an10.191:1.3": "And what is not the true teaching? ",
  "an10.191:1.4": "Killing living creatures … ",
  "an10.191:1.5": "wrong view. ",
  "an10.191:1.6": "This is called what is not the true teaching. ",
  "an10.191:2.1": "And what is the true teaching? ",
  "an10.191:2.2": "Not killing living creatures … ",
  "an10.191:2.3": "right view. ",
  "an10.191:2.4": "This is called the true teaching.” "
}