{
  "an10.99:0.1": "Numbered Discourses 10.99 ",
  "an10.99:0.2": "10. With Upāli ",
  "an10.99:0.3": "With Upāli ",
  "an10.99:1.1": "Then Venerable Upāli went up to the Buddha, bowed, sat down to one side, and said to him, ",
  "an10.99:1.2": "“Sir, I wish to frequent remote lodgings in the wilderness and the forest.” ",
  "an10.99:2.1": "“Upāli, remote lodgings in the wilderness and the forest are challenging. ",
  "an10.99:2.2": "It’s hard to maintain seclusion and hard to find joy in it. ",
  "an10.99:2.3": "Staying alone, the forests seem to rob the mind of a mendicant who isn’t immersed in samādhi. ",
  "an10.99:2.4": "If someone should say this, ",
  "an10.99:2.5": "‘Though I don’t have immersion, I’m going to frequent remote lodgings in the wilderness and the forest.’ You can expect that ",
  "an10.99:2.6": "they’ll sink down or float away. ",
  "an10.99:3.1": "Suppose there was a large lake, ",
  "an10.99:3.2": "and along comes a bull elephant that’s three or three and a half meters tall. ",
  "an10.99:3.3": "He’d think, ",
  "an10.99:3.4": "‘Why don’t I plunge into this lake and play around while washing my ears and back? ",
  "an10.99:3.5": "When I’ve bathed and drunk, I’ll emerge from the water and go wherever I want.’ ",
  "an10.99:3.6": "And that’s just what he does. ",
  "an10.99:3.7": "",
  "an10.99:3.8": "Why is that? ",
  "an10.99:3.9": "Because his large incarnation finds a footing in the depths. ",
  "an10.99:4.1": "Then along comes a rabbit or a cat. ",
  "an10.99:4.2": "They’d think, ",
  "an10.99:4.3": "‘What difference is there between me and a bull elephant? ",
  "an10.99:4.4": "Why don’t I plunge into this lake and play around while washing my ears and back? ",
  "an10.99:4.5": "When I’ve bathed and drunk, I’ll emerge from the water and go wherever I want.’ ",
  "an10.99:4.6": "They jump into the lake rashly, without thinking. ",
  "an10.99:4.7": "You can expect that ",
  "an10.99:4.8": "they’ll sink down or float away. ",
  "an10.99:4.9": "Why is that? ",
  "an10.99:4.10": "Because their little incarnation finds no footing in the depths. ",
  "an10.99:4.11": "If someone should say this, ",
  "an10.99:4.12": "‘Though I don’t have immersion, I’m going to frequent remote lodgings in the wilderness and the forest.’ You can expect that ",
  "an10.99:4.13": "they’ll sink down or float away. ",
  "an10.99:5.1": "Suppose there was a little baby boy playing in his own urine and feces. ",
  "an10.99:5.2": "What do you think, Upāli? ",
  "an10.99:5.3": "Isn’t that a totally foolish game?” ",
  "an10.99:5.4": "“Yes, sir.” ",
  "an10.99:6.1": "“After some time that boy grows up and his faculties mature. ",
  "an10.99:6.2": "He accordingly plays childish games such as toy plows, tip-cat, somersaults, pinwheels, toy measures, toy carts, and toy bows. ",
  "an10.99:6.3": "What do you think, Upāli? ",
  "an10.99:6.4": "Aren’t such games better than what he did before?” ",
  "an10.99:6.5": "“Yes, sir.” ",
  "an10.99:7.1": "“After some time that boy grows up and his faculties mature further. ",
  "an10.99:7.2": "He accordingly amuses himself, supplied and provided with the five kinds of sensual stimulation. ",
  "an10.99:7.3": "Sights known by the eye, which are likable, desirable, agreeable, pleasant, sensual, and arousing. ",
  "an10.99:7.4": "Sounds known by the ear … ",
  "an10.99:7.5": "Smells known by the nose … ",
  "an10.99:7.6": "Tastes known by the tongue … ",
  "an10.99:7.7": "Touches known by the body, which are likable, desirable, agreeable, pleasant, sensual, and arousing. ",
  "an10.99:7.8": "What do you think, Upāli? ",
  "an10.99:7.9": "Aren’t such games better than what he did before?” ",
  "an10.99:7.10": "“Yes, sir.” ",
  "an10.99:8.1": "“Now in this regard, Upāli, a Realized One arises in the world, perfected, a fully awakened Buddha, accomplished in knowledge and conduct, holy, knower of the world, supreme guide for those fit for training, teacher of gods and humans, awakened, blessed. ",
  "an10.99:8.2": "He has realized with his own insight this world—with its gods, Māras, and divinities, this population with its ascetics and brahmins, gods and humans—and he makes it known to others. ",
  "an10.99:8.3": "He proclaims a teaching that is good in the beginning, good in the middle, and good in the end, meaningful and well-phrased. And he reveals a spiritual practice that’s entirely full and pure. ",
  "an10.99:9.1": "A householder hears that teaching, or a householder’s child, or someone reborn in a good family. ",
  "an10.99:9.2": "They gain faith in the Realized One ",
  "an10.99:9.3": "and reflect, ",
  "an10.99:9.4": "‘Living in a house is cramped and dirty, but the life of one gone forth is wide open. ",
  "an10.99:9.5": "It’s not easy for someone living at home to lead the spiritual life utterly full and pure, like a polished shell. ",
  "an10.99:9.6": "Why don’t I shave off my hair and beard, dress in ocher robes, and go forth from the lay life to homelessness?’ ",
  "an10.99:10.1": "After some time they give up a large or small fortune, and a large or small family circle. They shave off hair and beard, dress in ocher robes, and go forth from the lay life to homelessness. ",
  "an10.99:11.1": "Once they’ve gone forth, they take up the training and livelihood of the mendicants. They give up killing living creatures, renouncing the rod and the sword. They’re scrupulous and kind, living full of sympathy for all living beings. ",
  "an10.99:12.1": "They give up stealing. They take only what’s given, and expect only what’s given. They keep themselves clean by not thieving. ",
  "an10.99:13.1": "They give up unchastity. They are chaste, set apart, avoiding the vulgar act of sex. ",
  "an10.99:14.1": "They give up lying. They speak the truth and stick to the truth. They’re honest and dependable, and don’t trick the world with their words. ",
  "an10.99:15.1": "They give up divisive speech. They don’t repeat in one place what they heard in another so as to divide people against each other. Instead, they reconcile those who are divided and support those who are united, delighting in harmony, loving harmony, speaking words that promote harmony. ",
  "an10.99:16.1": "They give up harsh speech. They speak in a way that’s mellow, pleasing to the ear, lovely, going to the heart, polite, likable and agreeable to the people. ",
  "an10.99:17.1": "They give up talking nonsense. Their words are timely, true, and meaningful, in line with the teaching and training. They say things at the right time which are valuable, reasonable, succinct, and beneficial. ",
  "an10.99:18.1": "They refrain from injuring plants and seeds. ",
  "an10.99:18.2": "They eat in one part of the day, abstaining from eating at night and food at the wrong time. ",
  "an10.99:18.3": "They refrain from seeing shows of dancing, singing, and music . ",
  "an10.99:18.4": "They refrain from attiring and adorning themselves with garlands, fragrance, and makeup. ",
  "an10.99:18.5": "They refrain from high and luxurious beds. ",
  "an10.99:18.6": "They refrain from receiving gold and currency, ",
  "an10.99:18.7": "raw grains, ",
  "an10.99:18.8": "raw meat, ",
  "an10.99:18.9": "women and girls, ",
  "an10.99:18.10": "male and female bondservants, ",
  "an10.99:18.11": "goats and sheep, ",
  "an10.99:18.12": "chickens and pigs, ",
  "an10.99:18.13": "elephants, cows, horses, and mares, ",
  "an10.99:18.14": "and fields and land. ",
  "an10.99:18.15": "They refrain from running errands and messages; ",
  "an10.99:18.16": "buying and selling; ",
  "an10.99:18.17": "falsifying weights, metals, or measures; ",
  "an10.99:18.18": "bribery, fraud, cheating, and duplicity; ",
  "an10.99:18.19": "mutilation, murder, abduction, banditry, plunder, and violence. ",
  "an10.99:19.1": "They’re content with robes to look after the body and almsfood to look after the belly. ",
  "an10.99:19.2": "Wherever they go, they set out taking only these things. ",
  "an10.99:19.3": "They’re like a bird: wherever it flies, wings are its only burden. ",
  "an10.99:19.4": "In the same way, a mendicant is content with robes to look after the body and almsfood to look after the belly. Wherever they go, they set out taking only these things. ",
  "an10.99:19.5": "When they have this entire spectrum of noble ethics, they experience a blameless happiness inside themselves. ",
  "an10.99:20.1": "When they see a sight with their eyes, they don’t get caught up in the features and details. ",
  "an10.99:20.2": "If the faculty of sight were left unrestrained, bad unskillful qualities of covetousness and displeasure would become overwhelming. For this reason, they practice restraint, protecting the faculty of sight, and achieving restraint over it. ",
  "an10.99:20.3": "When they hear a sound with their ears … ",
  "an10.99:20.4": "When they smell an odor with their nose … ",
  "an10.99:20.5": "When they taste a flavor with their tongue … ",
  "an10.99:20.6": "When they feel a touch with their body … ",
  "an10.99:20.7": "When they know an idea with their mind, they don’t get caught up in the features and details. ",
  "an10.99:20.8": "If the faculty of mind were left unrestrained, bad unskillful qualities of covetousness and displeasure would become overwhelming. For this reason, they practice restraint, protecting the faculty of mind, and achieving its restraint. ",
  "an10.99:20.9": "When they have this noble sense restraint, they experience an unsullied bliss inside themselves. ",
  "an10.99:21.1": "They act with situational awareness when going out and coming back; when looking ahead and aside; when bending and extending the limbs; when bearing the outer robe, bowl and robes; when eating, drinking, chewing, and tasting; when urinating and defecating; when walking, standing, sitting, sleeping, waking, speaking, and keeping silent. ",
  "an10.99:22.1": "When they have this entire spectrum of noble ethics, this noble sense restraint, and this noble mindfulness and situational awareness, ",
  "an10.99:22.2": "they frequent a secluded lodging—a wilderness, the root of a tree, a hill, a ravine, a mountain cave, a charnel ground, a forest, the open air, a heap of straw. ",
  "an10.99:22.3": "Gone to a wilderness, or to the root of a tree, or to an empty hut, they sit down cross-legged, set their body straight, and establish mindfulness in their presence. ",
  "an10.99:23.1": "Giving up covetousness for the world, they meditate with a heart rid of covetousness, cleansing the mind of covetousness. ",
  "an10.99:23.2": "Giving up ill will and malevolence, they meditate with a mind rid of ill will, full of sympathy for all living beings, cleansing the mind of ill will. ",
  "an10.99:23.3": "Giving up dullness and drowsiness, they meditate with a mind rid of dullness and drowsiness, perceiving light, mindful and aware, cleansing the mind of dullness and drowsiness. ",
  "an10.99:23.4": "Giving up restlessness and remorse, they meditate without restlessness, their mind peaceful inside, cleansing the mind of restlessness and remorse. ",
  "an10.99:23.5": "Giving up doubt, they meditate having gone beyond doubt, not undecided about skillful qualities, cleansing the mind of doubt. ",
  "an10.99:24.1": "They give up these five hindrances, corruptions of the heart that weaken wisdom. ",
  "an10.99:24.2": "Then, quite secluded from sensual pleasures, secluded from unskillful qualities, they enter and remain in the first absorption, which has the rapture and bliss born of seclusion, while placing the mind and keeping it connected. ",
  "an10.99:24.3": "What do you think, Upāli? ",
  "an10.99:24.4": "Isn’t this state better than what they had before?” ",
  "an10.99:24.5": "“Yes, sir.” ",
  "an10.99:25.1": "“When my disciples see this quality inside themselves they frequent remote lodgings in the wilderness and the forest. But so far they haven’t achieved their heart’s goal. ",
  "an10.99:26.1": "Furthermore, as the placing of the mind and keeping it connected are stilled, a mendicant enters and remains in the second absorption, which has the rapture and bliss born of immersion, with internal clarity and mind at one, without placing the mind and keeping it connected. ",
  "an10.99:26.2": "What do you think, Upāli? ",
  "an10.99:26.3": "Isn’t this state better than what they had before?” ",
  "an10.99:26.4": "“Yes, sir.” ",
  "an10.99:27.1": "“When my disciples see this quality inside themselves they frequent remote lodgings in the wilderness and the forest. But so far they haven’t achieved their heart’s goal. ",
  "an10.99:28.1": "Furthermore, with the fading away of rapture, a mendicant enters and remains in the third absorption. They meditate with equanimity, mindful and aware, personally experiencing the bliss of which the noble ones declare, ‘Equanimous and mindful, one meditates in bliss.’ ",
  "an10.99:28.2": "What do you think, Upāli? ",
  "an10.99:28.3": "Isn’t this state better than what they had before?” ",
  "an10.99:28.4": "“Yes, sir.” ",
  "an10.99:29.1": "“When my disciples see this quality inside themselves they frequent remote lodgings in the wilderness and the forest. But so far they haven’t achieved their heart’s goal. ",
  "an10.99:30.1": "Furthermore, with the giving up of pleasure and pain and the disappearance of former happiness and sadness, a mendicant enters and remains in the fourth absorption, without pleasure or pain, with pure equanimity and mindfulness. …” … ",
  "an10.99:31.1": "“Furthermore, going totally beyond perceptions of form, with the disappearance of perceptions of impingement, not focusing on perceptions of diversity, aware that ‘space is infinite’, a mendicant enters and remains in the dimension of infinite space. ",
  "an10.99:31.2": "What do you think, Upāli? ",
  "an10.99:31.3": "Isn’t this state better than what they had before?” ",
  "an10.99:31.4": "“Yes, sir.” ",
  "an10.99:32.1": "“When my disciples see this quality inside themselves they frequent remote lodgings in the wilderness and the forest. But so far they haven’t achieved their heart’s goal. ",
  "an10.99:33.1": "Furthermore, going totally beyond the dimension of infinite space, aware that ‘consciousness is infinite’, a mendicant enters and remains in the dimension of infinite consciousness. …” … ",
  "an10.99:34.1": "“Going totally beyond the dimension of infinite consciousness, aware that ‘there is nothing at all’, they enter and remain in the dimension of nothingness. …” … ",
  "an10.99:35.1": "“Going totally beyond the dimension of nothingness, aware that ‘this is peaceful, this is sublime’, they enter and remain in the dimension of neither perception nor non-perception. ",
  "an10.99:35.2": "What do you think, Upāli? ",
  "an10.99:35.3": "Isn’t this state better than what they had before?” ",
  "an10.99:35.4": "“Yes, sir.” ",
  "an10.99:36.1": "“When my disciples see this quality inside themselves they frequent remote lodgings in the wilderness and the forest. But so far they haven’t achieved their heart’s goal. ",
  "an10.99:37.1": "Furthermore, going totally beyond the dimension of neither perception nor non-perception, they enter and remain in the cessation of perception and feeling. And, having seen with wisdom, their defilements come to an end. ",
  "an10.99:37.2": "What do you think, Upāli? ",
  "an10.99:37.3": "Isn’t this state better than what they had before?” ",
  "an10.99:37.4": "“Yes, sir.” ",
  "an10.99:38.1": "“When my disciples see this quality inside themselves they frequent remote lodgings in the wilderness and the forest. And they have achieved their heart’s goal. ",
  "an10.99:38.2": "Come on, Upāli, stay with the Saṅgha. ",
  "an10.99:38.3": "If you stay with the Saṅgha you’ll be comfortable.” "
}