{
  "an10.169:0.1": "Numbered Discourses 10.169 ",
  "an10.169:0.2": "17. With Jānussoṇi ",
  "an10.169:0.3": "With Saṅgārava ",
  "an10.169:1.1": "Then Saṅgārava the brahmin went up to the Buddha, and exchanged greetings with him. ",
  "an10.169:1.2": "When the greetings and polite conversation were over, he sat down to one side and said to the Buddha: ",
  "an10.169:2.1": "“Worthy Gotama, what is the near shore? And what is the far shore?” ",
  "an10.169:2.2": "“Killing living creatures is the near shore, brahmin, and not killing living creatures is the far shore. ",
  "an10.169:2.3": "Stealing is the near shore, and not stealing is the far shore. ",
  "an10.169:2.4": "Sexual misconduct is the near shore, and avoiding sexual misconduct is the far shore. ",
  "an10.169:2.5": "Lying is the near shore, and not lying is the far shore. ",
  "an10.169:2.6": "Divisive speech is the near shore, and avoiding divisive speech is the far shore. ",
  "an10.169:2.7": "Harsh speech is the near shore, and avoiding harsh speech is the far shore. ",
  "an10.169:2.8": "Talking nonsense is the near shore, and avoiding talking nonsense is the far shore. ",
  "an10.169:2.9": "Covetousness is the near shore, and contentment is the far shore. ",
  "an10.169:2.10": "Ill will is the near shore, and good will is the far shore. ",
  "an10.169:2.11": "Wrong view is the near shore, and right view is the far shore. ",
  "an10.169:2.12": "This is the near shore, and this is the far shore. ",
  "an10.169:3.1": "Few are those among humans ",
  "an10.169:3.2": "who cross to the far shore. ",
  "an10.169:3.3": "The rest just run ",
  "an10.169:3.4": "around on the near shore. ",
  "an10.169:4.1": "When the teaching is well explained, ",
  "an10.169:4.2": "those who practice accordingly ",
  "an10.169:4.3": "are the ones who will cross over ",
  "an10.169:4.4": "Death’s dominion so hard to pass. ",
  "an10.169:5.1": "Rid of dark qualities, ",
  "an10.169:5.2": "an astute person should develop the bright. ",
  "an10.169:5.3": "Leaving home behind ",
  "an10.169:5.4": "for the seclusion so hard to enjoy, ",
  "an10.169:6.1": "try to find satisfaction there, ",
  "an10.169:6.2": "having left behind sensual pleasures. ",
  "an10.169:6.3": "Owning nothing, an astute person ",
  "an10.169:6.4": "should cleanse themselves of mental corruptions. ",
  "an10.169:7.1": "And those whose minds are rightly developed ",
  "an10.169:7.2": "in the awakening factors; ",
  "an10.169:7.3": "letting go of attachments, ",
  "an10.169:7.4": "they delight in not grasping. ",
  "an10.169:7.5": "With defilements ended, brilliant, ",
  "an10.169:7.6": "they are quenched in this world.” "
}