{
  "an10.46:0.1": "Numbered Discourses 10.46 ",
  "an10.46:0.2": "5. Abuse ",
  "an10.46:0.3": "With the Sakyans ",
  "an10.46:1.1": "At one time the Buddha was staying in the land of the Sakyans, near Kapilavatthu in the Banyan Tree Monastery. ",
  "an10.46:1.2": "Then on the sabbath several Sakyan lay followers went up to the Buddha, bowed, and sat down to one side. The Buddha said to them: ",
  "an10.46:1.3": "“Sakyans, do you observe the sabbath with its eight factors?” ",
  "an10.46:1.4": "“Sir, sometimes we do, sometimes we don’t.” ",
  "an10.46:1.5": "“That’s your loss, Sakyans, it’s your misfortune. In this life with its fear of sorrow and death, you sometimes keep the sabbath and you sometimes don’t. ",
  "an10.46:2.1": "What do you think, Sakyans? ",
  "an10.46:2.2": "Take a man who earns half a dollar for an honest day’s work. ",
  "an10.46:2.3": "Is this enough to call him a deft and industrious man?” ",
  "an10.46:2.4": "“Yes, sir.” ",
  "an10.46:3.1": "“What do you think, Sakyans? ",
  "an10.46:3.2": "Take a man who earns a dollar for an honest day’s work. ",
  "an10.46:3.3": "Is this enough to call him a deft and industrious man?” ",
  "an10.46:3.4": "“Yes, sir.” ",
  "an10.46:4.1": "“What do you think, Sakyans? ",
  "an10.46:4.2": "Take a man who, for an honest day’s work, earns two dollars … ",
  "an10.46:4.3": "three dollars … ",
  "an10.46:4.4": "four dollars … ",
  "an10.46:4.5": "five dollars … ",
  "an10.46:4.6": "six dollars … ",
  "an10.46:4.7": "seven dollars … ",
  "an10.46:4.8": "eight dollars … ",
  "an10.46:4.9": "nine dollars … ",
  "an10.46:4.10": "ten dollars … ",
  "an10.46:4.11": "twenty dollars … ",
  "an10.46:4.12": "thirty dollars … ",
  "an10.46:4.13": "forty dollars … ",
  "an10.46:4.14": "fifty dollars … ",
  "an10.46:4.15": "a hundred dollars. ",
  "an10.46:4.16": "Is this enough to call him a deft and industrious man?” ",
  "an10.46:4.17": "“Yes, sir.” ",
  "an10.46:5.1": "“What do you think, Sakyans? ",
  "an10.46:5.2": "Suppose that man earned a hundred or a thousand dollars every day and saved it all up. If he lived for a hundred years, would he not accumulate a large mass of wealth?” ",
  "an10.46:5.3": "“Yes, sir.” ",
  "an10.46:6.1": "“What do you think, Sakyans? ",
  "an10.46:6.2": "Would that man, on account of that wealth, experience perfect happiness for a single day or night, or even half a day or night?” ",
  "an10.46:6.3": "“No, sir.” ",
  "an10.46:6.4": "“Why is that?” ",
  "an10.46:6.5": "“Because sensual pleasures, sir, are impermanent, hollow, false, and deceptive.” ",
  "an10.46:7.1": "“But take one of my disciples who lives diligent, keen, and resolute for ten years, practicing in line with my instructions. They can experience perfect happiness for a hundred years, ten thousand years, or a hundred thousand years. ",
  "an10.46:7.2": "And they could become a once-returner or a non-returner, or unfailingly a stream-enterer. ",
  "an10.46:7.3": "Let alone ten years, ",
  "an10.46:8.1": "take one of my disciples who lives diligent, keen, and resolute for nine years … ",
  "an10.46:8.2": "eight years … ",
  "an10.46:8.3": "seven years … ",
  "an10.46:8.4": "six years … ",
  "an10.46:8.5": "five years … ",
  "an10.46:8.6": "four years … ",
  "an10.46:8.7": "three years … ",
  "an10.46:8.8": "two years … ",
  "an10.46:8.9": "one year … ",
  "an10.46:8.10": "",
  "an10.46:9.1": "ten months … ",
  "an10.46:9.2": "",
  "an10.46:10.1": "nine months … ",
  "an10.46:10.2": "eight months … ",
  "an10.46:10.3": "seven months … ",
  "an10.46:10.4": "six months … ",
  "an10.46:10.5": "five months … ",
  "an10.46:10.6": "four months … ",
  "an10.46:10.7": "three months … ",
  "an10.46:10.8": "two months … ",
  "an10.46:10.9": "one month … ",
  "an10.46:10.10": "a fortnight … ",
  "an10.46:10.11": "",
  "an10.46:11.1": "ten days … ",
  "an10.46:11.2": "",
  "an10.46:12.1": "nine days … ",
  "an10.46:12.2": "eight days … ",
  "an10.46:12.3": "seven days … ",
  "an10.46:12.4": "six days … ",
  "an10.46:12.5": "five days … ",
  "an10.46:12.6": "four days … ",
  "an10.46:12.7": "three days … ",
  "an10.46:12.8": "two days … ",
  "an10.46:12.9": "Let alone two days, take one of my disciples who lives diligent, keen, and resolute for one day, practicing in line with my instructions. They can experience perfect happiness for a hundred years, ten thousand years, or a hundred thousand years. And they could become a once-returner or a non-returner, or unfailingly a stream-enterer. ",
  "an10.46:12.10": "It’s your loss, Sakyans, it’s your misfortune. In this life with its fear of sorrow and death, you sometimes keep the sabbath and you sometimes don’t.” ",
  "an10.46:12.11": "“Well, sir, from this day forth we will observe the sabbath with its eight factors.” "
}