{
  "an10.96:0.1": "Numbered Discourses 10.96 ",
  "an10.96:0.2": "10. With Upāli ",
  "an10.96:0.3": "With Kokanada ",
  "an10.96:1.1": "At one time Venerable Ānanda was staying near Rājagaha in the Hot Springs Monastery. ",
  "an10.96:1.2": "Then Ānanda rose at the crack of dawn and went to the hot springs to bathe. ",
  "an10.96:1.3": "When he had bathed and emerged from the water he stood in one robe drying his limbs. ",
  "an10.96:1.4": "The wanderer Kokanada also rose at the crack of dawn and went to the hot springs to bathe. ",
  "an10.96:2.1": "He saw Ānanda coming off in the distance ",
  "an10.96:2.2": "and said to him, ",
  "an10.96:2.3": "“Who’s here, reverend?” ",
  "an10.96:2.4": "“I’m a mendicant, reverend.” ",
  "an10.96:3.1": "“Of which mendicants?” ",
  "an10.96:3.2": "“Of the ascetics who follow the Sakyan.” ",
  "an10.96:4.1": "“I’d like to ask the venerable about a certain point, if you’d take the time to answer.” ",
  "an10.96:4.2": "“Ask, reverend. When I’ve heard it I’ll know.” ",
  "an10.96:5.1": "“Is this your view: ‘The cosmos is eternal. This is the only truth, anything else is futile’?” ",
  "an10.96:5.2": "“That’s not my view, reverend.” ",
  "an10.96:5.3": "",
  "an10.96:6.1": "“Then is this your view: ‘The cosmos is not eternal. This is the only truth, anything else is futile’?” ",
  "an10.96:6.2": "“That’s not my view, reverend.” ",
  "an10.96:6.3": "",
  "an10.96:7.1": "“Then is this your view: ‘The cosmos is finite …’ … ",
  "an10.96:7.2": "‘The cosmos is infinite …’ … ",
  "an10.96:7.3": "‘The soul and the body are one and the same …’ … ",
  "an10.96:7.4": "‘The soul is one thing, the body another …’ … ",
  "an10.96:7.5": "‘A realized one still exists after death …’ … ",
  "an10.96:7.6": "‘A realized one no longer exists after death …’ … ",
  "an10.96:7.7": "‘A realized one both still exists and no longer exists after death …’ … ",
  "an10.96:7.8": "‘A Realized One neither exists nor doesn’t exist after death. This is the only truth, anything else is futile’?” ",
  "an10.96:7.9": "“That’s not my view, reverend.” ",
  "an10.96:7.10": "",
  "an10.96:8.1": "“Then, sir, do you neither know nor see?” ",
  "an10.96:8.2": "“That’s not so, reverend. ",
  "an10.96:8.3": "I do know and see.” ",
  "an10.96:9.1": "“When asked about all these points, you say that’s not your view. ",
  "an10.96:9.2": "",
  "an10.96:9.3": "",
  "an10.96:9.4": "",
  "an10.96:10.1": "",
  "an10.96:10.2": "",
  "an10.96:10.3": "",
  "an10.96:10.4": "",
  "an10.96:11.1": "",
  "an10.96:11.2": "",
  "an10.96:11.3": "",
  "an10.96:11.4": "",
  "an10.96:11.5": "",
  "an10.96:11.6": "",
  "an10.96:11.7": "",
  "an10.96:11.8": "",
  "an10.96:11.9": "",
  "an10.96:11.10": "",
  "an10.96:11.11": "",
  "an10.96:12.1": "Yet when asked whether you neither know nor see, ",
  "an10.96:12.2": "you say, ‘That’s not so, reverend. ",
  "an10.96:12.3": "I do know and see.’ ",
  "an10.96:12.4": "How then should we see the meaning of this statement?” ",
  "an10.96:13.1": "“‘The cosmos is eternal. This is the only truth, anything else is futile:’ that’s a misconception. ",
  "an10.96:13.2": "‘The cosmos is not eternal. This is the only truth, anything else is futile:’ that’s a misconception. ",
  "an10.96:13.3": "‘The cosmos is finite …’ … ",
  "an10.96:13.4": "‘The cosmos is infinite …’ … ",
  "an10.96:13.5": "‘The soul and the body are one and the same …’ … ",
  "an10.96:13.6": "‘The soul is one thing, the body another …’ … ",
  "an10.96:13.7": "‘A realized one still exists after death …’ … ",
  "an10.96:13.8": "‘A realized one no longer exists after death …’ … ",
  "an10.96:13.9": "‘A realized one both still exists and no longer exists after death …’ … ",
  "an10.96:13.10": "‘A Realized One neither exists nor doesn’t exist after death. This is the only truth, anything else is futile:’ that’s a misconception. ",
  "an10.96:14.1": "I know and see the scope of convictions, the scope of grounds for views, fixation on views, obsession with views, the origin of views, and the uprooting of views. ",
  "an10.96:14.2": "Knowing and seeing thus, why should I say: ",
  "an10.96:14.3": "‘I neither know nor see?’ ",
  "an10.96:14.4": "I do know and see.” ",
  "an10.96:15.1": "“What is the venerable’s name? And how are you known among your spiritual companions?” ",
  "an10.96:15.2": "“Reverend, my name is Ānanda. ",
  "an10.96:15.3": "And that’s how I’m known among my spiritual companions.” ",
  "an10.96:15.4": "“Goodness! I had no idea I was consulting such a great tutor as ",
  "an10.96:15.5": "Venerable Ānanda! ",
  "an10.96:15.6": "If I had known who ",
  "an10.96:15.7": "you were, I wouldn’t have said so much. ",
  "an10.96:15.8": "May Venerable Ānanda please forgive me.” "
}