{
  "an10.197:0.1": "Numbered Discourses 10.197 ",
  "an10.197:0.2": "19. The Noble Path ",
  "an10.197:0.3": "Should Be Recollected ",
  "an10.197:1.1": "“I will teach you the principle to recollect and the principle not to recollect. … ",
  "an10.197:1.2": "",
  "an10.197:1.3": "And what is the principle not to recollect? ",
  "an10.197:1.4": "Killing living creatures … ",
  "an10.197:1.5": "wrong view. ",
  "an10.197:1.6": "This is called the principle not to recollect. ",
  "an10.197:2.1": "And what is the principle to recollect? ",
  "an10.197:2.2": "Not killing living creatures … ",
  "an10.197:2.3": "right view. ",
  "an10.197:2.4": "This is called the principle to recollect.” "
}