{
  "an10.42:0.1": "Numbered Discourses 10.42 ",
  "an10.42:0.2": "5. Abuse ",
  "an10.42:0.3": "Roots of Dispute (1st) ",
  "an10.42:1.1": "“Sir, how many roots of dispute are there?” ",
  "an10.42:1.2": "“Upāli, there are ten roots of dispute. ",
  "an10.42:1.3": "What ten? ",
  "an10.42:1.4": "It’s when a mendicant explains what is not the teaching as the teaching, and what is the teaching as not the teaching. They explain what is not the training as the training, and what is the training as not the training. They explain what was not spoken and stated by the Realized One as spoken and stated by the Realized One, and what was spoken and stated by the Realized One as not spoken and stated by the Realized One. They explain what was not practiced by the Realized One as practiced by the Realized One, and what was practiced by the Realized One as not practiced by the Realized One. They explain what was not prescribed by the Realized One as prescribed by the Realized One, and what was prescribed by the Realized One as not prescribed by the Realized One. ",
  "an10.42:1.5": "These are the ten roots of dispute.” "
}