{
  "an10.171:0.1": "Numbered Discourses 10.171 ",
  "an10.171:0.2": "17. With Jānussoṇi ",
  "an10.171:0.3": "Bad Principles (1st) ",
  "an10.171:1.1": "“Mendicants, you should know bad principles with bad results. ",
  "an10.171:1.2": "And you should know good principles with good results. ",
  "an10.171:1.3": "Knowing these things, your practice should follow the good principles with good results. ",
  "an10.171:2.1": "And what are bad principles with bad results? ",
  "an10.171:2.2": "Killing living creatures, stealing, and sexual misconduct; speech that’s false, divisive, harsh, or nonsensical; covetousness, ill will, and wrong view. ",
  "an10.171:2.3": "These are called bad principles with bad results. ",
  "an10.171:3.1": "And what are good principles with good results? ",
  "an10.171:3.2": "Avoiding killing living creatures, stealing, and sexual misconduct; avoiding speech that’s false, divisive, harsh, or nonsensical; contentment, good will, and right view. ",
  "an10.171:3.3": "These are called good principles with good results. ",
  "an10.171:4.1": "‘You should know bad principles with bad results. ",
  "an10.171:4.2": "And you should know good principles with good results. ",
  "an10.171:4.3": "Knowing these things, your practice should follow the good principles with good results.’ ",
  "an10.171:4.4": "That’s what I said, and this is why I said it.” "
}