{
  "an10.8:0.1": "Numbered Discourses 10.8 ",
  "an10.8:0.2": "1. Benefits ",
  "an10.8:0.3": "Inspiring All Around: the Absorptions ",
  "an10.8:1.1": "“Mendicants, a mendicant is faithful but not ethical. ",
  "an10.8:1.2": "So they’re incomplete in that respect, ",
  "an10.8:1.3": "and should fulfill it, thinking: ",
  "an10.8:1.4": "‘How can I become faithful and ethical?’ ",
  "an10.8:1.5": "When the mendicant is faithful and ethical, they’re complete in that respect. ",
  "an10.8:2.1": "A mendicant is faithful and ethical, but not learned. … ",
  "an10.8:2.2": "they’re not a Dhamma speaker … ",
  "an10.8:2.3": "they don’t frequent assemblies … ",
  "an10.8:2.4": "they don’t teach Dhamma to the assembly with assurance … ",
  "an10.8:2.5": "they’re not an expert in the monastic law … ",
  "an10.8:2.6": "they don’t stay in the wilderness, in remote lodgings … ",
  "an10.8:2.7": "they don’t get the four absorptions—blissful meditations in this life that belong to the higher mind—when they want, without trouble or difficulty … ",
  "an10.8:2.8": "they don’t realize the undefiled freedom of heart and freedom by wisdom in this very life, and live having realized it with their own insight due to the ending of defilements. ",
  "an10.8:2.9": "So they’re incomplete in that respect, ",
  "an10.8:2.10": "and should fulfill it, thinking: ",
  "an10.8:2.11": "‘How can I become faithful, ethical, and learned, a Dhamma speaker, one who frequents assemblies, one who teaches Dhamma to the assembly with assurance, an expert in the training, one who lives in the wilderness, in remote lodgings, one who gets the four absorptions when they want, and one who lives having realized the ending of defilements?’ ",
  "an10.8:3.1": "When they’re faithful, ethical, and learned, a Dhamma speaker, one who frequents assemblies, one who teaches Dhamma to the assembly with assurance, an expert in the training, one who lives in the wilderness, in remote lodgings, one who gets the four absorptions when they want, and one who lives having realized the ending of defilements, ",
  "an10.8:3.2": "they’re complete in that respect. ",
  "an10.8:3.3": "A mendicant who possesses these ten qualities is impressive all around, and is complete in every respect.” "
}