{
  "an10.188:0.1": "Numbered Discourses 10.188 ",
  "an10.188:0.2": "18. Good ",
  "an10.188:0.3": "Result ",
  "an10.188:1.1": "“I will teach you the principle that results in suffering and that which results in happiness. … ",
  "an10.188:1.2": "",
  "an10.188:1.3": "And what is the principle that results in suffering? ",
  "an10.188:1.4": "Killing living creatures … ",
  "an10.188:1.5": "wrong view. ",
  "an10.188:1.6": "This is called the principle that results in suffering. ",
  "an10.188:2.1": "And what is the principle that results in happiness? ",
  "an10.188:2.2": "Not killing living creatures … ",
  "an10.188:2.3": "right view. ",
  "an10.188:2.4": "This is called the principle that results in happiness.” ",
  "an10.188:2.5": ""
}