{
  "an10.59:0.1": "Numbered Discourses 10.59 ",
  "an10.59:0.2": "6. Your Own Mind ",
  "an10.59:0.3": "Going Forth ",
  "an10.59:1.1": "“So you should train like this: ",
  "an10.59:1.2": "‘Our minds will be consolidated as they were when we went forth, and arisen bad unskillful qualities will not occupy our minds. ",
  "an10.59:1.3": "Our minds will be consolidated in the perceptions of impermanence, not-self, ugliness, and drawbacks. Knowing what is fair and unfair in the world, our minds will be consolidated in that perception. Knowing  existence and nonexistence in the world, our minds will be consolidated in that perception. Knowing the origin and disappearance of the world, our minds will be consolidated in that perception. Our minds will be consolidated in the perceptions of giving up, fading away, and cessation.’ ",
  "an10.59:1.4": "That’s how you should train. ",
  "an10.59:2.1": "When your minds are consolidated in these ten perceptions, you can expect one of two results: ",
  "an10.59:2.2": "enlightenment in this very life, or if there’s something left over, non-return.” "
}