{
  "an10.82:0.1": "Numbered Discourses 10.82 ",
  "an10.82:0.2": "9. Senior Mendicants ",
  "an10.82:0.3": "With Ānanda ",
  "an10.82:1.1": "Then Venerable Ānanda went up to the Buddha, bowed, and sat down to one side. The Buddha said to him: ",
  "an10.82:2.1": "“Ānanda, it is quite impossible for a faithless mendicant to achieve growth, improvement, or maturity in this teaching and training. ",
  "an10.82:3.1": "It is quite impossible for a mendicant who is unethical … ",
  "an10.82:4.1": "unlearned … ",
  "an10.82:5.1": "hard to admonish … ",
  "an10.82:6.1": "with bad friends … ",
  "an10.82:7.1": "lazy … ",
  "an10.82:8.1": "unmindful … ",
  "an10.82:9.1": "lacking contentment … ",
  "an10.82:10.1": "of corrupt wishes … ",
  "an10.82:11.1": "of wrong view to achieve growth, improvement, or maturity in this teaching and training. ",
  "an10.82:12.1": "It is quite impossible for a mendicant with these ten qualities to achieve growth, improvement, or maturity in this teaching and training. ",
  "an10.82:13.1": "It is quite possible for a faithful mendicant to achieve growth, improvement, or maturity in this teaching and training. ",
  "an10.82:14.1": "It is quite possible for a mendicant who is ethical … ",
  "an10.82:15.1": "a learned memorizer … ",
  "an10.82:16.1": "easy to admonish … ",
  "an10.82:17.1": "with good friends … ",
  "an10.82:18.1": "energetic … ",
  "an10.82:19.1": "mindful … ",
  "an10.82:20.1": "contented … ",
  "an10.82:21.1": "of few desires … ",
  "an10.82:22.1": "of right view to achieve growth, improvement, or maturity in this teaching and training. ",
  "an10.82:23.1": "It is quite possible for a mendicant with these ten qualities to achieve growth, improvement, or maturity in this teaching and training.” "
}