{
  "an10.156-166:0.1": "Numbered Discourses 10.156–166 ",
  "an10.156-166:0.2": "16. Individuals ",
  "an10.156-166:0.3": "Frequenting, Etc. ",
  "an10.156-166:1.1": "“Mendicants, you should not frequent an individual who has ten qualities. … ",
  "an10.156-166:1.2": "you should frequent … ",
  "an10.156-166:1.3": "you should not pay homage … ",
  "an10.156-166:1.4": "you should pay homage … ",
  "an10.156-166:1.5": "you should not venerate … ",
  "an10.156-166:1.6": "you should venerate … ",
  "an10.156-166:1.7": "you should not praise … ",
  "an10.156-166:1.8": "you should praise … ",
  "an10.156-166:1.9": "you should not respect … ",
  "an10.156-166:1.10": "you should respect … ",
  "an10.156-166:1.11": "you should not revere … ",
  "an10.156-166:1.12": "you should revere … ",
  "an10.156-166:1.13": "is not a success … ",
  "an10.156-166:1.14": "is a success … ",
  "an10.156-166:1.15": "is not pure … ",
  "an10.156-166:1.16": "is pure … ",
  "an10.156-166:1.17": "does not win over conceit … ",
  "an10.156-166:1.18": "wins over conceit … ",
  "an10.156-166:1.19": "does not grow in wisdom … ",
  "an10.156-166:1.20": "grows in wisdom … ",
  "an10.156-166:2.1": "brims with much wickedness … ",
  "an10.156-166:2.2": "brims with much merit. ",
  "an10.156-166:2.3": "What ten? ",
  "an10.156-166:2.4": "Right view, right thought, right speech, right action, right livelihood, right effort, right mindfulness, right immersion, right knowledge, and right freedom. ",
  "an10.156-166:2.5": "An individual who has these ten qualities creates much merit.” "
}