{
  "an10.28:0.1": "Numbered Discourses 10.28 ",
  "an10.28:0.2": "3. The Great Chapter ",
  "an10.28:0.3": "The Great Questions (2nd) ",
  "an10.28:1.1": "At one time the Buddha was staying near Kajaṅgalā in a bamboo grove. ",
  "an10.28:1.2": "Then several lay followers of Kajaṅgalā went to the nun Kajaṅgalikā, bowed, sat down to one side, and said to her: ",
  "an10.28:2.1": "“Ma’am, this was said by the Buddha in ‘The Great Questions’: ",
  "an10.28:2.2": "‘One thing: question, summary recital, and answer. Two … three … four … five … six … seven … eight … nine … ten things: question, summary recital, and answer.’ ",
  "an10.28:2.3": "How should we see the detailed meaning of the Buddha’s brief statement?” ",
  "an10.28:3.1": "“Good people, I haven’t heard and learned this in the presence of the Buddha or from esteemed mendicants. ",
  "an10.28:3.2": "But as to how it seems to me, ",
  "an10.28:3.3": "listen and apply your mind well, I will speak.” ",
  "an10.28:3.4": "“Yes, ma’am,” replied the lay followers. ",
  "an10.28:3.5": "The nun Kajaṅgalikā said this: ",
  "an10.28:4.1": "“‘One thing: question, summary recital, and answer.’ That’s what the Buddha said, ",
  "an10.28:4.2": "but why did he say it? ",
  "an10.28:4.3": "Becoming completely disillusioned, dispassionate, and freed regarding one thing, seeing its limits and fully comprehending its meaning, a mendicant makes an end of suffering in this very life. ",
  "an10.28:4.4": "What one thing? ",
  "an10.28:4.5": "‘All sentient beings are sustained by food.’ ",
  "an10.28:4.6": "Becoming completely disillusioned, dispassionate, and freed regarding this one thing, seeing its limits and fully comprehending its meaning, a mendicant makes an end of suffering in this very life. ",
  "an10.28:4.7": "‘One thing: question, summary recital, and answer.’ That’s what the Buddha said, and this is why he said it. ",
  "an10.28:5.1": "",
  "an10.28:5.2": "",
  "an10.28:5.3": "",
  "an10.28:5.4": "What two? ",
  "an10.28:5.5": "Name and form. … ",
  "an10.28:5.6": "What three? ",
  "an10.28:5.7": "Three feelings. … ",
  "an10.28:5.8": "",
  "an10.28:5.9": "",
  "an10.28:6.1": "",
  "an10.28:6.2": "",
  "an10.28:6.3": "With a mind well developed in four things—seeing their limits and fully comprehending their meaning—a mendicant makes an end of suffering in this very life. ",
  "an10.28:6.4": "What four? ",
  "an10.28:6.5": "The four kinds of mindfulness meditation. … ",
  "an10.28:6.6": "With a mind well developed in these four things—seeing their limits and fully fathoming their meaning—a mendicant makes an end of suffering in this very life. … ",
  "an10.28:6.7": "",
  "an10.28:7.1": "",
  "an10.28:7.2": "",
  "an10.28:7.3": "",
  "an10.28:7.4": "What five? ",
  "an10.28:7.5": "The five faculties. … ",
  "an10.28:7.6": "What six? ",
  "an10.28:7.7": "The six elements of escape. … ",
  "an10.28:7.8": "What seven? ",
  "an10.28:7.9": "The seven awakening factors. … ",
  "an10.28:7.10": "What eight? ",
  "an10.28:7.11": "The noble eightfold path. … ",
  "an10.28:7.12": "",
  "an10.28:7.13": "",
  "an10.28:8.1": "",
  "an10.28:8.2": "",
  "an10.28:8.3": "Becoming completely disillusioned, dispassionate, and freed regarding nine things, seeing their limits and fully comprehending their meaning, a mendicant makes an end of suffering in this very life. ",
  "an10.28:8.4": "What nine? ",
  "an10.28:8.5": "The nine abodes of sentient beings. ",
  "an10.28:8.6": "Becoming completely disillusioned, dispassionate, and freed regarding these nine things, seeing their limits and fully comprehending their meaning, a mendicant makes an end of suffering in this very life. ",
  "an10.28:8.7": "",
  "an10.28:9.1": "‘Ten things: question, summary recital, and answer.’ That’s what the Buddha said, ",
  "an10.28:9.2": "but why did he say it? ",
  "an10.28:9.3": "Becoming well developed in ten things—seeing their limits and fully fathoming their meaning—a mendicant makes an end of suffering in this very life. ",
  "an10.28:9.4": "What ten? ",
  "an10.28:9.5": "The ten ways of performing skillful deeds. ",
  "an10.28:9.6": "With a mind well developed in these ten things—seeing their limits and fully fathoming their meaning—a mendicant makes an end of suffering in this very life. ",
  "an10.28:9.7": "‘Ten things: question, summary recital, and answer.’ That’s what the Buddha said, and this is why he said it. ",
  "an10.28:10.1": "That’s how I understand the detailed meaning of what the Buddha said in brief in ‘The Great Questions’. ",
  "an10.28:10.2": "",
  "an10.28:10.3": "",
  "an10.28:10.4": "If you wish, you may go to the Buddha and ask him about this. ",
  "an10.28:10.5": "You should remember it in line with the Buddha’s answer.” ",
  "an10.28:10.6": "“Yes, ma’am,” replied those lay followers, approving and agreeing with what the nun Kajaṅgalikā said. Then they got up from their seat, bowed, and respectfully circled her, keeping her on their right. Then they went to the Buddha, bowed, sat down to one side, ",
  "an10.28:10.7": "and informed the Buddha of all they had discussed. ",
  "an10.28:11.1": "“Good, good, householders. ",
  "an10.28:11.2": "The nun Kajaṅgalikā is astute, she has great wisdom. ",
  "an10.28:11.3": "If you came to me and asked this question, I would answer it in exactly the same way as the nun Kajaṅgalikā. ",
  "an10.28:11.4": "That is what it means, and that’s how you should remember it.” "
}