{
  "an10.64:0.1": "Numbered Discourses 10.64 ",
  "an10.64:0.2": "7. Pairs ",
  "an10.64:0.3": "Experiential Confidence ",
  "an10.64:1.1": "“Mendicants, all those who have experiential confidence in me have entered the stream. ",
  "an10.64:1.2": "Of those who have entered the stream, five conclude their path in this realm, and five conclude their path after leaving this realm behind. ",
  "an10.64:1.3": "Which five conclude their path in this realm? ",
  "an10.64:1.4": "The one who has seven rebirths at most, the one who goes from family to family, the one-seeder, the once returner, and the one who is perfected in this very life. ",
  "an10.64:1.5": "These five conclude their path in this realm. ",
  "an10.64:1.6": "Which five conclude their path after leaving this realm behind? ",
  "an10.64:1.7": "The one who is extinguished between one life and the next, the one who is extinguished upon landing, the one who is extinguished without extra effort, the one who is extinguished with extra effort, and the one who heads upstream, going to the Akaniṭṭha realm. ",
  "an10.64:1.8": "These five conclude their path after leaving this realm behind. ",
  "an10.64:1.9": "All those who have experiential confidence in me have entered the stream. ",
  "an10.64:1.10": "Of those who have entered the stream, these five conclude their path in this realm, and these five conclude their path after leaving this realm behind.” "
}