{
  "an10.12:0.1": "Numbered Discourses 10.12 ",
  "an10.12:0.2": "2. A Protector ",
  "an10.12:0.3": "Five Factors ",
  "an10.12:1.1": "“Mendicants, in this teaching and training a mendicant who has given up five factors and possesses five factors is called consummate, accomplished, a supreme person. ",
  "an10.12:1.2": "And how has a mendicant given up five factors? ",
  "an10.12:1.3": "It’s when a mendicant has given up sensual desire, ill will, dullness and drowsiness, restlessness and remorse, and doubt. ",
  "an10.12:1.4": "That’s how a mendicant has given up five factors. ",
  "an10.12:2.1": "And how does a mendicant have five factors? ",
  "an10.12:2.2": "It’s when a mendicant has the entire spectrum of an adept’s ethics, immersion, wisdom, freedom, and knowledge and vision of freedom. ",
  "an10.12:2.3": "That’s how a mendicant has five factors. ",
  "an10.12:3.1": "In this teaching and training a mendicant who has given up five factors and possesses five factors is called consummate, accomplished, a supreme person. ",
  "an10.12:4.1": "Sensual desire, ill will, ",
  "an10.12:4.2": "dullness and drowsiness, ",
  "an10.12:4.3": "restlessness, and doubt ",
  "an10.12:4.4": "are not found in a mendicant at all. ",
  "an10.12:5.1": "That sort are accomplished ",
  "an10.12:5.2": "in an adept’s ethics, ",
  "an10.12:5.3": "an adept’s immersion, ",
  "an10.12:5.4": "and freedom and knowledge. ",
  "an10.12:6.1": "Possessing these five factors, ",
  "an10.12:6.2": "and rid of five factors, ",
  "an10.12:6.3": "in this teaching and training ",
  "an10.12:6.4": "they’re called ‘consummate’.” "
}