{
  "an10.57:0.1": "Numbered Discourses 10.57 ",
  "an10.57:0.2": "6. Your Own Mind ",
  "an10.57:0.3": "Perceptions (2nd) ",
  "an10.57:1.1": "“Mendicants, these ten perceptions, when developed and cultivated, are very fruitful and beneficial. They have freedom from death as their objective and culmination. ",
  "an10.57:1.2": "What ten? ",
  "an10.57:1.3": "The perceptions of impermanence, not-self, death, repulsiveness of food, dissatisfaction with the whole world, a skeleton, a worm-infested corpse, a livid corpse, a split open corpse, and a bloated corpse. ",
  "an10.57:1.4": "These ten perceptions, when developed and cultivated, are very fruitful and beneficial. They have freedom from death as their objective and culmination.” "
}