{
  "an10.55:0.1": "Numbered Discourses 10.55 ",
  "an10.55:0.2": "6. Your Own Mind ",
  "an10.55:0.3": "Decline ",
  "an10.55:1.1": "There Sāriputta addressed the mendicants: ",
  "an10.55:1.2": "“Reverends, mendicants!” ",
  "an10.55:1.3": "“Reverend,” they replied. ",
  "an10.55:1.4": "Sāriputta said this: ",
  "an10.55:2.1": "“Reverends, they speak of an individual liable to decline, ",
  "an10.55:2.2": "and one not liable to decline. ",
  "an10.55:2.3": "But how did the Buddha define an individual liable to decline, and one not liable to decline?” ",
  "an10.55:2.4": "“Reverend, we would travel a long way to learn the meaning of this statement in the presence of Venerable Sāriputta. ",
  "an10.55:2.5": "May Venerable Sāriputta himself please clarify the meaning of this. ",
  "an10.55:2.6": "The mendicants will listen and remember it.” ",
  "an10.55:3.1": "“Then listen and apply your mind well, I will speak.” ",
  "an10.55:3.2": "“Yes, reverend,” they replied. ",
  "an10.55:3.3": "Sāriputta said this: ",
  "an10.55:4.1": "“How did the Buddha define an individual liable to decline? ",
  "an10.55:4.2": "It’s when a mendicant doesn’t get to hear a teaching they haven’t heard before. They forget those teachings they have heard. They don’t keep exercising the teachings with which they are already familiar. And they don’t come to understand what they haven’t understood before. ",
  "an10.55:4.3": "That’s how the Buddha defined an individual liable to decline. ",
  "an10.55:5.1": "And how did the Buddha define an individual not liable to decline? ",
  "an10.55:5.2": "It’s when a mendicant gets to hear a teaching they haven’t heard before. They remember those teachings they have heard. They keep exercising the teachings with which they are already familiar. And they come to understand what they haven’t understood before. ",
  "an10.55:5.3": "That’s how the Buddha defined an individual not liable to decline. ",
  "an10.55:6.1": "If a mendicant isn’t skilled in encompassing another’s mind, then they should train themselves: ‘I will be skilled in encompassing my own mind.’ ",
  "an10.55:6.2": "",
  "an10.55:7.1": "And how is a mendicant skilled in encompassing their own mind? ",
  "an10.55:7.2": "Suppose there was a woman or man who was young, youthful, and fond of adornments, and they check their own reflection in a clean bright mirror or a clear bowl of water. If they see any dirt or blemish there, they’d try to remove it. ",
  "an10.55:7.3": "But if they don’t see any dirt or blemish there, they’re happy with that, as they’ve got all they wished for: ",
  "an10.55:7.4": "‘How fortunate that I’m clean!’ ",
  "an10.55:7.5": "In the same way, checking is very helpful for a mendicant’s skillful qualities. ",
  "an10.55:7.6": "‘Is contentment often found in me or not? Is kind-heartedness often found in me or not? Is freedom from dullness and drowsiness often found in me or not? Is calm often found in me or not? Is confidence often found in me or not? Is love often found in me or not? Is purity of mind often found in me or not? Is internal joy with the teaching found in me or not? Is internal serenity of heart found in me or not? Is the higher wisdom of discernment of principles found in me or not?’ ",
  "an10.55:8.1": "Suppose a mendicant, while checking, doesn’t see any of these skillful qualities in themselves. In order to get them they should apply extraordinary enthusiasm, effort, zeal, vigor, perseverance, mindfulness, and situational awareness. ",
  "an10.55:8.2": "Suppose your clothes or head were on fire. In order to extinguish it, you’d apply intense enthusiasm, effort, zeal, vigor, perseverance, mindfulness, and situational awareness. ",
  "an10.55:8.3": "",
  "an10.55:8.4": "In the same way, they should apply extraordinary enthusiasm to get those skillful qualities … ",
  "an10.55:9.1": "Suppose a mendicant, while checking, sees some of these skillful qualities in themselves, but doesn’t see others. Grounded on the skillful qualities they see, they should apply extraordinary enthusiasm, effort, zeal, vigor, perseverance, mindfulness, and situational awareness in order to get the skillful qualities they don’t see. ",
  "an10.55:9.2": "Suppose your clothes or head were on fire. In order to extinguish it, you’d apply intense enthusiasm, effort, zeal, vigor, perseverance, mindfulness, and situational awareness. ",
  "an10.55:9.3": "",
  "an10.55:9.4": "In the same way, grounded on the skillful qualities they see, they should apply extraordinary enthusiasm to get those skillful qualities they don’t see. ",
  "an10.55:10.1": "But suppose a mendicant, while checking, sees all of these skillful qualities in themselves. Grounded on all these skillful qualities they should practice meditation further to end the defilements.” "
}