{
  "an10.211:0.1": "Numbered Discourses 10.211 ",
  "an10.211:0.2": "21. The Body Born of Deeds ",
  "an10.211:0.3": "Heaven and Hell (1st) ",
  "an10.211:1.1": "“Someone with ten qualities is cast down to hell. ",
  "an10.211:1.2": "What ten? ",
  "an10.211:1.3": "It’s when a certain person kills living creatures. They’re violent, bloody-handed, a hardened killer, merciless to living beings. ",
  "an10.211:2.1": "They steal. With the intention to commit theft, they take the wealth or belongings of others from village or wilderness. ",
  "an10.211:3.1": "They commit sexual misconduct. They have sexual relations with women who have their mother, father, both mother and father, brother, sister, relatives, or clan as guardian. They have sexual relations with a woman who is protected on principle, or who has a husband, or whose violation is punishable by law, or even one who has been garlanded as a token of betrothal. ",
  "an10.211:4.1": "They lie. They’re summoned to a council, an assembly, a family meeting, a guild, or to the royal court, and asked to bear witness: ‘Please, worthy man, say what you know.’ Not knowing, they say ‘I know.’ Knowing, they say ‘I don’t know.’ Not seeing, they say ‘I see.’ And seeing, they say ‘I don’t see.’ So they deliberately lie for the sake of themselves or another, or for some trivial worldly reason. ",
  "an10.211:5.1": "They speak divisively. They repeat in one place what they heard in another so as to divide people against each other. And so they divide those who are harmonious, supporting division, delighting in division, loving division, speaking words that promote division. ",
  "an10.211:6.1": "They speak harshly. They use the kinds of words that are cruel, nasty, hurtful, offensive, bordering on anger, not leading to immersion. ",
  "an10.211:7.1": "They talk nonsense. Their speech is untimely, and is neither factual nor beneficial. It has nothing to do with the teaching or the training. Their words have no value, and are untimely, unreasonable, rambling, and pointless. ",
  "an10.211:8.1": "They’re covetous. They covet the wealth and belongings of others: ‘Oh, if only their belongings were mine!’ ",
  "an10.211:9.1": "They have ill will and malicious intentions: ‘May these sentient beings be killed, slaughtered, slain, destroyed, or annihilated!’ ",
  "an10.211:10.1": "They have wrong view. Their perspective is distorted: ",
  "an10.211:11.1": "‘There’s no meaning in giving, sacrifice, or offerings. There’s no fruit or result of good and bad deeds. There’s no afterlife. There’s no such thing as mother and father, or beings that are reborn spontaneously. And there’s no ascetic or brahmin who is rightly comported and rightly practiced, and who describes the afterlife after realizing it with their own insight.’ ",
  "an10.211:11.2": "Someone with these ten qualities is cast down to hell. ",
  "an10.211:12.1": "Someone with ten qualities is raised up to heaven. ",
  "an10.211:12.2": "What ten? ",
  "an10.211:12.3": "It’s when a certain person gives up killing living creatures. They renounce the rod and the sword. They’re scrupulous and kind, living full of sympathy for all living beings. ",
  "an10.211:13.1": "They give up stealing. They don’t, with the intention to commit theft, take the wealth or belongings of others from village or wilderness. ",
  "an10.211:14.1": "They give up sexual misconduct. They don’t have sex with women who have their mother, father, both mother and father, brother, sister, relatives, or clan as guardian. They don’t have sex with a woman who is protected on principle, or who has a husband, or whose violation is punishable by law, or even one who has been garlanded as a token of betrothal. ",
  "an10.211:15.1": "They give up lying. They’re summoned to a council, an assembly, a family meeting, a guild, or to the royal court, and asked to bear witness: ‘Please, worthy man, say what you know.’ Not knowing, they say ‘I don’t know.’ Knowing, they say ‘I know.’ Not seeing, they say ‘I don’t see.’ And seeing, they say ‘I see.’ So they don’t deliberately lie for the sake of themselves or another, or for some trivial worldly reason. ",
  "an10.211:16.1": "They give up divisive speech. They don’t repeat in one place what they heard in another so as to divide people against each other. Instead, they reconcile those who are divided and support those who are united, delighting in harmony, loving harmony, speaking words that promote harmony. ",
  "an10.211:17.1": "They give up harsh speech. They speak in a way that’s mellow, pleasing to the ear, lovely, going to the heart, polite, likable and agreeable to the people. ",
  "an10.211:18.1": "They give up talking nonsense. Their words are timely, true, and meaningful, in line with the teaching and training. They say things at the right time which are valuable, reasonable, succinct, and beneficial. ",
  "an10.211:19.1": "They’re content. They don’t covet the wealth and belongings of others: ‘Oh, if only their belongings were mine!’ ",
  "an10.211:20.1": "They have a kind heart and loving intentions: ‘May these sentient beings live free of enmity and ill will, untroubled and happy!’ ",
  "an10.211:21.1": "They have right view, an undistorted perspective: ",
  "an10.211:21.2": "‘There is meaning in giving, sacrifice, and offerings. There are fruits and results of good and bad deeds. There is an afterlife. There are such things as mother and father, and beings that are reborn spontaneously. And there are ascetics and brahmins who are rightly comported and rightly practiced, and who describe the afterlife after realizing it with their own insight.’ ",
  "an10.211:22.1": "Someone with these ten qualities is raised up to heaven.” "
}