{
  "an10.148:0.1": "Numbered Discourses 10.148 ",
  "an10.148:0.2": "15. The Noble Path ",
  "an10.148:0.3": "The Teaching of the True Persons ",
  "an10.148:1.1": "“Mendicants, I will teach you the teaching of the true persons and the teaching of the untrue persons. … ",
  "an10.148:1.2": "",
  "an10.148:1.3": "And what is the teaching of the untrue persons? ",
  "an10.148:1.4": "Wrong view, wrong thought, wrong speech, wrong action, wrong livelihood, wrong effort, wrong mindfulness, wrong immersion, wrong knowledge, and wrong freedom. ",
  "an10.148:1.5": "This is the teaching of the untrue persons. ",
  "an10.148:1.6": "And what is the teaching of the true persons? ",
  "an10.148:1.7": "Right view, right thought, right speech, right action, right livelihood, right effort, right mindfulness, right immersion, right knowledge, and right freedom. ",
  "an10.148:1.8": "This is the teaching of the true persons.” "
}