{
  "an10.21:0.1": "Numbered Discourses 10.21 ",
  "an10.21:0.2": "3. The Great Chapter ",
  "an10.21:0.3": "The Lion’s Roar ",
  "an10.21:1.1": "“Mendicants, towards evening the lion, king of beasts, emerges from his den, ",
  "an10.21:1.2": "yawns, ",
  "an10.21:1.3": "surveys the four quarters, ",
  "an10.21:1.4": "and roars his lion’s roar three times. ",
  "an10.21:1.5": "Then he sets out on the hunt. ",
  "an10.21:1.6": "Why is that? ",
  "an10.21:1.7": "‘May I not injure any little creatures on unclear ground.’ ",
  "an10.21:2.1": "‘Lion’ is a term for the Realized One, the perfected one, the fully awakened Buddha. ",
  "an10.21:2.2": "When the Realized One teaches Dhamma to an assembly, this is his lion’s roar. ",
  "an10.21:3.1": "The Realized One possesses ten powers of a Realized One. With these he claims the bull’s place, roars his lion’s roar in the assemblies, and turns the divine wheel. ",
  "an10.21:3.2": "What ten? ",
  "an10.21:3.3": "Firstly, the Realized One truly understands the possible as possible and the impossible as impossible. ",
  "an10.21:3.4": "Since he truly understands this, this is a power of the Realized One. Relying on this he claims the bull’s place, roars his lion’s roar in the assemblies, and turns the divine wheel. ",
  "an10.21:4.1": "Furthermore, the Realized One truly understands the result of deeds undertaken in the past, future, and present in terms of grounds and causes. ",
  "an10.21:4.2": "Since he truly understands this, this is a power of the Realized One. … ",
  "an10.21:5.1": "Furthermore, the Realized One truly understands where all paths of practice lead. ",
  "an10.21:5.2": "Since he truly understands this, this is a power of the Realized One. … ",
  "an10.21:6.1": "Furthermore, the Realized One truly understands the world with its many and diverse elements. ",
  "an10.21:6.2": "Since he truly understands this, this is a power of the Realized One. … ",
  "an10.21:7.1": "Furthermore, the Realized One truly understands the diverse convictions of sentient beings. ",
  "an10.21:7.2": "Since he truly understands this, this is a power of the Realized One. … ",
  "an10.21:8.1": "Furthermore, the Realized One truly understands the faculties of other sentient beings and other individuals after encompassing them with his mind. ",
  "an10.21:8.2": "Since he truly understands this, this is a power of the Realized One. … ",
  "an10.21:9.1": "Furthermore, the Realized One truly understands corruption, cleansing, and emergence regarding the absorptions, liberations, immersions, and attainments. ",
  "an10.21:9.2": "Since he truly understands this, this is a power of the Realized One. … ",
  "an10.21:10.1": "Furthermore, the Realized One recollects many kinds of past lives. That is: one, two, three, four, five, ten, twenty, thirty, forty, fifty, a hundred, a thousand, a hundred thousand rebirths; many eons of the world contracting, many eons of the world expanding, many eons of the world contracting and expanding. He remembers: ‘There, I was named this, my clan was that, I looked like this, and that was my food. This was how I felt pleasure and pain, and that was how my life ended. When I passed away from that place I was reborn somewhere else. There, too, I was named this, my clan was that, I looked like this, and that was my food. This was how I felt pleasure and pain, and that was how my life ended. When I passed away from that place I was reborn here.’ Thus he recollects his many past lives, with features and details. ",
  "an10.21:10.2": "Since he truly understands this, this is a power of the Realized One. … ",
  "an10.21:11.1": "Furthermore, with clairvoyance that is purified and superhuman, the Realized One sees sentient beings passing away and being reborn—inferior and superior, beautiful and ugly, in a good place or a bad place. He understands how sentient beings pass on according to their deeds. ‘These dear beings did bad things by way of body, speech, and mind. They denounced the noble ones; they had wrong view; and they chose to act out of that wrong view. When their body breaks up, after death, they’re reborn in a place of loss, a bad place, the underworld, hell. These dear beings, however, did good things by way of body, speech, and mind. They never denounced the noble ones; they had right view; and they chose to act out of that right view. When their body breaks up, after death, they’re reborn in a good place, a heavenly realm.’ And so, with clairvoyance that is purified and superhuman, he sees sentient beings passing away and being reborn—inferior and superior, beautiful and ugly, in a good place or a bad place. He understands how sentient beings pass on according to their deeds. ",
  "an10.21:11.2": "Since he truly understands this, this is a power of the Realized One. … ",
  "an10.21:12.1": "Furthermore, the Realized One has realized the undefiled freedom of heart and freedom by wisdom in this very life, and lives having realized it with his own insight due to the ending of defilements. ",
  "an10.21:12.2": "Since he truly understands this, this is a power of the Realized One. … ",
  "an10.21:13.1": "These are the ten powers of a Realized One that the Realized One possesses. With these he claims the bull’s place, roars his lion’s roar in the assemblies, and turns the divine wheel.” "
}