{
  "an10.199-210:0.1": "Numbered Discourses 10.199–210 ",
  "an10.199-210:0.2": "20. Another Chapter on Individuals ",
  "an10.199-210:0.3": "Should Not Associate, Etc. ",
  "an10.199-210:1.1": "“Mendicants, you should not associate with an individual who has ten qualities. ",
  "an10.199-210:1.2": "What ten? ",
  "an10.199-210:1.3": "They kill living creatures, steal, and commit sexual misconduct. They use speech that’s false, divisive, harsh, or nonsensical. And they’re covetous, malicious, with wrong view. ",
  "an10.199-210:1.4": "You should not associate with an individual who has these ten qualities. ",
  "an10.199-210:2.1": "You should associate with an individual who has ten qualities. ",
  "an10.199-210:2.2": "What ten? ",
  "an10.199-210:2.3": "They don’t kill living creatures, steal, or commit sexual misconduct. They don’t use speech that’s false, divisive, harsh, or nonsensical. They’re contented, kind-hearted, with right view. ",
  "an10.199-210:2.4": "You should associate with an individual who has these ten qualities.” ",
  "an10.199-210:3.1": "“Mendicants, you should not frequent an individual who has ten qualities … ",
  "an10.199-210:3.2": "You should frequent …” ",
  "an10.199-210:3.3": "“You should not pay homage … ",
  "an10.199-210:3.4": "You should pay homage …” ",
  "an10.199-210:3.5": "“You should not venerate … ",
  "an10.199-210:3.6": "You should venerate …” ",
  "an10.199-210:3.7": "“You should not praise … ",
  "an10.199-210:3.8": "You should praise …” ",
  "an10.199-210:3.9": "“You should not revere … ",
  "an10.199-210:3.10": "You should revere …” ",
  "an10.199-210:3.11": "“You should not defer to … ",
  "an10.199-210:3.12": "You should defer to …” ",
  "an10.199-210:3.13": "“Someone is not a success … ",
  "an10.199-210:3.14": "Someone is a success …” ",
  "an10.199-210:3.15": "“Someone is not pure … ",
  "an10.199-210:3.16": "Someone is pure …” ",
  "an10.199-210:3.17": "“Someone does not win over conceit … ",
  "an10.199-210:3.18": "Someone wins over conceit …” ",
  "an10.199-210:3.19": "“Someone does not grow in wisdom … ",
  "an10.199-210:3.20": "Someone grows in wisdom …” ",
  "an10.199-210:4.1": "“An individual who possesses these ten qualities brims with much wickedness. … ",
  "an10.199-210:4.2": "An individual who possesses these ten qualities brims with much merit. ",
  "an10.199-210:4.3": "What ten? ",
  "an10.199-210:4.4": "They don’t kill living creatures, steal, or commit sexual misconduct. They don’t use speech that’s false, divisive, harsh, or nonsensical. They’re contented, kind-hearted, with right view. ",
  "an10.199-210:4.5": "An individual who has these ten qualities creates much merit.” ",
  "an10.199-210:4.6": ""
}