{
  "an10.94:0.1": "Numbered Discourses 10.94 ",
  "an10.94:0.2": "10. With Upāli ",
  "an10.94:0.3": "With Vajjiyamāhita ",
  "an10.94:1.1": "At one time the Buddha was staying near Campā on the banks of the Gaggarā Lotus Pond. ",
  "an10.94:1.2": "Then the householder Vajjiyamāhita left Sāvatthī in the middle of the day to see the Buddha. ",
  "an10.94:1.3": "Then it occurred to him, ",
  "an10.94:1.4": "“It’s the wrong time to see the Buddha, ",
  "an10.94:1.5": "as he’s in retreat. ",
  "an10.94:1.6": "And it’s the wrong time to see the esteemed mendicants, ",
  "an10.94:1.7": "as they’re in retreat. ",
  "an10.94:1.8": "Why don’t I visit the monastery of the wanderers of other religions?” ",
  "an10.94:2.1": "Then he went to the monastery of the wanderers of other religions. ",
  "an10.94:2.2": "Now at that time, the wanderers of other religions had come together, making an uproar, a colossal racket as they sat and talked about all kinds of low topics. ",
  "an10.94:3.1": "They saw Vajjiyamāhita coming off in the distance, and stopped each other, saying, ",
  "an10.94:3.2": "“Be quiet, good fellows, don’t make a sound. ",
  "an10.94:3.3": "The householder Vajjiyamāhita, a disciple of the ascetic Gotama, is coming into our monastery. ",
  "an10.94:3.4": "He is included among the white-clothed lay disciples of the ascetic Gotama, who is residing near Campā. ",
  "an10.94:3.5": "Such venerables like the quiet, are educated to be quiet, and praise the quiet. ",
  "an10.94:3.6": "Hopefully if he sees that our assembly is quiet he’ll see fit to approach.” ",
  "an10.94:4.1": "Then those wanderers of other religions fell silent. ",
  "an10.94:4.2": "Then Vajjiyamāhita went up to them, and exchanged greetings with the wanderers there. ",
  "an10.94:4.3": "When the greetings and polite conversation were over, he sat down to one side. The wanderers said to him: ",
  "an10.94:4.4": "“Is it really true, householder? Does the ascetic Gotama criticize all forms of mortification? Does he categorically condemn and denounce those fervent mortifiers who live rough?” ",
  "an10.94:4.5": "“No, sirs, the Buddha does not criticize all forms of mortification. Nor does he categorically condemn and denounce those fervent mortifiers who live rough. ",
  "an10.94:4.6": "The Buddha criticizes where it is due, and praises where it is due. ",
  "an10.94:4.7": "In doing so he is one who speaks after analyzing the question, ",
  "an10.94:4.8": "and is not one-sided on this point.” ",
  "an10.94:5.1": "When he said this, one of the wanderers said to him, ",
  "an10.94:5.2": "“Hold on, householder! That ascetic Gotama who you praise is an exterminator who refrains from making statements.” ",
  "an10.94:5.3": "“On this point, also, I reasonably respond to the venerables. ",
  "an10.94:5.4": "The Buddha has stated ‘This is skillful’ and ",
  "an10.94:5.5": "‘This is unskillful’. ",
  "an10.94:5.6": "So when it comes to what is skillful and unskillful the Buddha makes a statement. ",
  "an10.94:5.7": "He is not an exterminator who refrains from making statements.” ",
  "an10.94:6.1": "When this was said, those wanderers sat silent, dismayed, shoulders drooping, downcast, depressed, with nothing to say. ",
  "an10.94:6.2": "Seeing this, Vajjiyamāhita got up from his seat. He went to the Buddha, bowed, sat down to one side, ",
  "an10.94:6.3": "and informed the Buddha of all they had discussed. ",
  "an10.94:7.1": "“Good, good, householder! ",
  "an10.94:7.2": "That’s how you should legitimately and completely refute those futile men from time to time. ",
  "an10.94:7.3": "Householder, I don’t say that all mortifications should be undergone. ",
  "an10.94:7.4": "But I don’t say that no mortifications should be undergone. ",
  "an10.94:7.5": "I don’t say that all observances should be undertaken. ",
  "an10.94:7.6": "But I don’t say that no observances should be undertaken. ",
  "an10.94:7.7": "I don’t say that all efforts should be tried. ",
  "an10.94:7.8": "But I don’t say that no efforts should be tried. ",
  "an10.94:7.9": "I don’t say that everything should be given up. ",
  "an10.94:7.10": "But I don’t say that nothing should be given up. ",
  "an10.94:7.11": "I don’t say that you should be liberated with all kinds of freedom. ",
  "an10.94:7.12": "But I don’t say that you should not be liberated with any kind of freedom. ",
  "an10.94:8.1": "When undergoing certain mortifications, unskillful qualities grow while skillful qualities decline. I say that you shouldn’t undergo those mortifications. ",
  "an10.94:8.2": "When undergoing certain mortifications, unskillful qualities decline while skillful qualities grow. I say that you should undergo those mortifications. ",
  "an10.94:9.1": "When undertaking certain observances, unskillful qualities grow while skillful qualities decline. I say that you shouldn’t undertake those observances. ",
  "an10.94:9.2": "When undertaking certain observances, unskillful qualities decline while skillful qualities grow. I say that you should undertake those observances. ",
  "an10.94:10.1": "When trying certain efforts, unskillful qualities grow while skillful qualities decline. I say that you shouldn’t try those efforts. ",
  "an10.94:10.2": "When trying certain efforts, unskillful qualities decline while skillful qualities grow. I say that you should try those efforts. ",
  "an10.94:11.1": "When giving up certain things, unskillful qualities grow while skillful qualities decline. I say that you shouldn’t give up those things. ",
  "an10.94:11.2": "When giving up certain things, unskillful qualities decline while skillful qualities grow. I say that you should give up those things. ",
  "an10.94:12.1": "When being liberated with certain kinds of freedom, unskillful qualities grow while skillful qualities decline. I say that you shouldn’t be liberated with those kinds of freedom. ",
  "an10.94:12.2": "When being liberated with certain kinds of freedom, unskillful qualities decline while skillful qualities grow. I say that you should be liberated with those kinds of freedom.” ",
  "an10.94:13.1": "After Vajjiyamāhita had been educated, encouraged, fired up, and inspired with a Dhamma talk by the Buddha, he got up from his seat, bowed, and respectfully circled the Buddha before leaving. ",
  "an10.94:14.1": "Then, not long after Vajjiyamāhita had left, the Buddha addressed the mendicants: ",
  "an10.94:14.2": "“Mendicants, even a mendicant who for a long time has had little dust in their eye in this teaching and training would legitimately and completely refute those wanderers of other religions just as the householder Vajjiyamāhita did.” "
}