{
  "an10.239:0.1": "Numbered Discourses 10.239 ",
  "an10.239:0.2": "23. Abbreviated Texts Beginning With Greed ",
  "an10.239:0.3": "Untitled Discourse on Greed (3rd) ",
  "an10.239:1.1": "“For insight into greed, ten things should be developed. ",
  "an10.239:1.2": "What ten? ",
  "an10.239:1.3": "Right view, right thought, right speech, right action, right livelihood, right effort, right mindfulness, right immersion, right knowledge, and right freedom. ",
  "an10.239:1.4": "For insight into greed, these ten things should be developed.” "
}