{
  "an10.100:0.1": "Numbered Discourses 10.100 ",
  "an10.100:0.2": "10. With Upāli ",
  "an10.100:0.3": "Cannot ",
  "an10.100:1.1": "“Mendicants, without giving up ten things you can’t realize perfection. ",
  "an10.100:1.2": "What ten? ",
  "an10.100:1.3": "Greed, hate, delusion, anger, acrimony, disdain, contempt, jealousy, stinginess, and conceit. ",
  "an10.100:1.4": "Without giving up these ten things you can’t realize perfection. ",
  "an10.100:2.1": "After giving up ten things you can realize perfection. ",
  "an10.100:2.2": "What ten? ",
  "an10.100:2.3": "Greed, hate, delusion, anger, acrimony, disdain, contempt, jealousy, stinginess, and conceit. ",
  "an10.100:2.4": "After giving up these ten things you can realize perfection.” ",
  "an10.100:2.5": "",
  "an10.100:2.6": "",
  "an10.100:3.1": "",
  "an10.100:3.2": "",
  "an10.100:3.3": "",
  "an10.100:3.4": ""
}