{
  "an10.77:0.1": "Numbered Discourses 10.77 ",
  "an10.77:0.2": "8. If You Want ",
  "an10.77:0.3": "A Crow ",
  "an10.77:1.1": "“Mendicants, a crow has ten bad qualities. ",
  "an10.77:1.2": "What ten? ",
  "an10.77:1.3": "They’re rude and impudent, gluttonous and voracious, cruel and pitiless, weak and raucous, unmindful and acquisitive. ",
  "an10.77:1.4": "A crow possesses these ten bad qualities. ",
  "an10.77:1.5": "In the same way, a bad mendicant possesses these ten bad qualities. ",
  "an10.77:1.6": "What ten? ",
  "an10.77:1.7": "They’re rude and impudent, gluttonous and voracious, cruel and pitiless, weak and raucous, unmindful and acquisitive. ",
  "an10.77:1.8": "A bad mendicant possesses these ten bad qualities.” "
}