{
  "an10.30:0.1": "Numbered Discourses 10.30 ",
  "an10.30:0.2": "3. The Great Chapter ",
  "an10.30:0.3": "Kosala (2nd) ",
  "an10.30:1.1": "At one time the Buddha was staying near Sāvatthī in Jeta’s Grove, Anāthapiṇḍika’s monastery. ",
  "an10.30:1.2": "Now at that time King Pasenadi of Kosala returned from combat after winning a battle and succeeding in his strategy. ",
  "an10.30:1.3": "Then King Pasenadi of Kosala went to the monastery. ",
  "an10.30:1.4": "He went by carriage as far as the terrain allowed, then descended and entered the monastery on foot. ",
  "an10.30:1.5": "At that time several mendicants were walking mindfully in the open air. ",
  "an10.30:1.6": "Then King Pasenadi of Kosala went up to them and said, ",
  "an10.30:1.7": "“Sirs, where is the Blessed One at present, the perfected one, the fully awakened Buddha? ",
  "an10.30:1.8": "For I want to see the Buddha.” ",
  "an10.30:1.9": "“Great king, that’s his dwelling, with the door closed. Approach it quietly, without hurrying; go onto the porch, clear your throat, and knock on the door-panel. The Buddha will open the door.” ",
  "an10.30:2.1": "So the king approached the Buddha’s dwelling, cleared his throat and knocked on the door-panel, and the Buddha opened the door. ",
  "an10.30:2.2": "Then King Pasenadi entered the Buddha’s dwelling. He bowed with his head at the Buddha’s feet, caressing them and covering them with kisses, and pronounced his name: ",
  "an10.30:2.3": "“Sir, I am Pasenadi, king of Kosala! ",
  "an10.30:2.4": "I am Pasenadi, king of Kosala!” ",
  "an10.30:3.1": "“But great king, for what reason do you act with such utmost deference for this body, conveying your manifest love?” ",
  "an10.30:3.2": "“Sir, it’s because of my gratitude and thanks for the Buddha that I act with such utmost deference, conveying my manifest love. ",
  "an10.30:4.1": "The Buddha is practicing for the welfare and happiness of the people. He has established many people in the noble system, that is, the principles of goodness and skillfulness. ",
  "an10.30:4.2": "This is a reason that I act with such utmost deference for the Buddha, conveying my manifest love. ",
  "an10.30:5.1": "Furthermore, the Buddha is ethical, possessing ethical conduct that is mature, noble, and skillful. ",
  "an10.30:5.2": "This is another reason that I act with such utmost deference for the Buddha, conveying my manifest love. ",
  "an10.30:6.1": "Furthermore, the Buddha lives in the wilderness, frequenting remote lodgings in the wilderness and the forest. ",
  "an10.30:6.2": "This is another reason that I act with such utmost deference for the Buddha, conveying my manifest love. ",
  "an10.30:7.1": "Furthermore, the Buddha is content with any kind of robes, almsfood, lodgings, and medicines and supplies for the sick. ",
  "an10.30:7.2": "This is another reason that I act with such utmost deference for the Buddha, conveying my manifest love. ",
  "an10.30:8.1": "Furthermore, the Buddha is worthy of offerings dedicated to the gods, worthy of hospitality, worthy of a religious donation, worthy of greeting with joined palms, and is the supreme field of merit for the world. ",
  "an10.30:8.2": "This is another reason that I act with such utmost deference for the Buddha, conveying my manifest love. ",
  "an10.30:9.1": "Furthermore, the Buddha gets to take part in talk about self-effacement that helps open the heart, when he wants, without trouble or difficulty. That is, talk about fewness of wishes, contentment, seclusion, aloofness, arousing energy, ethics, immersion, wisdom, freedom, and the knowledge and vision of freedom. ",
  "an10.30:9.2": "This is another reason that I act with such utmost deference for the Buddha, conveying my manifest love. ",
  "an10.30:10.1": "Furthermore, the Buddha gets the four absorptions—blissful meditations in this life that belong to the higher mind—when he wants, without trouble or difficulty. ",
  "an10.30:10.2": "This is another reason that I act with such utmost deference for the Buddha, conveying my manifest love. ",
  "an10.30:11.1": "Furthermore, the Buddha recollects many kinds of past lives. That is: one, two, three, four, five, ten, twenty, thirty, forty, fifty, a hundred, a thousand, a hundred thousand rebirths; many eons of the world contracting, many eons of the world expanding, many eons of the world contracting and expanding. He remembers: ‘There, I was named this, my clan was that, I looked like this, and that was my food. This was how I felt pleasure and pain, and that was how my life ended. When I passed away from that place I was reborn somewhere else. There, too, I was named this, my clan was that, I looked like this, and that was my food. This was how I felt pleasure and pain, and that was how my life ended. When I passed away from that place I was reborn here.’ And so he recollects his many kinds of past lives, with features and details. ",
  "an10.30:11.2": "This is another reason that I act with such utmost deference for the Buddha, conveying my manifest love. ",
  "an10.30:12.1": "Furthermore, with clairvoyance that is purified and superhuman, the Buddha sees sentient beings passing away and being reborn—inferior and superior, beautiful and ugly, in a good place or a bad place. He understands how sentient beings pass on according to their deeds. ‘These dear beings did bad things by way of body, speech, and mind. They denounced the noble ones; they had wrong view; and they chose to act out of that wrong view. When their body breaks up, after death, they’re reborn in a place of loss, a bad place, the underworld, hell. These dear beings, however, did good things by way of body, speech, and mind. They never denounced the noble ones; they had right view; and they chose to act out of that right view. When their body breaks up, after death, they’re reborn in a good place, a heavenly realm.’ He understands how sentient beings pass on according to their deeds. ",
  "an10.30:12.2": "This is another reason that I act with such utmost deference for the Buddha, conveying my manifest love. ",
  "an10.30:13.1": "Furthermore, the Buddha has realized the undefiled freedom of heart and freedom by wisdom in this very life, and lives having realized it with his own insight due to the ending of defilements. ",
  "an10.30:13.2": "This is another reason that I act with such utmost deference for the Buddha, conveying my manifest love. ",
  "an10.30:14.1": "Well, now, sir, I must go. ",
  "an10.30:14.2": "I have many duties, and much to do.” ",
  "an10.30:14.3": "“Please, great king, go at your convenience.” ",
  "an10.30:14.4": "Then King Pasenadi got up from his seat, bowed, and respectfully circled the Buddha, keeping him on his right, before leaving. ",
  "an10.30:14.5": "",
  "an10.30:14.6": "",
  "an10.30:15.1": "",
  "an10.30:15.2": "",
  "an10.30:15.3": ""
}