{
  "an10.83:0.1": "Numbered Discourses 10.83 ",
  "an10.83:0.2": "9. Senior Mendicants ",
  "an10.83:0.3": "With Puṇṇiya ",
  "an10.83:1.1": "Then Venerable Puṇṇiya went up to the Buddha, bowed, sat down to one side, and said to him: ",
  "an10.83:1.2": "“Sir, what is the cause, what is the reason why sometimes the Realized One feels inspired to teach, and other times not?” ",
  "an10.83:2.1": "“Puṇṇiya, when a mendicant has faith but doesn’t approach, the Realized One doesn’t feel inspired to teach. ",
  "an10.83:2.2": "But when a mendicant has faith and approaches, the Realized One feels inspired to teach. ",
  "an10.83:3.1": "When a mendicant has faith and approaches, but doesn’t pay homage … ",
  "an10.83:3.2": "they pay homage, but don’t ask questions … ",
  "an10.83:3.3": "they ask questions, but don’t actively listen to the teaching … ",
  "an10.83:3.4": "they actively listen to the teaching, but don’t remember the teaching they’ve heard … ",
  "an10.83:3.5": "they remember the teaching they’ve heard, but don’t examine the meaning of the teachings they’ve remembered … ",
  "an10.83:3.6": "they examine the meaning of the teachings they’ve remembered, but, not having understood the meaning and the teaching, they don’t practice in line with the principle of the teaching … ",
  "an10.83:3.7": "they practice in line with the teaching, but they’re not a good speaker and do not enunciate well. Their voice is not polished, clear, articulate, and doesn’t express the meaning … ",
  "an10.83:3.8": "They’re a good speaker who enunciates well, but they don’t educate, encourage, fire up, and inspire their spiritual companions. The Realized One doesn’t feel inspired to teach. ",
  "an10.83:4.1": "But when a mendicant has faith, approaches, pays homage, asks questions, actively listens to the teachings, remembers the teachings, examines the meaning, practices in line with the principle of the teaching, has a good voice, and encourages their spiritual companions, ",
  "an10.83:4.2": "the Realized One feels inspired to teach. ",
  "an10.83:4.3": "When someone possesses these ten qualities, the Realized One feels totally inspired to teach.” "
}