{
  "an10.14:0.1": "Numbered Discourses 10.14 ",
  "an10.14:0.2": "2. A Protector ",
  "an10.14:0.3": "Hard-heartedness ",
  "an10.14:1.1": "“Mendicants, a monk or nun who has not given up five kinds of hard-heartedness and has not severed five shackles of the heart can expect decline, not growth, in skillful qualities, whether by day or by night. ",
  "an10.14:2.1": "What are the five kinds of hard-heartedness they haven’t given up? ",
  "an10.14:2.2": "Firstly, a mendicant has doubts about the Teacher. They’re uncertain, undecided, and lacking confidence. ",
  "an10.14:2.3": "This being so, their mind doesn’t incline toward keenness, commitment, persistence, and striving. ",
  "an10.14:2.4": "This is the first kind of hard-heartedness they haven’t given up. ",
  "an10.14:3.1": "Furthermore, a mendicant has doubts about the teaching … ",
  "an10.14:3.2": "the Saṅgha … ",
  "an10.14:3.3": "the training … ",
  "an10.14:3.4": "A mendicant is angry and upset with their spiritual companions, resentful and closed off. ",
  "an10.14:3.5": "This being so, their mind doesn’t incline toward keenness, commitment, persistence, and striving. ",
  "an10.14:3.6": "This is the fifth kind of hard-heartedness they haven’t given up. ",
  "an10.14:3.7": "These are the five kinds of hard-heartedness they haven’t given up. ",
  "an10.14:4.1": "What are the five shackles of the heart they haven’t severed? ",
  "an10.14:4.2": "Firstly, a mendicant isn’t free of greed, desire, fondness, thirst, passion, and craving for sensual pleasures. ",
  "an10.14:4.3": "This being so, their mind doesn’t incline toward keenness, commitment, persistence, and striving. ",
  "an10.14:4.4": "This is the first shackle of the heart they haven’t severed. ",
  "an10.14:5.1": "Furthermore, a mendicant isn’t free of greed for the body … ",
  "an10.14:5.2": "They’re not free of greed for form … ",
  "an10.14:5.3": "They eat as much as they like until their belly is full, then indulge in the pleasures of sleeping, lying down, and drowsing … ",
  "an10.14:5.4": "They lead the spiritual life wishing to be reborn in one of the orders of gods: ‘By this precept or observance or fervent austerity or spiritual life, may I become one of the gods!’ ",
  "an10.14:5.5": "This being so, their mind doesn’t incline toward keenness, commitment, persistence, and striving. ",
  "an10.14:5.6": "This is the fifth shackle of the heart they haven’t severed. ",
  "an10.14:5.7": "These are the five shackles of the heart they haven’t severed. ",
  "an10.14:6.1": "A monk or nun who has not given up these five kinds of hard-heartedness and has not severed these five shackles of the heart can expect decline, not growth, in skillful qualities, whether by day or by night. ",
  "an10.14:7.1": "It’s like the moon in the waning fortnight. Whether by day or by night, its beauty, roundness, luminosity, and diameter and circumference only decline. ",
  "an10.14:7.2": "In the same way, monk or nun who has not given up these five kinds of hard-heartedness and has not severed these five shackles of the heart can expect decline, not growth, in skillful qualities, whether by day or by night. ",
  "an10.14:8.1": "A monk or nun who has given up five kinds of hard-heartedness and has severed five shackles of the heart can expect growth, not decline, in skillful qualities, whether by day or by night. ",
  "an10.14:9.1": "What are the five kinds of hard-heartedness they’ve given up? ",
  "an10.14:9.2": "Firstly, a mendicant has no doubts about the Teacher. They’re not uncertain, undecided, or lacking confidence. ",
  "an10.14:9.3": "This being so, their mind inclines toward keenness, commitment, persistence, and striving. ",
  "an10.14:9.4": "This is the first kind of hard-heartedness they’ve given up. ",
  "an10.14:10.1": "Furthermore, a mendicant has no doubts about the teaching … ",
  "an10.14:10.2": "the Saṅgha … ",
  "an10.14:10.3": "the training … ",
  "an10.14:10.4": "A mendicant is not angry and upset with their spiritual companions, not resentful or closed off. ",
  "an10.14:10.5": "This being so, their mind inclines toward keenness, commitment, persistence, and striving. ",
  "an10.14:10.6": "This is the fifth kind of hard-heartedness they’ve given up. ",
  "an10.14:10.7": "These are the five kinds of hard-heartedness they’ve given up. ",
  "an10.14:11.1": "What are the five shackles of the heart they’ve severed? ",
  "an10.14:11.2": "Firstly, a mendicant is rid of greed, desire, fondness, thirst, passion, and craving for sensual pleasures. ",
  "an10.14:11.3": "This being so, their mind inclines toward keenness, commitment, persistence, and striving. ",
  "an10.14:11.4": "This is the first shackle of the heart they’ve severed. ",
  "an10.14:12.1": "Furthermore, a mendicant is rid of greed for the body … ",
  "an10.14:12.2": "They’re rid of greed for form … ",
  "an10.14:12.3": "They don’t eat as much as they like until their belly is full, then indulge in the pleasures of sleeping, lying down, and drowsing … ",
  "an10.14:12.4": "They don’t lead the spiritual life wishing to be reborn in one of the orders of gods: ‘By this precept or observance or fervent austerity or spiritual life, may I become one of the gods!’ ",
  "an10.14:12.5": "This being so, their mind inclines toward keenness, commitment, persistence, and striving. ",
  "an10.14:12.6": "This is the fifth shackle of the heart they’ve severed. ",
  "an10.14:12.7": "These are the five shackles of the heart they’ve severed. ",
  "an10.14:13.1": "A monk or nun who has given up these five kinds of hard-heartedness and has severed these five shackles of the heart can expect growth, not decline, in skillful qualities, whether by day or by night. ",
  "an10.14:14.1": "It’s like the moon in the waxing fortnight. Whether by day or by night, its beauty, roundness, luminosity, and diameter and circumference only grow. ",
  "an10.14:14.2": "In the same way, a monk or nun who has given up these five kinds of hard-heartedness and has severed these five shackles of the heart can expect growth, not decline, in skillful qualities, whether by day or by night.” "
}