{
  "an10.88:0.1": "Numbered Discourses 10.88 ",
  "an10.88:0.2": "9. Senior Mendicants ",
  "an10.88:0.3": "An Abuser ",
  "an10.88:1.1": "“Mendicants, any mendicant who abuses and insults their spiritual companions, denouncing the noble ones, will, without a doubt, fall into one or other of these ten disasters. ",
  "an10.88:1.2": "What ten? ",
  "an10.88:1.3": "They don’t achieve the unachieved. What they have achieved falls away. They don’t refine their good qualities. They overestimate their good qualities, or lead the spiritual life dissatisfied, or commit a corrupt offense, or contract a severe illness, or go mad and lose their mind. They feel lost when they die. And when their body breaks up, after death, they are reborn in a place of loss, a bad place, the underworld, hell. ",
  "an10.88:1.4": "Any mendicant who abuses and insults their spiritual companions, denouncing the noble ones, will, without a doubt, fall into one or other of these ten disasters.” "
}