{
  "an10.43:0.1": "Numbered Discourses 10.43 ",
  "an10.43:0.2": "5. Abuse ",
  "an10.43:0.3": "Roots of Dispute (2nd) ",
  "an10.43:1.1": "“Sir, how many roots of dispute are there?” ",
  "an10.43:1.2": "“Upāli, there are ten roots of disputes. ",
  "an10.43:1.3": "What ten? ",
  "an10.43:1.4": "It’s when a mendicant explains what is not an offense as an offense, and what is an offense as not an offense. They explain a light offense as a serious offense, and a serious offense as a light offense. They explain an offense committed with corrupt intention as an offense not committed with corrupt intention, and an offense not committed with corrupt intention as an offense committed with corrupt intention. They explain an offense requiring rehabilitation as an offense not requiring rehabilitation, and an offense not requiring rehabilitation as an offense requiring rehabilitation. They explain an offense with redress as an offense without redress, and an offense without redress as an offense with redress. ",
  "an10.43:1.5": "These are the ten roots of dispute.” "
}