{
  "an10.140:0.1": "Numbered Discourses 10.140 ",
  "an10.140:0.2": "14. Good ",
  "an10.140:0.3": "Blameworthy ",
  "an10.140:1.1": "“I will teach you the blameworthy principle and the blameless principle. … ",
  "an10.140:1.2": "",
  "an10.140:1.3": "And what is the blameworthy principle? ",
  "an10.140:1.4": "Wrong view, wrong thought, wrong speech, wrong action, wrong livelihood, wrong effort, wrong mindfulness, wrong immersion, wrong knowledge, and wrong freedom. ",
  "an10.140:1.5": "This is called the blameworthy principle. ",
  "an10.140:1.6": "And what is the blameless principle? ",
  "an10.140:1.7": "Right view, right thought, right speech, right action, right livelihood, right effort, right mindfulness, right immersion, right knowledge, and right freedom. ",
  "an10.140:1.8": "This is called the blameless principle.” "
}