{
  "an10.117:0.1": "Numbered Discourses 10.117 ",
  "an10.117:0.2": "12. The Ceremony of Descent ",
  "an10.117:0.3": "With Saṅgārava ",
  "an10.117:1.1": "Then Saṅgārava the brahmin went up to the Buddha, and exchanged greetings with him. ",
  "an10.117:1.2": "When the greetings and polite conversation were over, he sat down to one side and said to the Buddha: ",
  "an10.117:1.3": "“Worthy Gotama, what is the near shore? And what is the far shore?” ",
  "an10.117:1.4": "“Wrong view is the near shore, brahmin, and right view is the far shore. ",
  "an10.117:1.5": "Wrong thought is the near shore, and right thought is the far shore. ",
  "an10.117:1.6": "Wrong speech is the near shore, and right speech is the far shore. ",
  "an10.117:1.7": "Wrong action is the near shore, and right action is the far shore. ",
  "an10.117:1.8": "Wrong livelihood is the near shore, and right livelihood is the far shore. ",
  "an10.117:1.9": "Wrong effort is the near shore, and right effort is the far shore. ",
  "an10.117:1.10": "Wrong mindfulness is the near shore, and right mindfulness is the far shore. ",
  "an10.117:1.11": "Wrong immersion is the near shore, and right immersion is the far shore. ",
  "an10.117:1.12": "Wrong knowledge is the near shore, and right knowledge is the far shore. ",
  "an10.117:1.13": "Wrong freedom is the near shore, and right freedom is the far shore. ",
  "an10.117:1.14": "This is the near shore, and this is the far shore. ",
  "an10.117:2.1": "Few are those among humans ",
  "an10.117:2.2": "who cross to the far shore. ",
  "an10.117:2.3": "The rest just run around ",
  "an10.117:2.4": "on the near shore. ",
  "an10.117:3.1": "When the teaching is well explained, ",
  "an10.117:3.2": "those who practice accordingly ",
  "an10.117:3.3": "are the ones who will cross over ",
  "an10.117:3.4": "Death’s dominion so hard to pass. ",
  "an10.117:4.1": "Rid of dark qualities, ",
  "an10.117:4.2": "an astute person should develop the bright. ",
  "an10.117:4.3": "Leaving home behind ",
  "an10.117:4.4": "for the seclusion so hard to enjoy, ",
  "an10.117:5.1": "try to find satisfaction there, ",
  "an10.117:5.2": "having left behind sensual pleasures. ",
  "an10.117:5.3": "Owning nothing, an astute person ",
  "an10.117:5.4": "would cleanse themselves of mental corruptions. ",
  "an10.117:6.1": "Those whose minds are rightly developed ",
  "an10.117:6.2": "in the awakening factors; ",
  "an10.117:6.3": "who, letting go of attachments, ",
  "an10.117:6.4": "delight in not grasping: ",
  "an10.117:6.5": "with defilements ended, brilliant, ",
  "an10.117:6.6": "they are quenched in this world.” "
}