{
  "an10.125:0.1": "Numbered Discourses 10.125 ",
  "an10.125:0.2": "13. Purified ",
  "an10.125:0.3": "Third ",
  "an10.125:1.1": "“Mendicants, these ten things are not very fruitful and beneficial apart from the Holy One’s training. ",
  "an10.125:1.2": "What ten? ",
  "an10.125:1.3": "Right view, right thought, right speech, right action, right livelihood, right effort, right mindfulness, right immersion, right knowledge, and right freedom. ",
  "an10.125:1.4": "These are the ten things that are not very fruitful and beneficial apart from the Holy One’s training.” "
}