{
  "an10.222:0.1": "Numbered Discourses 10.222 ",
  "an10.222:0.2": "22. Similarity ",
  "an10.222:0.3": "Untitled Discourse on Twenty Qualities ",
  "an10.222:1.1": "“Someone with twenty qualities is cast down to hell. ",
  "an10.222:1.2": "What twenty? ",
  "an10.222:1.3": "They kill living creatures, steal, and commit sexual misconduct. They use speech that’s false, divisive, harsh, or nonsensical. They’re covetous, malicious, with wrong view. And they encourage others to do these things. ",
  "an10.222:1.4": "",
  "an10.222:1.5": "",
  "an10.222:1.6": "",
  "an10.222:1.7": "",
  "an10.222:1.8": "",
  "an10.222:1.9": "",
  "an10.222:1.10": "",
  "an10.222:1.11": "",
  "an10.222:1.12": "",
  "an10.222:1.13": "Someone with these twenty qualities is cast down to hell. ",
  "an10.222:2.1": "Someone with twenty qualities is raised up to heaven. ",
  "an10.222:2.2": "What twenty? ",
  "an10.222:2.3": "They don’t kill living creatures, steal, or commit sexual misconduct. They don’t use speech that’s false, divisive, harsh, or nonsensical. They’re contented, kind-hearted, with right view. And they encourage others to do these things. ",
  "an10.222:2.4": "",
  "an10.222:2.5": "",
  "an10.222:2.6": "",
  "an10.222:2.7": "",
  "an10.222:2.8": "",
  "an10.222:2.9": "",
  "an10.222:2.10": "",
  "an10.222:2.11": "",
  "an10.222:2.12": "",
  "an10.222:2.13": "Someone with these twenty qualities is raised up to heaven.” "
}