{
  "an10.121:0.1": "Numbered Discourses 10.121 ",
  "an10.121:0.2": "12. The Ceremony of Descent ",
  "an10.121:0.3": "Forerunner ",
  "an10.121:1.1": "“Mendicants, the dawn is the forerunner and precursor of the sunrise. ",
  "an10.121:1.2": "In the same way right view is the forerunner and precursor of skillful qualities. ",
  "an10.121:1.3": "Right view produces right thought. Right thought produces right speech. Right speech produces right action. Right action produces right livelihood. Right livelihood produces right effort. Right effort produces right mindfulness. Right mindfulness produces right immersion. Right immersion produces right knowledge. Right knowledge produces right freedom.” "
}