{
  "an10.183:0.1": "Numbered Discourses 10.183 ",
  "an10.183:0.2": "18. Good ",
  "an10.183:0.3": "Defiled ",
  "an10.183:1.1": "“I will teach you the defiled principle and the undefiled. … ",
  "an10.183:1.2": "",
  "an10.183:1.3": "And what is the defiled principle? ",
  "an10.183:1.4": "Killing living creatures … ",
  "an10.183:1.5": "wrong view. ",
  "an10.183:1.6": "This is called the defiled principle. ",
  "an10.183:2.1": "And what is the undefiled principle? ",
  "an10.183:2.2": "Not killing living creatures … ",
  "an10.183:2.3": "right view. ",
  "an10.183:2.4": "This is called the undefiled principle.” "
}