{
  "an10.81:0.1": "Numbered Discourses 10.81 ",
  "an10.81:0.2": "9. Senior Mendicants ",
  "an10.81:0.3": "With Bāhuna ",
  "an10.81:1.1": "At one time the Buddha was staying near Campā on the banks of the Gaggarā Lotus Pond. ",
  "an10.81:1.2": "Then Venerable Bāhuna went up to the Buddha, bowed, sat down to one side, and said to him: ",
  "an10.81:1.3": "“Sir, how many things has the Realized One escaped from, so that he lives detached, liberated, with mind free of boundaries?” ",
  "an10.81:2.1": "“Bāhuna, the Realized One has escaped from ten things, so that he lives detached, liberated, with mind free of boundaries. ",
  "an10.81:2.2": "What ten? ",
  "an10.81:2.3": "Form … ",
  "an10.81:2.4": "feeling … ",
  "an10.81:2.5": "perception … ",
  "an10.81:2.6": "choices … ",
  "an10.81:2.7": "consciousness … ",
  "an10.81:2.8": "rebirth … ",
  "an10.81:2.9": "old age … ",
  "an10.81:2.10": "death … ",
  "an10.81:2.11": "suffering … ",
  "an10.81:2.12": "defilements … ",
  "an10.81:2.13": "Suppose there was a blue water lily, or a pink or white lotus. Though it sprouted and grew in the water, it would rise up above the water and stand with no water clinging to it. ",
  "an10.81:2.14": "In the same way, the Realized One has escaped from ten things, so that he lives detached, liberated, with mind free of boundaries.” "
}