{
  "an10.38:0.1": "Numbered Discourses 10.38 ",
  "an10.38:0.2": "4. With Upāli ",
  "an10.38:0.3": "Harmony in the Saṅgha ",
  "an10.38:1.1": "“Sir, they speak of ‘harmony in the Saṅgha’. ",
  "an10.38:1.2": "How is harmony in the Saṅgha defined?” ",
  "an10.38:1.3": "“Upāli, it’s when a mendicant explains what is not the teaching as not the teaching, and what is the teaching as the teaching. They explain what is not the training as not the training, and what is the training as the training. They explain what was not spoken and stated by the Realized One as not spoken and stated by the Realized One, and what was spoken and stated by the Realized One as spoken and stated by the Realized One. They explain what was not practiced by the Realized One as not practiced by the Realized One, and what was practiced by the Realized One as practiced by the Realized One. They explain what was not prescribed by the Realized One as not prescribed by the Realized One, and what was prescribed by the Realized One as prescribed by the Realized One. ",
  "an10.38:1.4": "On these ten grounds they don’t split off and go their own way. They don’t perform legal acts autonomously or recite the monastic code autonomously. ",
  "an10.38:1.5": "That is how harmony in the Saṅgha is defined.” "
}