{
  "an10.85:0.1": "Numbered Discourses 10.85 ",
  "an10.85:0.2": "9. Senior Mendicants ",
  "an10.85:0.3": "A Boaster ",
  "an10.85:1.1": "At one time Venerable Mahācunda was staying in the land of the Cetīs at Sahajāti. ",
  "an10.85:1.2": "There he addressed the mendicants: ",
  "an10.85:1.3": "“Reverends, mendicants!” ",
  "an10.85:1.4": "“Reverend,” they replied. ",
  "an10.85:1.5": "Venerable Mahācunda said this: ",
  "an10.85:2.1": "“Take a mendicant who boasts and brags about their achievements: ",
  "an10.85:2.2": "‘I enter and emerge from the first absorption, the second absorption, the third absorption, and the fourth absorption. And I enter and emerge from the dimensions of infinite space, infinite consciousness, nothingness, and neither perception nor non-perception. And I enter and emerge from the cessation of perception and feeling.’ ",
  "an10.85:3.1": "They’re pursued, pressed, and grilled by the Realized One, or by one of his disciples who has the absorptions, and is skilled in attainments, in the minds of others, and in encompassing another’s mind. ",
  "an10.85:3.2": "Grilled in this way they get stuck or lose their way. They fall to ruin and disaster. ",
  "an10.85:4.1": "The Realized One or one of his disciples encompasses their mind and investigates: ",
  "an10.85:4.2": "‘Why does this venerable boast and brag about their achievements, saying, ",
  "an10.85:4.3": "“I enter and emerge from the first absorption … ",
  "an10.85:4.4": "and the cessation of perception and feeling.”’ ",
  "an10.85:5.1": "They understand, ",
  "an10.85:6.1": "‘For a long time this venerable’s deeds have been broken, tainted, spotty, and marred. Their deeds and behavior are inconsistent. ",
  "an10.85:6.2": "This venerable is unethical, ",
  "an10.85:6.3": "and unethical conduct means decline in the teaching and training proclaimed by the Realized One. ",
  "an10.85:7.1": "This venerable is unfaithful, ",
  "an10.85:7.2": "and lack of faith means decline … ",
  "an10.85:8.1": "This venerable is unlearned and unpracticed, ",
  "an10.85:8.2": "and lack of learning means decline … ",
  "an10.85:9.1": "This venerable is hard to admonish, ",
  "an10.85:9.2": "and being hard to admonish means decline … ",
  "an10.85:10.1": "This venerable has bad friends, ",
  "an10.85:10.2": "and bad friends mean decline … ",
  "an10.85:11.1": "This venerable is lazy, ",
  "an10.85:11.2": "and laziness means decline … ",
  "an10.85:12.1": "This venerable is unmindful, ",
  "an10.85:12.2": "and unmindfulness means decline … ",
  "an10.85:13.1": "This venerable is deceptive, ",
  "an10.85:13.2": "and deceitfulness means decline … ",
  "an10.85:14.1": "This venerable is burdensome, ",
  "an10.85:14.2": "and being burdensome means decline … ",
  "an10.85:15.1": "This venerable is witless, ",
  "an10.85:15.2": "and lack of wisdom means decline in the teaching and training proclaimed by the Realized One.’ ",
  "an10.85:16.1": "Suppose one friend was to say to another: ",
  "an10.85:16.2": "‘My dear friend, when you need money for some payment, just ask me and I’ll give it.’ ",
  "an10.85:16.3": "Then when some payment falls due, that friend says to their friend: ‘I need some money, my dear friend. Give me some.’ ",
  "an10.85:16.4": "They’d say: ",
  "an10.85:16.5": "‘Well then, my dear friend, dig here.’ So they dig there, but don’t find anything. ",
  "an10.85:16.6": "They’d say: ",
  "an10.85:16.7": "‘You lied to me, my dear friend, you spoke hollow words when you told me to dig here.’ ",
  "an10.85:16.8": "They’d say: ",
  "an10.85:16.9": "‘My dear friend, I didn’t lie or speak hollow words. Well then, dig here.’ ",
  "an10.85:16.10": "So they dig there as well, but don’t find anything. ",
  "an10.85:16.11": "They’d say: ",
  "an10.85:16.12": "‘You lied to me, my dear friend, you spoke hollow words when you said dig here.’ ",
  "an10.85:16.13": "They’d say: ",
  "an10.85:16.14": "‘My dear friend, I didn’t lie or speak hollow words. Well then, dig here.’ ",
  "an10.85:16.15": "So they dig there as well, but don’t find anything. ",
  "an10.85:16.16": "They’d say: ",
  "an10.85:16.17": "‘You lied to me, my dear friend, you spoke hollow words when you said dig here.’ ",
  "an10.85:16.18": "They’d say: ",
  "an10.85:16.19": "‘My dear friend, I didn’t lie or speak hollow words. But I had gone mad, I was out of my mind.’ ",
  "an10.85:17.1": "In the same way, take a mendicant who boasts and brags about their achievements: ",
  "an10.85:17.2": "‘I enter and emerge from the first absorption … and the cessation of perception and feeling.’ ",
  "an10.85:18.1": "They’re pursued, pressed, and grilled by the Realized One, or by one of his disciples … ",
  "an10.85:18.2": "Grilled in this way they get stuck or lose their way. They fall to ruin and disaster. ",
  "an10.85:19.1": "The Realized One or one of his disciples encompasses their mind and investigates: ",
  "an10.85:19.2": "‘Why does this venerable boast and brag about their achievements, saying, ",
  "an10.85:19.3": "“I enter and emerge from the first absorption … ",
  "an10.85:19.4": "and the cessation of perception and feeling.”’ ",
  "an10.85:20.1": "They understand, ",
  "an10.85:21.1": "‘For a long time this venerable’s deeds have been broken, tainted, spotty, and marred. Their deeds and behavior are inconsistent. ",
  "an10.85:21.2": "This venerable is unethical, ",
  "an10.85:21.3": "and unethical conduct means decline in the teaching and training proclaimed by the Realized One. ",
  "an10.85:22.1": "This venerable is unfaithful … ",
  "an10.85:22.2": "",
  "an10.85:23.1": "unlearned and unpracticed … ",
  "an10.85:23.2": "",
  "an10.85:24.1": "hard to admonish … ",
  "an10.85:24.2": "",
  "an10.85:25.1": "with bad friends … ",
  "an10.85:25.2": "",
  "an10.85:26.1": "lazy … ",
  "an10.85:26.2": "",
  "an10.85:27.1": "unmindful … ",
  "an10.85:27.2": "",
  "an10.85:28.1": "deceptive … ",
  "an10.85:28.2": "",
  "an10.85:29.1": "burdensome … ",
  "an10.85:29.2": "",
  "an10.85:30.1": "This venerable is witless, ",
  "an10.85:30.2": "and lack of wisdom means decline in the teaching and training proclaimed by the Realized One.’ ",
  "an10.85:31.1": "It is quite impossible for a mendicant to achieve growth, improvement, or maturity in this teaching and training without giving up these ten qualities. ",
  "an10.85:31.2": "It is quite possible for a mendicant to achieve growth, improvement, or maturity in this teaching and training after giving up these ten qualities.” "
}