{
  "an10.123:0.1": "Numbered Discourses 10.123 ",
  "an10.123:0.2": "13. Purified ",
  "an10.123:0.3": "First ",
  "an10.123:1.1": "“Mendicants, these ten things are not purified and cleansed apart from the Holy One’s training. ",
  "an10.123:1.2": "What ten? ",
  "an10.123:1.3": "Right view, right thought, right speech, right action, right livelihood, right effort, right mindfulness, right immersion, right knowledge, and right freedom. ",
  "an10.123:1.4": "These ten things are not purified and cleansed apart from the Holy One’s training.” "
}