{
  "an10.24:0.1": "Numbered Discourses 10.24 ",
  "an10.24:0.2": "3. The Great Chapter ",
  "an10.24:0.3": "By Mahācunda ",
  "an10.24:1.1": "At one time Venerable Mahācunda was staying in the land of the Cetīs at Sahajāti. ",
  "an10.24:1.2": "There he addressed the mendicants: ",
  "an10.24:1.3": "“Reverends, mendicants!” ",
  "an10.24:1.4": "“Reverend,” they replied. ",
  "an10.24:1.5": "Venerable Mahācunda said this: ",
  "an10.24:2.1": "“Reverends, a mendicant who makes a declaration of knowledge says: ",
  "an10.24:2.2": "‘I know this teaching, I see this teaching.’ ",
  "an10.24:2.3": "Suppose that greed masters that mendicant and keeps going. ",
  "an10.24:2.4": "Or that hate … ",
  "an10.24:2.5": "delusion … ",
  "an10.24:2.6": "anger … ",
  "an10.24:2.7": "acrimony … ",
  "an10.24:2.8": "disdain … ",
  "an10.24:2.9": "contempt … ",
  "an10.24:2.10": "stinginess … ",
  "an10.24:2.11": "nasty jealousy … ",
  "an10.24:2.12": "or corrupt wishes master that mendicant and keep going. You should know of them: ",
  "an10.24:2.13": "‘This venerable does not have the understanding that would eliminate greed, so greed masters them and keeps going. ",
  "an10.24:2.14": "They don’t have the understanding that would eliminate hate … ",
  "an10.24:2.15": "delusion … ",
  "an10.24:2.16": "anger … ",
  "an10.24:2.17": "acrimony … ",
  "an10.24:2.18": "disdain … ",
  "an10.24:2.19": "contempt … ",
  "an10.24:2.20": "stinginess … ",
  "an10.24:2.21": "nasty jealousy … ",
  "an10.24:2.22": "or corrupt wishes, so corrupt wishes master them and keep going.’ ",
  "an10.24:3.1": "A mendicant who makes a declaration of development says: ",
  "an10.24:3.2": "‘I am developed in physical endurance, ethics, mind, and wisdom.’ ",
  "an10.24:3.3": "Suppose that greed masters that mendicant and keeps going. ",
  "an10.24:3.4": "Or that hate … ",
  "an10.24:3.5": "delusion … ",
  "an10.24:3.6": "anger … ",
  "an10.24:3.7": "acrimony … ",
  "an10.24:3.8": "disdain … ",
  "an10.24:3.9": "contempt … ",
  "an10.24:3.10": "stinginess … ",
  "an10.24:3.11": "nasty jealousy … ",
  "an10.24:3.12": "or corrupt wishes master that mendicant and keep going. You should know of them: ",
  "an10.24:3.13": "‘This venerable does not have the understanding that would eliminate greed, so greed masters them and keeps going. ",
  "an10.24:3.14": "They don’t have the understanding that would eliminate hate … ",
  "an10.24:3.15": "delusion … ",
  "an10.24:3.16": "anger … ",
  "an10.24:3.17": "acrimony … ",
  "an10.24:3.18": "disdain … ",
  "an10.24:3.19": "contempt … ",
  "an10.24:3.20": "stinginess … ",
  "an10.24:3.21": "nasty jealousy … ",
  "an10.24:3.22": "or corrupt wishes, so corrupt wishes master them and keep going.’ ",
  "an10.24:4.1": "A mendicant who makes a declaration of both knowledge and development says: ",
  "an10.24:4.2": "‘I know this teaching, I see this teaching. And I am developed in physical endurance, ethics, mind, and wisdom.’ ",
  "an10.24:4.3": "Suppose that greed masters that mendicant and keeps going. ",
  "an10.24:4.4": "Or that hate … ",
  "an10.24:4.5": "delusion … ",
  "an10.24:4.6": "anger … ",
  "an10.24:4.7": "acrimony … ",
  "an10.24:4.8": "disdain … ",
  "an10.24:4.9": "contempt … ",
  "an10.24:4.10": "stinginess … ",
  "an10.24:4.11": "nasty jealousy … ",
  "an10.24:4.12": "or corrupt wishes master that mendicant and keep going. You should know of them: ",
  "an10.24:4.13": "‘This venerable does not have the understanding that would eliminate greed, so greed masters them and keeps going. ",
  "an10.24:4.14": "They don’t have the understanding that would eliminate hate … ",
  "an10.24:4.15": "delusion … ",
  "an10.24:4.16": "anger … ",
  "an10.24:4.17": "acrimony … ",
  "an10.24:4.18": "disdain … ",
  "an10.24:4.19": "contempt … ",
  "an10.24:4.20": "stinginess … ",
  "an10.24:4.21": "nasty jealousy … ",
  "an10.24:4.22": "or corrupt wishes, so corrupt wishes master them and keep going.’ ",
  "an10.24:5.1": "Suppose a poor, needy, and penniless person was to declare themselves to be rich, affluent, and wealthy. ",
  "an10.24:5.2": "But when it came time to make a payment they weren’t able to come up with any money, grain, silver, or gold. ",
  "an10.24:5.3": "They would know of them: ",
  "an10.24:5.4": "‘This person declares themselves to be rich, affluent, and wealthy, but they are in fact poor, penniless, and needy.’ ",
  "an10.24:5.5": "Why is that? ",
  "an10.24:5.6": "Because when it came time to make a payment they weren’t able to come up with any money, grain, silver, or gold. ",
  "an10.24:6.1": "In the same way, a mendicant who makes a declaration of knowledge and development says: ",
  "an10.24:6.2": "‘I know this teaching, I see this teaching. And I am developed in physical endurance, ethics, mind, and wisdom.’ ",
  "an10.24:6.3": "Suppose that greed masters that mendicant and keeps going. ",
  "an10.24:6.4": "Or that hate … ",
  "an10.24:6.5": "delusion … ",
  "an10.24:6.6": "anger … ",
  "an10.24:6.7": "acrimony … ",
  "an10.24:6.8": "disdain … ",
  "an10.24:6.9": "contempt … ",
  "an10.24:6.10": "stinginess … ",
  "an10.24:6.11": "nasty jealousy … ",
  "an10.24:6.12": "or corrupt wishes master that mendicant and keep going. You should know of them: ",
  "an10.24:6.13": "‘This venerable does not have the understanding that would eliminate greed, so greed masters them and keeps going. ",
  "an10.24:6.14": "They don’t have the understanding that would eliminate hate … ",
  "an10.24:6.15": "delusion … ",
  "an10.24:6.16": "anger … ",
  "an10.24:6.17": "acrimony … ",
  "an10.24:6.18": "disdain … ",
  "an10.24:6.19": "contempt … ",
  "an10.24:6.20": "stinginess … ",
  "an10.24:6.21": "nasty jealousy … ",
  "an10.24:6.22": "or corrupt wishes, so corrupt wishes master them and keep going.’ ",
  "an10.24:7.1": "A mendicant who makes a declaration of knowledge says: ",
  "an10.24:7.2": "‘I know this teaching, I see this teaching.’ ",
  "an10.24:7.3": "Suppose that greed does not master that mendicant and keep going. ",
  "an10.24:7.4": "Or that hate … ",
  "an10.24:7.5": "delusion … ",
  "an10.24:7.6": "anger … ",
  "an10.24:7.7": "acrimony … ",
  "an10.24:7.8": "disdain … ",
  "an10.24:7.9": "contempt … ",
  "an10.24:7.10": "stinginess … ",
  "an10.24:7.11": "nasty jealousy … ",
  "an10.24:7.12": "or corrupt wishes don’t master that mendicant and keep going. You should know of them: ",
  "an10.24:7.13": "‘This venerable has the understanding that eliminates greed, so greed doesn’t master them and keep going. ",
  "an10.24:7.14": "They have the understanding that eliminates hate … ",
  "an10.24:7.15": "delusion … ",
  "an10.24:7.16": "anger … ",
  "an10.24:7.17": "acrimony … ",
  "an10.24:7.18": "disdain … ",
  "an10.24:7.19": "contempt … ",
  "an10.24:7.20": "stinginess … ",
  "an10.24:7.21": "nasty jealousy … ",
  "an10.24:7.22": "and corrupt wishes, so corrupt wishes don’t master them and keep going.’ ",
  "an10.24:8.1": "A mendicant who makes a declaration of development says: ",
  "an10.24:8.2": "‘I am developed in physical endurance, ethics, mind, and wisdom.’ ",
  "an10.24:8.3": "Suppose that greed does not master that mendicant and keep going. ",
  "an10.24:8.4": "Or that hate … ",
  "an10.24:8.5": "delusion … ",
  "an10.24:8.6": "anger … ",
  "an10.24:8.7": "acrimony … ",
  "an10.24:8.8": "disdain … ",
  "an10.24:8.9": "contempt … ",
  "an10.24:8.10": "stinginess … ",
  "an10.24:8.11": "nasty jealousy … ",
  "an10.24:8.12": "or corrupt wishes don’t master that mendicant and keep going. You should know of them: ",
  "an10.24:8.13": "‘This venerable has the understanding that eliminates greed, so greed doesn’t master them and keep going. ",
  "an10.24:8.14": "They have the understanding that eliminates hate … ",
  "an10.24:8.15": "delusion … ",
  "an10.24:8.16": "anger … ",
  "an10.24:8.17": "acrimony … ",
  "an10.24:8.18": "disdain … ",
  "an10.24:8.19": "contempt … ",
  "an10.24:8.20": "stinginess … ",
  "an10.24:8.21": "nasty jealousy … ",
  "an10.24:8.22": "and corrupt wishes, so corrupt wishes don’t master them and keep going.’ ",
  "an10.24:9.1": "A mendicant who makes a declaration of both knowledge and development says: ",
  "an10.24:9.2": "‘I know this teaching, I see this teaching. And I am developed in physical endurance, ethics, mind, and wisdom.’ ",
  "an10.24:9.3": "Suppose that greed does not master that mendicant and keep going. ",
  "an10.24:9.4": "Or that hate … ",
  "an10.24:9.5": "delusion … ",
  "an10.24:9.6": "anger … ",
  "an10.24:9.7": "acrimony … ",
  "an10.24:9.8": "disdain … ",
  "an10.24:9.9": "contempt … ",
  "an10.24:9.10": "stinginess … ",
  "an10.24:9.11": "nasty jealousy … ",
  "an10.24:9.12": "or corrupt wishes don’t master that mendicant and keep going. You should know of them: ",
  "an10.24:9.13": "‘This venerable has the understanding that eliminates greed, so greed doesn’t master them and keep going. ",
  "an10.24:9.14": "They have the understanding that eliminates hate … ",
  "an10.24:9.15": "delusion … ",
  "an10.24:9.16": "anger … ",
  "an10.24:9.17": "acrimony … ",
  "an10.24:9.18": "disdain … ",
  "an10.24:9.19": "contempt … ",
  "an10.24:9.20": "stinginess … ",
  "an10.24:9.21": "nasty jealousy … ",
  "an10.24:9.22": "and corrupt wishes, so corrupt wishes don’t master them and keep going.’ ",
  "an10.24:10.1": "Suppose a rich, affluent, and wealthy person was to declare themselves to be rich, affluent, and wealthy. ",
  "an10.24:10.2": "And whenever it came time to make a payment they were able to come up with the money, grain, silver, or gold. ",
  "an10.24:10.3": "They would know of them: ",
  "an10.24:10.4": "‘This person declares themselves to be rich, affluent, and wealthy, and they are in fact rich, affluent, and wealthy.’ ",
  "an10.24:10.5": "Why is that? ",
  "an10.24:10.6": "Because when it came time to make a payment they were able to come up with the money, grain, silver, or gold. ",
  "an10.24:11.1": "In the same way, a mendicant who makes a declaration of knowledge and development says: ",
  "an10.24:11.2": "‘I know this teaching, I see this teaching. And I am developed in physical endurance, ethics, mind, and wisdom.’ ",
  "an10.24:11.3": "Suppose that greed does not master that mendicant and keep going. ",
  "an10.24:11.4": "Or that hate … ",
  "an10.24:11.5": "delusion … ",
  "an10.24:11.6": "anger … ",
  "an10.24:11.7": "acrimony … ",
  "an10.24:11.8": "disdain … ",
  "an10.24:11.9": "contempt … ",
  "an10.24:11.10": "stinginess … ",
  "an10.24:11.11": "nasty jealousy … ",
  "an10.24:11.12": "or corrupt wishes don’t master that mendicant and keep going. You should know of them: ",
  "an10.24:11.13": "‘This venerable has the understanding that eliminates greed, so greed doesn’t master them and keep going. ",
  "an10.24:11.14": "They have the understanding that eliminates hate … ",
  "an10.24:11.15": "delusion … ",
  "an10.24:11.16": "anger … ",
  "an10.24:11.17": "acrimony … ",
  "an10.24:11.18": "disdain … ",
  "an10.24:11.19": "contempt … ",
  "an10.24:11.20": "stinginess … ",
  "an10.24:11.21": "nasty jealousy … ",
  "an10.24:11.22": "and corrupt wishes, so corrupt wishes don’t master them and keep going.’” "
}