{
  "an10.35:0.1": "Numbered Discourses 10.35 ",
  "an10.35:0.2": "4. With Upāli ",
  "an10.35:0.3": "Dependence ",
  "an10.35:1.1": "“Sir, how many qualities should a mendicant have to give dependence?” ",
  "an10.35:1.2": "“Upāli, a mendicant should have ten qualities to give dependence. ",
  "an10.35:1.3": "What ten? ",
  "an10.35:1.4": "It’s when a mendicant is ethical … ",
  "an10.35:1.5": "They’re learned … ",
  "an10.35:1.6": "Both monastic codes have been passed down to them in detail, well analyzed, well mastered, well evaluated in both the rules and accompanying material. ",
  "an10.35:1.7": "They’re able to care for the sick or get someone else to do so. ",
  "an10.35:1.8": "They’re able to settle dissatisfaction or get someone else to do so. ",
  "an10.35:1.9": "They’re able to dispel remorse when it has come up. ",
  "an10.35:1.10": "They’re able to rationally dissuade someone from misconceptions that come up. ",
  "an10.35:1.11": "They’re able to encourage someone in the higher ethics, ",
  "an10.35:1.12": "the higher mind, ",
  "an10.35:1.13": "and the higher wisdom. ",
  "an10.35:1.14": "A mendicant should possess these ten qualities to give dependence.” "
}