{
  "an10.223:0.1": "Numbered Discourses 10.223 ",
  "an10.223:0.2": "22. Similarity ",
  "an10.223:0.3": "Untitled Discourse on Thirty Qualities ",
  "an10.223:1.1": "“Someone with thirty qualities is cast down to hell. ",
  "an10.223:1.2": "What thirty? ",
  "an10.223:1.3": "They kill living creatures, steal, and commit sexual misconduct. They use speech that’s false, divisive, harsh, or nonsensical. They’re covetous, malicious, with wrong view. They encourage others to do these things. And they approve of these things. ",
  "an10.223:1.4": "",
  "an10.223:1.5": "",
  "an10.223:1.6": "",
  "an10.223:1.7": "",
  "an10.223:1.8": "",
  "an10.223:1.9": "",
  "an10.223:1.10": "",
  "an10.223:1.11": "",
  "an10.223:1.12": "",
  "an10.223:1.13": "Someone with these thirty qualities is cast down to hell. ",
  "an10.223:2.1": "Someone with thirty qualities is raised up to heaven. ",
  "an10.223:2.2": "What thirty? ",
  "an10.223:2.3": "They don’t kill living creatures, steal, or commit sexual misconduct. They don’t use speech that’s false, divisive, harsh, or nonsensical. They’re contented, kind-hearted, with right view. They encourage others to do these things. And they approve of these things. ",
  "an10.223:2.4": "",
  "an10.223:2.5": "",
  "an10.223:2.6": "",
  "an10.223:2.7": "",
  "an10.223:2.8": "",
  "an10.223:2.9": "",
  "an10.223:2.10": "",
  "an10.223:2.11": "",
  "an10.223:2.12": "",
  "an10.223:2.13": "Someone with these thirty qualities is raised up to heaven.” "
}