{
  "an10.53:0.1": "Numbered Discourses 10.53 ",
  "an10.53:0.2": "6. Your Own Mind ",
  "an10.53:0.3": "Stagnation ",
  "an10.53:1.1": "“Mendicants, I don’t praise stagnation in skillful qualities, let alone decline. ",
  "an10.53:1.2": "I praise growth in skillful qualities, not stagnation or decline. ",
  "an10.53:2.1": "And how is there decline in skillful qualities, not stagnation or growth? ",
  "an10.53:2.2": "It’s when a mendicant has a certain degree of faith, ethics, generosity, wisdom, and eloquence. Those qualities neither stagnate nor grow in them. ",
  "an10.53:2.3": "I call this decline in skillful qualities, not stagnation or growth. ",
  "an10.53:2.4": "This is how there’s decline in skillful qualities, not stagnation or growth. ",
  "an10.53:3.1": "And how is there stagnation in skillful qualities, not decline or growth? ",
  "an10.53:3.2": "It’s when a mendicant has a certain degree of faith, ethics, generosity, wisdom, and eloquence. Those qualities neither decline nor grow in them. ",
  "an10.53:3.3": "I call this stagnation in skillful qualities, not decline or growth. ",
  "an10.53:3.4": "This is how there’s stagnation in skillful qualities, not decline or growth. ",
  "an10.53:4.1": "And how is there growth in skillful qualities, not stagnation or decline? ",
  "an10.53:4.2": "It’s when a mendicant has a certain degree of faith, ethics, generosity, wisdom, and eloquence. Those qualities neither stagnate nor decline in them. ",
  "an10.53:4.3": "I call this growth in skillful qualities, not stagnation or decline. ",
  "an10.53:4.4": "This is how there’s growth in skillful qualities, not stagnation or decline. ",
  "an10.53:5.1": "If a mendicant isn’t skilled in encompassing another’s mind, then they should train themselves: ‘I will be skilled in encompassing my own mind.’ ",
  "an10.53:5.2": "",
  "an10.53:6.1": "And how is a mendicant skilled in encompassing their own mind? ",
  "an10.53:6.2": "Suppose there was a woman or man who was young, youthful, and fond of adornments, and they check their own reflection in a clean bright mirror or a clear bowl of water. If they see any dirt or blemish there, they’d try to remove it. ",
  "an10.53:6.3": "But if they don’t see any dirt or blemish there, they’re happy with that, as they’ve got all they wished for: ",
  "an10.53:6.4": "‘How fortunate that I’m clean!’ ",
  "an10.53:6.5": "In the same way, checking is very helpful for a mendicant’s skillful qualities. ",
  "an10.53:6.6": "‘Am I often covetous or not? Am I often malicious or not? Am I often overcome with dullness and drowsiness or not? Am I often restless or not? Am I often doubtful or not? Am I often irritable or not? Am I often defiled in mind or not? Am I often disturbed in body or not? Am I often energetic or not? Am I often immersed in samādhi or not?’ ",
  "an10.53:7.1": "Suppose that, upon checking, a mendicant knows this: ",
  "an10.53:7.2": "‘I am often covetous, malicious, overcome with dullness and drowsiness, restless, doubtful, irritable, defiled in mind, disturbed in body, lazy, and not immersed in samādhi.’ In order to give up those bad, unskillful qualities, they should apply extraordinary enthusiasm, effort, zeal, vigor, perseverance, mindfulness, and situational awareness. ",
  "an10.53:7.3": "Suppose your clothes or head were on fire. In order to extinguish it, you’d apply intense enthusiasm, effort, zeal, vigor, perseverance, mindfulness, and situational awareness. ",
  "an10.53:7.4": "",
  "an10.53:7.5": "In the same way, in order to give up those bad, unskillful qualities, that mendicant should apply extraordinary enthusiasm … ",
  "an10.53:8.1": "But suppose that, upon checking, a mendicant knows this: ",
  "an10.53:8.2": "‘I am often content, kind-hearted, rid of dullness and drowsiness, calm, confident, loving, pure in mind, undisturbed in body, energetic, and immersed in samādhi.’ Grounded on those skillful qualities, they should practice meditation further to end the defilements.” "
}