{
  "an10.129:0.1": "Numbered Discourses 10.129 ",
  "an10.129:0.2": "13. Purified ",
  "an10.129:0.3": "Seventh ",
  "an10.129:1.1": "“Mendicants, these ten things when developed and cultivated are not very fruitful and beneficial apart from the Holy One’s training. ",
  "an10.129:1.2": "What ten? ",
  "an10.129:1.3": "Right view, right thought, right speech, right action, right livelihood, right effort, right mindfulness, right immersion, right knowledge, and right freedom. ",
  "an10.129:1.4": "These are the ten things that when developed and cultivated are not very fruitful and beneficial apart from the Holy One’s training.” "
}