{
  "an10.212:0.1": "Numbered Discourses 10.212 ",
  "an10.212:0.2": "21. The Body Born of Deeds ",
  "an10.212:0.3": "Heaven and Hell (2nd) ",
  "an10.212:1.1": "“Someone with ten qualities is cast down to hell. ",
  "an10.212:1.2": "What ten? ",
  "an10.212:1.3": "It’s when a certain person kills living creatures. They’re violent, bloody-handed, a hardened killer, merciless to living beings. ",
  "an10.212:2.1": "They steal. … ",
  "an10.212:2.2": "They commit sexual misconduct. … ",
  "an10.212:2.3": "They lie. … ",
  "an10.212:2.4": "They speak divisively. … ",
  "an10.212:2.5": "They speak harshly. … ",
  "an10.212:2.6": "They indulge in talking nonsense. … ",
  "an10.212:2.7": "They’re covetous. … ",
  "an10.212:2.8": "They have cruel intentions. … ",
  "an10.212:2.9": "They have wrong view. … ",
  "an10.212:2.10": "",
  "an10.212:2.11": "",
  "an10.212:2.12": "Someone with these ten qualities is cast down to hell. ",
  "an10.212:3.1": "Someone with ten qualities is raised up to heaven. ",
  "an10.212:3.2": "What ten? ",
  "an10.212:3.3": "It’s when a certain person gives up killing living creatures. They renounce the rod and the sword. They’re scrupulous and kind, living full of sympathy for all living beings. ",
  "an10.212:4.1": "They give up stealing. … ",
  "an10.212:4.2": "They give up sexual misconduct. … ",
  "an10.212:4.3": "They give up lying. … ",
  "an10.212:4.4": "They give up divisive speech. … ",
  "an10.212:4.5": "They give up harsh speech. … ",
  "an10.212:4.6": "They give up talking nonsense. … ",
  "an10.212:4.7": "They’re content. … ",
  "an10.212:4.8": "They’re kind hearted. … ",
  "an10.212:4.9": "They have right view. … ",
  "an10.212:4.10": "",
  "an10.212:4.11": "Someone with these ten qualities is raised up to heaven.” "
}