{
  "an10.97:0.1": "Numbered Discourses 10.97 ",
  "an10.97:0.2": "10. With Upāli ",
  "an10.97:0.3": "Worthy of Offerings Dedicated to the Gods ",
  "an10.97:1.1": "“Mendicants, a mendicant with ten qualities is worthy of offerings dedicated to the gods, worthy of hospitality, worthy of a religious donation, worthy of veneration with joined palms, and is the supreme field of merit for the world. ",
  "an10.97:2.1": "What ten? ",
  "an10.97:2.2": "It’s when a mendicant is ethical, restrained in the monastic code, conducting themselves well and resorting for alms in suitable places. Seeing danger in the slightest fault, they keep the rules they’ve undertaken. ",
  "an10.97:3.1": "They’re very learned, remembering and keeping what they’ve learned. These teachings are good in the beginning, good in the middle, and good in the end, meaningful and well-phrased, describing a spiritual practice that’s entirely full and pure. They are very learned in such teachings, remembering them, rehearsing them, mentally scrutinizing them, and penetrating them theoretically. ",
  "an10.97:4.1": "They have good friends, companions, and associates. ",
  "an10.97:5.1": "They have right view, possessing right perspective. ",
  "an10.97:6.1": "They wield the many kinds of psychic power: multiplying themselves and becoming one again; materializing and dematerializing; going unobstructed through a wall, a rampart, or a mountain as if through space; diving in and out of the earth as if it were water; walking on water as if it were earth; flying cross-legged through the sky like a bird; touching and stroking with the hand the sun and moon, so mighty and powerful. They control the body as far as the realm of divinity. ",
  "an10.97:7.1": "With clairaudience that is purified and superhuman, they hear both kinds of sounds, human and heavenly, whether near or far. ",
  "an10.97:8.1": "They understand the minds of other beings and individuals, having encompassed them with their own mind. ",
  "an10.97:8.2": "They understand mind with greed as ‘mind with greed’, ",
  "an10.97:8.3": "and mind without greed as ‘mind without greed’. ",
  "an10.97:8.4": "They understand mind with hate … ",
  "an10.97:8.5": "mind without hate … ",
  "an10.97:8.6": "mind with delusion … ",
  "an10.97:8.7": "mind without delusion … ",
  "an10.97:8.8": "constricted mind … ",
  "an10.97:8.9": "scattered mind … ",
  "an10.97:8.10": "expansive mind … ",
  "an10.97:8.11": "unexpansive mind … ",
  "an10.97:8.12": "mind that is not supreme … ",
  "an10.97:8.13": "mind that is supreme … ",
  "an10.97:8.14": "mind immersed in samādhi … ",
  "an10.97:8.15": "mind not immersed in samādhi … ",
  "an10.97:8.16": "freed mind … ",
  "an10.97:8.17": "They understand unfreed mind as ‘unfreed mind’. ",
  "an10.97:9.1": "They recollect many kinds of past lives, that is, one, two, three, four, five, ten, twenty, thirty, forty, fifty, a hundred, a thousand, a hundred thousand rebirths; many eons of the world contracting, many eons of the world expanding, many eons of the world contracting and expanding. They remember: ‘There, I was named this, my clan was that, I looked like this, and that was my food. This was how I felt pleasure and pain, and that was how my life ended. When I passed away from that place I was reborn somewhere else. There, too, I was named this, my clan was that, I looked like this, and that was my food. This was how I felt pleasure and pain, and that was how my life ended. When I passed away from that place I was reborn here.’ Thus they recollect their many past lives, with features and details. ",
  "an10.97:10.1": "With clairvoyance that is purified and superhuman, they see sentient beings passing away and being reborn—inferior and superior, beautiful and ugly, in a good place or a bad place. They understand how sentient beings pass on according to their deeds. ‘These dear beings did bad things by way of body, speech, and mind. They denounced the noble ones; they had wrong view; and they chose to act out of that wrong view. When their body breaks up, after death, they’re reborn in a place of loss, a bad place, the underworld, hell. These dear beings, however, did good things by way of body, speech, and mind. They never denounced the noble ones; they had right view; and they chose to act out of that right view. When their body breaks up, after death, they’re reborn in a good place, a heavenly realm.’ And so, with clairvoyance that is purified and superhuman, they see sentient beings passing away and being reborn—inferior and superior, beautiful and ugly, in a good place or a bad place. They understand how sentient beings pass on according to their deeds. ",
  "an10.97:11.1": "They realize the undefiled freedom of heart and freedom by wisdom in this very life. And they live having realized it with their own insight due to the ending of defilements. ",
  "an10.97:12.1": "A mendicant with these ten qualities is worthy of offerings dedicated to the gods, worthy of hospitality, worthy of a religious donation, worthy of veneration with joined palms, and is the supreme field of merit for the world.” "
}