{
  "an10.31:0.1": "Numbered Discourses 10.31 ",
  "an10.31:0.2": "4. With Upāli ",
  "an10.31:0.3": "With Upāli ",
  "an10.31:1.1": "Then Venerable Upāli went up to the Buddha, bowed, sat down to one side, and said to him: ",
  "an10.31:1.2": "“Sir, for how many reasons did the Realized One lay down training rules for his disciples and recite the monastic code?” ",
  "an10.31:2.1": "“Upāli, the Realized One laid down training rules for his disciples and recited the monastic code for ten reasons. ",
  "an10.31:2.2": "What ten? ",
  "an10.31:2.3": "For the well-being of the Saṅgha and for the comfort of the Saṅgha. For keeping difficult individuals in check and for the comfort of good-hearted mendicants. For restraining defilements that affect this life and protecting against defilements that affect lives to come. For inspiring confidence in those without it, and increasing confidence in those who have it. For the continuation of the true teaching and the support of the training. ",
  "an10.31:2.4": "The Realized One laid down training rules for his disciples and recited the monastic code for these ten reasons.” "
}