{
  "an10.267-746:0.1": "Numbered Discourses 10.267–746 ",
  "an10.267-746:0.2": "23. Abbreviated Texts Beginning With Greed ",
  "an10.267-746:0.3": "Untitled Discourses on Hate, Etc. ",
  "an10.267-746:1.1": "“Of hate … ",
  "an10.267-746:1.2": "delusion … ",
  "an10.267-746:1.3": "anger … ",
  "an10.267-746:1.4": "acrimony … ",
  "an10.267-746:1.5": "disdain … ",
  "an10.267-746:1.6": "contempt … ",
  "an10.267-746:1.7": "jealousy … ",
  "an10.267-746:1.8": "stinginess … ",
  "an10.267-746:1.9": "deceitfulness … ",
  "an10.267-746:1.10": "deviousness … ",
  "an10.267-746:1.11": "obstinacy … ",
  "an10.267-746:1.12": "aggression … ",
  "an10.267-746:1.13": "conceit … ",
  "an10.267-746:1.14": "arrogance … ",
  "an10.267-746:1.15": "vanity … ",
  "an10.267-746:1.16": "for the complete understanding of negligence … ",
  "an10.267-746:1.17": "complete ending … ",
  "an10.267-746:1.18": "giving up … ",
  "an10.267-746:1.19": "ending … ",
  "an10.267-746:1.20": "vanishing … ",
  "an10.267-746:1.21": "fading away … ",
  "an10.267-746:1.22": "cessation … ",
  "an10.267-746:1.23": "giving away … ",
  "an10.267-746:1.24": "letting go of negligence … ",
  "an10.267-746:1.25": "these ten things should be developed.” ",
  "an10.267-746:1.26": "",
  "an10.267-746:1.27": "",
  "an10.267-746:1.28": "The Book of the Tens is finished. "
}