{
  "an10.176:0.1": "Numbered Discourses 10.176 ",
  "an10.176:0.2": "17. With Jānussoṇi ",
  "an10.176:0.3": "With Cunda ",
  "an10.176:1.1": "So I have heard. ",
  "an10.176:1.2": "At one time the Buddha was staying near Pāvā in Cunda the smith’s mango grove. ",
  "an10.176:1.3": "Then Cunda the smith went to the Buddha, bowed, and sat down to one side. The Buddha said to him, ",
  "an10.176:1.4": "“Cunda, whose purity do you believe in?” ",
  "an10.176:1.5": "“Sir, I believe in the purity advocated by the western brahmins draped with moss who carry pitchers, serve the sacred flame, and immerse themselves in water.” ",
  "an10.176:2.1": "“But Cunda, what kind of purity do these western brahmins advocate?” ",
  "an10.176:2.2": "“The western brahmins encourage their disciples like this: ",
  "an10.176:2.3": "‘Please, good people, rising early you should stroke the earth from your bed. ",
  "an10.176:2.4": "If you don’t stroke the earth, stroke fresh cow dung. ",
  "an10.176:2.5": "If you don’t stroke fresh cow dung, stroke green grass. ",
  "an10.176:2.6": "If you don’t stroke green grass, serve the sacred flame. ",
  "an10.176:2.7": "If you don’t serve the sacred flame, revere the sun with joined palms. ",
  "an10.176:2.8": "If you don’t revere the sun with joined palms, immerse yourself in water three times, including at dusk.’ ",
  "an10.176:2.9": "The western brahmins advocate this kind of purity.” ",
  "an10.176:3.1": "“The purity advocated by the western brahmins is quite different from that in the training of the Noble One.” ",
  "an10.176:3.2": "“But what, sir, is purity in the training of the Noble One? ",
  "an10.176:3.3": "Sir, please teach me this.” ",
  "an10.176:4.1": "“Well then, brahmin, listen and apply your mind well, I will speak.” ",
  "an10.176:4.2": "“Yes, sir,” Cunda replied. ",
  "an10.176:4.3": "The Buddha said this: ",
  "an10.176:5.1": "“Cunda, impurity is threefold by way of body, ",
  "an10.176:5.2": "fourfold by way of speech, ",
  "an10.176:5.3": "and threefold by way of mind. ",
  "an10.176:6.1": "And how is impurity threefold by way of body? ",
  "an10.176:6.2": "It’s when a certain person kills living creatures. They’re violent, bloody-handed, a hardened killer, merciless to living beings. ",
  "an10.176:7.1": "They steal. With the intention to commit theft, they take the wealth or belongings of others from village or wilderness. ",
  "an10.176:8.1": "They commit sexual misconduct. They have sexual relations with women who have their mother, father, both mother and father, brother, sister, relatives, or clan as guardian. They have sexual relations with a woman who is protected on principle, or who has a husband, or whose violation is punishable by law, or even one who has been garlanded as a token of betrothal. ",
  "an10.176:9.1": "This is the threefold impurity by way of body. ",
  "an10.176:10.1": "And how is impurity fourfold by way of speech? ",
  "an10.176:10.2": "It’s when a certain person lies. They’re summoned to a council, an assembly, a family meeting, a guild, or to the royal court, and asked to bear witness: ‘Please, worthy man, say what you know.’ Not knowing, they say ‘I know.’ Knowing, they say ‘I don’t know.’ Not seeing, they say ‘I see.’ And seeing, they say ‘I don’t see.’ So they deliberately lie for the sake of themselves or another, or for some trivial worldly reason. ",
  "an10.176:11.1": "They speak divisively. They repeat in one place what they heard in another so as to divide people against each other. And so they divide those who are harmonious, supporting division, delighting in division, loving division, speaking words that promote division. ",
  "an10.176:12.1": "They speak harshly. They use the kinds of words that are cruel, nasty, hurtful, offensive, bordering on anger, not leading to immersion. ",
  "an10.176:13.1": "They talk nonsense. Their speech is untimely, and is neither factual nor beneficial. It has nothing to do with the teaching or the training. Their words have no value, and are untimely, unreasonable, rambling, and pointless. ",
  "an10.176:13.2": "This is the fourfold impurity by way of speech. ",
  "an10.176:14.1": "And how is impurity threefold by way of mind? ",
  "an10.176:14.2": "It’s when a certain person is covetous. They covet the wealth and belongings of others: ‘Oh, if only their belongings were mine!’ ",
  "an10.176:15.1": "They have ill will and malicious intentions: ‘May these sentient beings be killed, slaughtered, slain, destroyed, or annihilated!’ ",
  "an10.176:16.1": "They have wrong view. Their perspective is distorted: ",
  "an10.176:16.2": "‘There’s no meaning in giving, sacrifice, or offerings. There’s no fruit or result of good and bad deeds. There’s no afterlife. There’s no such thing as mother and father, or beings that are reborn spontaneously. And there’s no ascetic or brahmin who is rightly comported and rightly practiced, and who describes the afterlife after realizing it with their own insight.’ ",
  "an10.176:16.3": "This is the threefold impurity by way of mind. ",
  "an10.176:17.1": "These are the ten ways of doing unskillful deeds. ",
  "an10.176:17.2": "When you have these ten ways of doing unskillful deeds, then if you rise early, whether or not you stroke the earth from your bed, you’re still impure. ",
  "an10.176:18.1": "Whether or not you stroke fresh cow dung, you’re still impure. ",
  "an10.176:19.1": "Whether or not you stroke green grass, you’re still impure. ",
  "an10.176:20.1": "Whether or not you serve the sacred flame, you’re still impure. ",
  "an10.176:21.1": "Whether or not you revere the sun with joined palms, you’re still impure. ",
  "an10.176:22.1": "Whether or not you immerse yourself in water three times, you’re still impure. ",
  "an10.176:22.2": "Why is that? ",
  "an10.176:22.3": "These ten ways of doing unskillful deeds are impure and make things impure. ",
  "an10.176:23.1": "It’s because of those who do these ten kinds of unskillful deeds that hell, the animal realm, the ghost realm, or any other bad places are found. ",
  "an10.176:24.1": "Cunda, purity is threefold by way of body, ",
  "an10.176:24.2": "fourfold by way of speech, ",
  "an10.176:24.3": "and threefold by way of mind. ",
  "an10.176:25.1": "And how is purity threefold by way of body? ",
  "an10.176:25.2": "It’s when a certain person gives up killing living creatures. They renounce the rod and the sword. They’re scrupulous and kind, living full of sympathy for all living beings. ",
  "an10.176:26.1": "They give up stealing. They don’t, with the intention to commit theft, take the wealth or belongings of others from village or wilderness. ",
  "an10.176:27.1": "They give up sexual misconduct. They don’t have sexual relations with women who have their mother, father, both mother and father, brother, sister, relatives, or clan as guardian. They don’t have sexual relations with a woman who is protected on principle, or who has a husband, or whose violation is punishable by law, or even one who has been garlanded as a token of betrothal. ",
  "an10.176:28.1": "This is the threefold purity by way of body. ",
  "an10.176:29.1": "And how is purity fourfold by way of speech? ",
  "an10.176:29.2": "It’s when a certain person gives up lying. They’re summoned to a council, an assembly, a family meeting, a guild, or to the royal court, and asked to bear witness: ‘Please, worthy man, say what you know.’ Not knowing, they say ‘I don’t know.’ Knowing, they say ‘I know.’ Not seeing, they say ‘I don’t see.’ And seeing, they say ‘I see.’ So they don’t deliberately lie for the sake of themselves or another, or for some trivial worldly reason. ",
  "an10.176:30.1": "They give up divisive speech. They don’t repeat in one place what they heard in another so as to divide people against each other. Instead, they reconcile those who are divided and support those who are united, delighting in harmony, loving harmony, speaking words that promote harmony. ",
  "an10.176:31.1": "They give up harsh speech. They speak in a way that’s mellow, pleasing to the ear, lovely, going to the heart, polite, likable and agreeable to the people. ",
  "an10.176:32.1": "They give up talking nonsense. Their words are timely, true, and meaningful, in line with the teaching and training. ",
  "an10.176:32.2": "They say things at the right time which are valuable, reasonable, succinct, and beneficial. ",
  "an10.176:33.1": "This is the fourfold purity by way of speech. ",
  "an10.176:34.1": "And how is purity threefold by way of mind? ",
  "an10.176:34.2": "It’s when a certain person is content. They don’t covet the wealth and belongings of others: ‘Oh, if only their belongings were mine!’ ",
  "an10.176:35.1": "They have a kind heart and loving intentions: ‘May these sentient beings live free of enmity and ill will, untroubled and happy!’ ",
  "an10.176:36.1": "They have right view, an undistorted perspective: ",
  "an10.176:36.2": "‘There is meaning in giving, sacrifice, and offerings. There are fruits and results of good and bad deeds. There is an afterlife. There are such things as mother and father, and beings that are reborn spontaneously. And there are ascetics and brahmins who are rightly comported and rightly practiced, and who describe the afterlife after realizing it with their own insight.’ ",
  "an10.176:37.1": "This is the threefold purity by way of mind. ",
  "an10.176:38.1": "These are the ten ways of doing skillful deeds. ",
  "an10.176:38.2": "When you have these ten ways of doing skillful deeds, then if you rise early, whether or not you stroke the earth from your bed, you’re still pure. ",
  "an10.176:39.1": "Whether or not you stroke fresh cow dung, you’re still pure. ",
  "an10.176:40.1": "Whether or not you stroke green grass, you’re still pure. ",
  "an10.176:41.1": "Whether or not you serve the sacred flame, you’re still pure. ",
  "an10.176:42.1": "Whether or not you revere the sun with joined palms, you’re still pure. ",
  "an10.176:43.1": "Whether or not you immerse yourself in water three times, you’re still pure. ",
  "an10.176:43.2": "Why is that? ",
  "an10.176:43.3": "These ten ways of doing skillful deeds are pure and make things pure. ",
  "an10.176:44.1": "It’s because of those who do these ten kinds of skillful deeds that gods, humans, or any other good places are found.” ",
  "an10.176:45.1": "When he said this, Cunda the smith said to the Buddha, ",
  "an10.176:45.2": "“Excellent, sir! Excellent! … ",
  "an10.176:45.3": "From this day forth, may the Buddha remember me as a lay follower who has gone for refuge for life.” "
}