{
  "an11.9:0.1": "Numbered Discourses 11.9 ",
  "an11.9:0.2": "1. Dependence ",
  "an11.9:0.3": "With Sandha ",
  "an11.9:1.1": "At one time the Buddha was staying at Ñātika in the brick house. ",
  "an11.9:1.2": "Then Venerable Sandha went up to the Buddha, bowed, and sat down to one side. The Buddha said to him: ",
  "an11.9:2.1": "“Sandha, meditate like a thoroughbred, ",
  "an11.9:2.2": "not like a wild colt. ",
  "an11.9:2.3": "And how does a wild colt meditate? ",
  "an11.9:2.4": "A wild colt, tied up by the feeding trough, meditates: ‘Fodder, fodder!’ ",
  "an11.9:2.5": "Why is that? ",
  "an11.9:2.6": "Because it doesn’t occur to the wild colt tied up by the feeding trough: ",
  "an11.9:2.7": "‘What task will the horse trainer have me do today? How should I respond?’ ",
  "an11.9:2.8": "Tied up by the feeding trough they just meditate: ‘Fodder, fodder!’ ",
  "an11.9:2.9": "In the same way, take a certain wild person who has gone to the forest, the root of a tree, or an empty hut. Their heart is overcome and mired in sensual desire, and they don’t truly understand the escape from sensual desire that has arisen. ",
  "an11.9:2.10": "Harboring sensual desire within they meditate and concentrate and contemplate and ruminate. ",
  "an11.9:2.11": "Their heart is overcome by ill will … ",
  "an11.9:2.12": "dullness and drowsiness … ",
  "an11.9:2.13": "restlessness and remorse … ",
  "an11.9:2.14": "doubt … ",
  "an11.9:2.15": "Harboring doubt within they meditate and concentrate and contemplate and ruminate. ",
  "an11.9:2.16": "They meditate dependent on earth, water, fire, and air. They meditate dependent on the dimension of infinite space, infinite consciousness, nothingness, or neither perception nor non-perception. They meditate dependent on this world or the other world. They meditate dependent on what is seen, heard, thought, known, attained, sought, or explored by the mind. ",
  "an11.9:2.17": "That’s how a wild colt meditates. ",
  "an11.9:3.1": "And how does a thoroughbred meditate? ",
  "an11.9:3.2": "A fine thoroughbred, tied up by the feeding trough, doesn’t meditate: ‘Fodder, fodder!’ ",
  "an11.9:3.3": "Why is that? ",
  "an11.9:3.4": "Because it occurs to the fine thoroughbred tied up by the feeding trough: ",
  "an11.9:3.5": "‘What task will the horse trainer have me do today? How should I respond?’ ",
  "an11.9:3.6": "Tied up by the feeding trough they don’t meditate: ‘Fodder, fodder!’ ",
  "an11.9:3.7": "For that fine thoroughbred regards the use of the goad as a debt, a bond, a loss, a misfortune. ",
  "an11.9:3.8": "In the same way, take a certain fine thoroughbred person who has gone to the forest, the root of a tree, or an empty hut. Their heart is not overcome and mired in sensual desire, and they truly understand the escape from sensual desire that has arisen. ",
  "an11.9:3.9": "Their heart is not overcome by ill will … ",
  "an11.9:3.10": "dullness and drowsiness … ",
  "an11.9:3.11": "restlessness and remorse … ",
  "an11.9:3.12": "doubt … ",
  "an11.9:3.13": "They don’t meditate dependent on earth, water, fire, and air. They don’t meditate dependent on the dimension of infinite space, infinite consciousness, nothingness, or neither perception nor non-perception. They don’t meditate dependent on this world or the other world. They don’t meditate dependent on what is seen, heard, thought, known, attained, sought, or explored by the mind. ",
  "an11.9:3.14": "Yet they do meditate. ",
  "an11.9:3.15": "When a fine thoroughbred meditates like this, the gods together with Indra, the Divinity, and the Progenitor worship them from afar: ",
  "an11.9:4.1": "‘Homage to you, O thoroughbred! ",
  "an11.9:4.2": "Homage to you, supreme among men! ",
  "an11.9:4.3": "We don’t understand ",
  "an11.9:4.4": "the basis of your absorption.’” ",
  "an11.9:5.1": "When he said this, Venerable Sandha asked the Buddha, ",
  "an11.9:5.2": "“But sir, how does that fine thoroughbred meditate?” ",
  "an11.9:5.3": "",
  "an11.9:5.4": "",
  "an11.9:6.1": "",
  "an11.9:6.2": "",
  "an11.9:6.3": "",
  "an11.9:6.4": "",
  "an11.9:7.1": "“Sandha, for a fine thoroughbred person, the perception of earth has vanished in relation to earth. The perception of water … fire … air has vanished in relation to air. The perception of the dimension of infinite space has vanished in relation to the dimension of infinite space. The perception of the dimension of infinite consciousness … nothingness … neither perception nor non-perception has vanished in relation to the dimension of neither perception nor non-perception. The perception of this world has vanished in relation to this world. The perception of the other world has vanished in relation to the other world. And the perception of what is seen, heard, thought, known, attained, sought, or explored by the mind has vanished. ",
  "an11.9:7.2": "That’s how that fine thoroughbred person doesn’t meditate dependent on earth, water, fire, and air. They don’t meditate dependent on the dimension of infinite space, infinite consciousness, nothingness, or neither perception nor non-perception. They don’t meditate dependent on this world or the other world. ",
  "an11.9:7.3": "They don’t meditate dependent on what is seen, heard, thought, known, attained, sought, or explored by the mind. ",
  "an11.9:7.4": "Yet they do meditate. ",
  "an11.9:7.5": "When a fine thoroughbred person meditates like this, the gods together with Indra, the Divinity, and the Progenitor worship them from afar: ",
  "an11.9:8.1": "‘Homage to you, O thoroughbred! ",
  "an11.9:8.2": "Homage to you, supreme among men! ",
  "an11.9:8.3": "We don’t understand ",
  "an11.9:8.4": "the basis of your absorption.’” "
}