{
  "an11.992-1151:0.1": "Numbered Discourses 11.992–1151 ",
  "an11.992-1151:0.2": "The First Fifty ",
  "an11.992-1151:0.3": "Abbreviated Texts Beginning with Greed ",
  "an11.992-1151:0.4": "Untitled Discourses on Hate, Etc. ",
  "an11.992-1151:1.1": "“Of hate … ",
  "an11.992-1151:1.2": "delusion … ",
  "an11.992-1151:1.3": "anger … ",
  "an11.992-1151:1.4": "acrimony … ",
  "an11.992-1151:1.5": "disdain … ",
  "an11.992-1151:1.6": "contempt … ",
  "an11.992-1151:1.7": "jealousy … ",
  "an11.992-1151:1.8": "stinginess … ",
  "an11.992-1151:1.9": "deceitfulness … ",
  "an11.992-1151:1.10": "deviousness … ",
  "an11.992-1151:1.11": "obstinacy … ",
  "an11.992-1151:1.12": "aggression … ",
  "an11.992-1151:1.13": "conceit … ",
  "an11.992-1151:1.14": "arrogance … ",
  "an11.992-1151:1.15": "vanity … ",
  "an11.992-1151:1.16": "for insight into negligence … ",
  "an11.992-1151:1.17": "complete understanding … ",
  "an11.992-1151:1.18": "complete ending … ",
  "an11.992-1151:1.19": "giving up … ",
  "an11.992-1151:1.20": "ending … ",
  "an11.992-1151:1.21": "vanishing … ",
  "an11.992-1151:1.22": "fading away … ",
  "an11.992-1151:1.23": "cessation … ",
  "an11.992-1151:1.24": "giving away … ",
  "an11.992-1151:1.25": "For the letting go of negligence, these eleven things should be developed.” ",
  "an11.992-1151:2.1": "That is what the Buddha said. ",
  "an11.992-1151:2.2": "Satisfied, the mendicants approved what the Buddha said. ",
  "an11.992-1151:2.3": "",
  "an11.992-1151:3.1": "",
  "an11.992-1151:3.2": "",
  "an11.992-1151:3.3": "",
  "an11.992-1151:3.4": "",
  "an11.992-1151:3.5": "The Book of the Elevens is finished. ",
  "an11.992-1151:3.6": "The Numbered Discourses are completed. "
}