{
  "an11.22:0.1": "Numbered Discourses 11.22–29 ",
  "an11.22:0.2": "The First Fifty ",
  "an11.22:0.3": "Similarity ",
  "an11.22:0.4": "Untitled Discourses on the Eye ",
  "an11.22:1.1": "“Mendicants, a cowherd with eleven factors can’t maintain and expand a herd of cattle. ",
  "an11.22:1.2": "What eleven? ",
  "an11.22:1.3": "It’s when a cowherd doesn’t know form, is unskilled in characteristics, doesn’t pick out flies’ eggs, doesn’t dress wounds, doesn’t spread smoke, doesn’t know the ford, doesn’t know satisfaction, doesn’t know the trail, is not skilled in pastures, milks dry, and doesn’t show extra respect to the bulls who are fathers and captains of the herd. ",
  "an11.22:1.4": "A cowherd with these eleven factors can’t maintain and expand a herd of cattle. ",
  "an11.22:2.1": "In the same way, a mendicant with eleven qualities can’t meditate observing impermanence in the eye … ",
  "an11.22:3.1": "",
  "an11.23:1.1": "suffering … ",
  "an11.24:1.1": "not-self … ",
  "an11.25:1.1": "ending … ",
  "an11.26:1.1": "vanishing … ",
  "an11.27:1.1": "fading away … ",
  "an11.28:1.1": "cessation … ",
  "an11.29:1.1": "letting go …” "
}