{
  "an11.982:0.1": "Numbered Discourses 11.982 ",
  "an11.982:0.2": "The First Fifty ",
  "an11.982:0.3": "Abbreviated Texts Beginning with Greed ",
  "an11.982:0.4": "Untitled Discourse on Greed ",
  "an11.982:1.1": "“For insight into greed, eleven things should be developed. ",
  "an11.982:1.2": "What eleven? ",
  "an11.982:1.3": "The first, second, third, and fourth absorptions; the heart’s releases by love, compassion, rejoicing, and equanimity; the dimensions of infinite space, infinite consciousness, and nothingness. ",
  "an11.982:1.4": "For insight into greed, these eleven things should be developed.” "
}