{
  "an11.358-405:0.1": "Numbered Discourses 11.358–405 ",
  "an11.358-405:0.2": "The First Fifty ",
  "an11.358-405:0.3": "Similarity ",
  "an11.358-405:0.4": "Untitled Discourses on Craving For Sights, Etc. ",
  "an11.358-405:1.1": "… ",
  "an11.358-405:1.2": "“… Craving for sights … ",
  "an11.358-405:1.3": "craving for sounds … ",
  "an11.358-405:1.4": "craving for smells … ",
  "an11.358-405:1.5": "craving for tastes … ",
  "an11.358-405:1.6": "craving for touches … ",
  "an11.358-405:1.7": "craving for ideas. …” "
}