{
  "an11.21:0.1": "Numbered Discourses 11.21 ",
  "an11.21:0.2": "2. Recollection ",
  "an11.21:0.3": "Immersion (4th) ",
  "an11.21:1.1": "There Sāriputta addressed the mendicants: ",
  "an11.21:1.2": "“Could it be, reverends, that a mendicant might gain a state of immersion like this? They wouldn’t perceive earth in earth, water in water, fire in fire, or air in air. And they wouldn’t perceive the dimension of infinite space in the dimension of infinite space, the dimension of infinite consciousness in the dimension of infinite consciousness, the dimension of nothingness in the dimension of nothingness, or the dimension of neither perception nor non-perception in the dimension of neither perception nor non-perception. They wouldn’t perceive this world in this world, or the other world in the other world. And they wouldn’t perceive what is seen, heard, thought, known, attained, sought, or explored by the mind. And yet they would still perceive.” ",
  "an11.21:2.1": "“Reverend, we would travel a long way to learn the meaning of this statement in the presence of Venerable Sāriputta. ",
  "an11.21:2.2": "May Venerable Sāriputta himself please clarify the meaning of this. ",
  "an11.21:2.3": "The mendicants will listen and remember it.” ",
  "an11.21:3.1": "“Then listen and apply your mind well, I will speak.” ",
  "an11.21:3.2": "“Yes, friend,” they replied. ",
  "an11.21:3.3": "Sāriputta said this: ",
  "an11.21:4.1": "“A mendicant could gain such a state of immersion.” ",
  "an11.21:5.1": "“But how could this be?” ",
  "an11.21:6.1": "“It’s when a mendicant perceives: ",
  "an11.21:6.2": "‘This is peaceful; this is sublime—that is, the stilling of all activities, the letting go of all attachments, the ending of craving, fading away, cessation, extinguishment.’ ",
  "an11.21:6.3": "That’s how a mendicant might gain a state of immersion like this. They wouldn’t perceive earth in earth, water in water, fire in fire, or air in air. And they wouldn’t perceive the dimension of infinite space in the dimension of infinite space, the dimension of infinite consciousness in the dimension of infinite consciousness, the dimension of nothingness in the dimension of nothingness, or the dimension of neither perception nor non-perception in the dimension of neither perception nor non-perception. They wouldn’t perceive this world in this world, or the other world in the other world. And they wouldn’t perceive what is seen, heard, thought, known, attained, sought, or explored by the mind. And yet they would still perceive.” ",
  "an11.21:6.4": "",
  "an11.21:6.5": "",
  "an11.21:7.1": "",
  "an11.21:7.2": "",
  "an11.21:7.3": ""
}