{
  "an11.20:0.1": "Numbered Discourses 11.20 ",
  "an11.20:0.2": "2. Recollection ",
  "an11.20:0.3": "Immersion (3rd) ",
  "an11.20:1.1": "And then several mendicants went up to Venerable Sāriputta, and exchanged greetings with him. ",
  "an11.20:1.2": "When the greetings and polite conversation were over, they sat down to one side and said to him: ",
  "an11.20:2.1": "“Could it be, reverend, that a mendicant might gain a state of immersion like this? They wouldn’t perceive earth in earth, water in water, fire in fire, or air in air. And they wouldn’t perceive the dimension of infinite space in the dimension of infinite space, the dimension of infinite consciousness in the dimension of infinite consciousness, the dimension of nothingness in the dimension of nothingness, or the dimension of neither perception nor non-perception in the dimension of neither perception nor non-perception. They wouldn’t perceive this world in this world, or the other world in the other world. And they wouldn’t perceive what is seen, heard, thought, known, attained, sought, or explored by the mind. And yet they would still perceive.” ",
  "an11.20:2.2": "“It could be, reverends.” ",
  "an11.20:3.1": "“But how could this be?” ",
  "an11.20:4.1": "“It’s when a mendicant perceives: ",
  "an11.20:4.2": "‘This is peaceful; this is sublime—that is, the stilling of all activities, the letting go of all attachments, the ending of craving, fading away, cessation, extinguishment.’ ",
  "an11.20:4.3": "That’s how a mendicant might gain a state of immersion like this. They wouldn’t perceive earth in earth, water in water, fire in fire, or air in air. And they wouldn’t perceive the dimension of infinite space in the dimension of infinite space, the dimension of infinite consciousness in the dimension of infinite consciousness, the dimension of nothingness in the dimension of nothingness, or the dimension of neither perception nor non-perception in the dimension of neither perception nor non-perception. They wouldn’t perceive this world in this world, or the other world in the other world. And they wouldn’t perceive what is seen, heard, thought, known, attained, sought, or explored by the mind. And yet they would still perceive.” "
}