{
  "an11.166-213:0.1": "Numbered Discourses 11.166–213 ",
  "an11.166-213:0.2": "The First Fifty ",
  "an11.166-213:0.3": "Similarity ",
  "an11.166-213:0.4": "Untitled Discourses on Eye Contact, Etc. ",
  "an11.166-213:1.1": "… ",
  "an11.166-213:1.2": "“… eye contact … ",
  "an11.166-213:1.3": "ear contact … ",
  "an11.166-213:1.4": "nose contact … ",
  "an11.166-213:1.5": "tongue contact … ",
  "an11.166-213:1.6": "body contact … ",
  "an11.166-213:1.7": "mind contact. …” "
}