{
  "an11.16:0.1": "Numbered Discourses 11.16 ",
  "an11.16:0.2": "2. Recollection ",
  "an11.16:0.3": "The Wealthy Citizen ",
  "an11.16:1.1": "At one time Venerable Ānanda was staying near Vesālī in the little village of Beluva. ",
  "an11.16:1.2": "Now at that time the householder Dasama, a wealthy citizen, had arrived at Pāṭaliputta on some business. ",
  "an11.16:2.1": "He went to the Chicken Monastery, approached a certain mendicant, and said to him, ",
  "an11.16:2.2": "“Sir, where is Venerable Ānanda now staying? ",
  "an11.16:2.3": "For I want to see him.” ",
  "an11.16:2.4": "“Householder, Venerable Ānanda is staying near Vesālī in the little village of Beluva.” ",
  "an11.16:3.1": "Then the householder Dasama, having concluded his business there, went to the little village of Beluva in Vesālī to see Ānanda. He bowed, sat down to one side, and said to Ānanda: ",
  "an11.16:3.2": "“Honorable Ānanda, is there one thing that has been rightly explained by the Blessed One—who knows and sees, the perfected one, the fully awakened Buddha—practicing which a diligent, keen, and resolute mendicant’s mind is freed, their defilements are ended, and they arrive at the supreme sanctuary from the yoke?” ",
  "an11.16:3.3": "“There is, householder.” ",
  "an11.16:4.1": "“And what is that one thing?” ",
  "an11.16:4.2": "“Householder, it’s when a mendicant, quite secluded from sensual pleasures, secluded from unskillful qualities, enters and remains in the first absorption, which has the rapture and bliss born of seclusion, while placing the mind and keeping it connected. ",
  "an11.16:4.3": "Then they reflect: ",
  "an11.16:4.4": "‘Even this first absorption is produced by choices and intentions.’ ",
  "an11.16:4.5": "They understand: ‘But whatever is produced by choices and intentions is impermanent and liable to cessation.’ ",
  "an11.16:4.6": "Abiding in that they attain the ending of defilements. ",
  "an11.16:4.7": "If they don’t attain the ending of defilements, with the ending of the five lower fetters they’re reborn spontaneously, because of their passion and love for that meditation. They are extinguished there, and are not liable to return from that world. ",
  "an11.16:4.8": "This is one thing that has been rightly explained by the Blessed One—who knows and sees, the perfected one, the fully awakened Buddha—practicing which a diligent, keen, and resolute mendicant’s mind is freed, their defilements are ended, and they arrive at the supreme sanctuary from the yoke. ",
  "an11.16:5.1": "Furthermore, as the placing of the mind and keeping it connected are stilled, they enter and remain in the second absorption … ",
  "an11.16:5.2": "third absorption … ",
  "an11.16:5.3": "fourth absorption. ",
  "an11.16:5.4": "Then they reflect: ",
  "an11.16:5.5": "‘Even this fourth absorption is produced by choices and intentions.’ ",
  "an11.16:5.6": "They understand: ‘But whatever is produced by choices and intentions is impermanent and liable to cessation.’ ",
  "an11.16:5.7": "Abiding in that they attain the ending of defilements. ",
  "an11.16:5.8": "If they don’t attain the ending of defilements, with the ending of the five lower fetters they’re reborn spontaneously, because of their passion and love for that meditation. They are extinguished there, and are not liable to return from that world. ",
  "an11.16:5.9": "This too is one thing that has been rightly explained by the Blessed One—who knows and sees, the perfected one, the fully awakened Buddha—practicing which a diligent, keen, and resolute mendicant’s mind is freed, their defilements are ended, and they arrive at the supreme sanctuary from the yoke. ",
  "an11.16:6.1": "Furthermore, a mendicant meditates spreading a heart full of love to one direction, and to the second, and to the third, and to the fourth. In the same way above, below, across, everywhere, all around, they spread a heart full of love to the whole world—abundant, expansive, limitless, free of enmity and ill will. ",
  "an11.16:6.2": "Then they reflect: ",
  "an11.16:6.3": "‘Even this heart’s release by love is produced by choices and intentions.’ ",
  "an11.16:6.4": "They understand: ‘But whatever is produced by choices and intentions is impermanent and liable to cessation.’ ",
  "an11.16:6.5": "Abiding in that they attain the ending of defilements. ",
  "an11.16:6.6": "If they don’t attain the ending of defilements, with the ending of the five lower fetters they’re reborn spontaneously, because of their passion and love for that meditation. They are extinguished there, and are not liable to return from that world. ",
  "an11.16:6.7": "This too is one thing that has been rightly explained by the Blessed One … ",
  "an11.16:7.1": "Furthermore, a mendicant meditates spreading a heart full of compassion … ",
  "an11.16:7.2": "They meditate spreading a heart full of rejoicing … ",
  "an11.16:7.3": "They meditate spreading a heart full of equanimity to one direction, and to the second, and to the third, and to the fourth. ",
  "an11.16:7.4": "In the same way above, below, across, everywhere, all around, they spread a heart full of equanimity to the whole world—abundant, expansive, limitless, free of enmity and ill will. ",
  "an11.16:7.5": "Then they reflect: ",
  "an11.16:7.6": "‘Even this heart’s release by equanimity is produced by choices and intentions.’ ",
  "an11.16:7.7": "They understand: ‘But whatever is produced by choices and intentions is impermanent and liable to cessation.’ ",
  "an11.16:7.8": "Abiding in that they attain the ending of defilements. ",
  "an11.16:7.9": "If they don’t attain the ending of defilements, with the ending of the five lower fetters they’re reborn spontaneously, because of their passion and love for that meditation. They are extinguished there, and are not liable to return from that world. ",
  "an11.16:7.10": "This too is one thing that has been rightly explained by the Blessed One … ",
  "an11.16:8.1": "Furthermore, a mendicant, going totally beyond perceptions of form, with the disappearance of perceptions of impingement, not focusing on perceptions of diversity, aware that ‘space is infinite’, enters and remains in the dimension of infinite space. ",
  "an11.16:8.2": "Then they reflect: ",
  "an11.16:8.3": "‘Even this attainment of the dimension of infinite space is produced by choices and intentions.’ ",
  "an11.16:8.4": "They understand: ‘But whatever is produced by choices and intentions is impermanent and liable to cessation.’ ",
  "an11.16:8.5": "Abiding in that they attain the ending of defilements. ",
  "an11.16:8.6": "If they don’t attain the ending of defilements, with the ending of the five lower fetters they’re reborn spontaneously, because of their passion and love for that meditation. They are extinguished there, and are not liable to return from that world. ",
  "an11.16:8.7": "This too is one thing that has been rightly explained by the Blessed One … ",
  "an11.16:9.1": "Furthermore, a mendicant, going totally beyond the dimension of infinite space, aware that ‘consciousness is infinite’, enters and remains in the dimension of infinite consciousness. … ",
  "an11.16:9.2": "Going totally beyond the dimension of infinite consciousness, aware that ‘there is nothing at all’, they enter and remain in the dimension of nothingness. … ",
  "an11.16:9.3": "Then they reflect: ",
  "an11.16:9.4": "‘Even this attainment of the dimension of nothingness is produced by choices and intentions.’ ",
  "an11.16:9.5": "They understand: ‘But whatever is produced by choices and intentions is impermanent and liable to cessation.’ ",
  "an11.16:9.6": "Abiding in that they attain the ending of defilements. ",
  "an11.16:9.7": "If they don’t attain the ending of defilements, with the ending of the five lower fetters they’re reborn spontaneously, because of their passion and love for that meditation. They are extinguished there, and are not liable to return from that world. ",
  "an11.16:9.8": "This too is one thing that has been rightly explained by the Blessed One—who knows and sees, the perfected one, the fully awakened Buddha—practicing which a diligent, keen, and resolute mendicant’s mind is freed, their defilements are ended, and they reach the supreme sanctuary from the yoke.” ",
  "an11.16:10.1": "When he said this, the householder Dasama said to Venerable Ānanda: ",
  "an11.16:10.2": "“Honorable Ānanda, suppose a person was looking for the entrance to a treasure trove. And all at once they’d come across eleven entrances! ",
  "an11.16:10.3": "In the same way, I was searching for the door to freedom from death. And all at once I found eleven doors to freedom from death for cultivation. ",
  "an11.16:10.4": "Suppose a person had a house with eleven doors. If the house caught fire they’d be able to flee to safety through any one of those doors. ",
  "an11.16:10.5": "In the same way, I’m able to flee to safety through any one of these eleven doors to freedom from death. ",
  "an11.16:10.6": "Sir, those of other religions will seek a fee for the tutor. ",
  "an11.16:10.7": "Why shouldn’t I make an offering to Venerable Ānanda?” ",
  "an11.16:11.1": "Then the householder Dasama, having assembled the Saṅgha from Vesālī and Pāṭaliputta, served and satisfied them with his own hands with delicious fresh and cooked foods. ",
  "an11.16:11.2": "He clothed each and every mendicant in a pair of garments, with a set of three robes for Ānanda. ",
  "an11.16:11.3": "And he had a dwelling worth five hundred built for Ānanda. "
}