{
  "an11.15:0.1": "Numbered Discourses 11.15 ",
  "an11.15:0.2": "2. Recollection ",
  "an11.15:0.3": "The Benefits of Love ",
  "an11.15:1.1": "“Mendicants, you can expect eleven benefits when the heart’s release by love has been cultivated, developed, and practiced, made a vehicle and a basis, kept up, consolidated, and properly implemented. ",
  "an11.15:2.1": "What eleven? ",
  "an11.15:2.2": "You sleep at ease. You wake happily. You don’t have bad dreams. Humans love you. Non-humans love you. Deities protect you. You can’t be harmed by fire, poison, or blade. Your mind quickly enters immersion. Your face is clear and bright. You don’t feel lost when you die. If you don’t penetrate any higher, you’ll be reborn in a realm of divinity. ",
  "an11.15:2.3": "You can expect eleven benefits when the heart’s release by love has been cultivated, developed, and practiced, made a vehicle and a basis, kept up, consolidated, and properly implemented.” "
}