{
  "an11.118-165:0.1": "Numbered Discourses 11.118–165 ",
  "an11.118-165:0.2": "The First Fifty ",
  "an11.118-165:0.3": "Similarity ",
  "an11.118-165:0.4": "Untitled Discourses on Eye Consciousness, Etc. ",
  "an11.118-165:1.1": "… ",
  "an11.118-165:1.2": "“… eye consciousness … ",
  "an11.118-165:1.3": "ear consciousness … ",
  "an11.118-165:1.4": "nose consciousness … ",
  "an11.118-165:1.5": "tongue consciousness … ",
  "an11.118-165:1.6": "body consciousness … ",
  "an11.118-165:1.7": "mind consciousness. …” "
}