{
  "an11.262-309:0.1": "Numbered Discourses 11.262–309 ",
  "an11.262-309:0.2": "The First Fifty ",
  "an11.262-309:0.3": "Similarity ",
  "an11.262-309:0.4": "Untitled Discourses on Perception of Sights, Etc. ",
  "an11.262-309:1.1": "… ",
  "an11.262-309:1.2": "“… perception of sights … ",
  "an11.262-309:1.3": "perception of sounds … ",
  "an11.262-309:1.4": "perception of smells … ",
  "an11.262-309:1.5": "perception of tastes … ",
  "an11.262-309:1.6": "perception of touches … ",
  "an11.262-309:1.7": "perception of ideas. …” "
}