{
  "an11.406-453:0.1": "Numbered Discourses 11.406–453 ",
  "an11.406-453:0.2": "The First Fifty ",
  "an11.406-453:0.3": "Similarity ",
  "an11.406-453:0.4": "Untitled Discourses on Thoughts About Sights, Etc. ",
  "an11.406-453:1.1": "… ",
  "an11.406-453:1.2": "“… thoughts about sights … ",
  "an11.406-453:1.3": "thoughts about sounds … ",
  "an11.406-453:1.4": "thoughts about smells … ",
  "an11.406-453:1.5": "thoughts about tastes … ",
  "an11.406-453:1.6": "thoughts about touches … ",
  "an11.406-453:1.7": "thoughts about ideas. …” "
}