{
  "an11.214-261:0.1": "Numbered Discourses 11.214–261 ",
  "an11.214-261:0.2": "The First Fifty ",
  "an11.214-261:0.3": "Similarity ",
  "an11.214-261:0.4": "Untitled Discourses on Feeling Born of Eye Contact, Etc. ",
  "an11.214-261:1.1": "… ",
  "an11.214-261:1.2": "“… feeling born of eye contact … ",
  "an11.214-261:1.3": "feeling born of ear contact … ",
  "an11.214-261:1.4": "feeling born of nose contact … ",
  "an11.214-261:1.5": "feeling born of tongue contact … ",
  "an11.214-261:1.6": "feeling born of body contact … ",
  "an11.214-261:1.7": "feeling born of mind contact … "
}