{
  "an11.454-501:0.1": "Numbered Discourses 11.454–501 ",
  "an11.454-501:0.2": "The First Fifty ",
  "an11.454-501:0.3": "Similarity ",
  "an11.454-501:0.4": "Untitled Discourses on Considerations Regarding Sights, Etc. ",
  "an11.454-501:1.1": "… ",
  "an11.454-501:1.2": "“… considerations regarding sights … ",
  "an11.454-501:1.3": "considerations regarding sounds … ",
  "an11.454-501:1.4": "considerations regarding smells … ",
  "an11.454-501:1.5": "considerations regarding tastes … ",
  "an11.454-501:1.6": "considerations regarding touches … ",
  "an11.454-501:1.7": "meditate observing impermanence in considerations about ideas … ",
  "an11.454-501:1.8": "meditate observing suffering … ",
  "an11.454-501:1.9": "meditate observing not-self … ",
  "an11.454-501:1.10": "meditate observing ending … ",
  "an11.454-501:1.11": "meditate observing vanishing … ",
  "an11.454-501:1.12": "meditate observing fading away … ",
  "an11.454-501:1.13": "meditate observing cessation … ",
  "an11.454-501:1.14": "meditate observing letting go. …” "
}