{
  "an11.310-357:0.1": "Numbered Discourses 11.310–357 ",
  "an11.310-357:0.2": "The First Fifty ",
  "an11.310-357:0.3": "Similarity ",
  "an11.310-357:0.4": "Untitled Discourses on Intention Regarding Sights, Etc. ",
  "an11.310-357:1.1": "… ",
  "an11.310-357:1.2": "“… intention regarding sights … ",
  "an11.310-357:1.3": "intention regarding sounds … ",
  "an11.310-357:1.4": "intention regarding smells … ",
  "an11.310-357:1.5": "intention regarding tastes … ",
  "an11.310-357:1.6": "intention regarding touches … ",
  "an11.310-357:1.7": "intention regarding ideas. …” "
}