{
  "an11.19:0.1": "Numbered Discourses 11.19 ",
  "an11.19:0.2": "2. Recollection ",
  "an11.19:0.3": "Immersion (2nd) ",
  "an11.19:1.1": "There the Buddha addressed the mendicants, ",
  "an11.19:1.2": "“Mendicants!” ",
  "an11.19:1.3": "“Venerable sir,” they replied. ",
  "an11.19:1.4": "The Buddha said this: ",
  "an11.19:2.1": "“Could it be, mendicants, that a mendicant might gain a state of immersion like this? They wouldn’t perceive earth in earth, water in water, fire in fire, or air in air. And they wouldn’t perceive the dimension of infinite space in the dimension of infinite space, the dimension of infinite consciousness in the dimension of infinite consciousness, the dimension of nothingness in the dimension of nothingness, or the dimension of neither perception nor non-perception in the dimension of neither perception nor non-perception. They wouldn’t perceive this world in this world, or the other world in the other world. And they wouldn’t perceive what is seen, heard, thought, known, attained, sought, or explored by the mind. And yet they would still perceive.” ",
  "an11.19:2.2": "“Our teachings are rooted in the Buddha. He is our guide and our refuge. Sir, may the Buddha himself please clarify the meaning of this. The mendicants will listen and remember it.” ",
  "an11.19:3.1": "“Well then, mendicants, listen and apply your mind well, I will speak.” ",
  "an11.19:3.2": "“Yes, sir,” they replied. ",
  "an11.19:3.3": "The Buddha said this: ",
  "an11.19:4.1": "“A mendicant could gain such a state of immersion.” ",
  "an11.19:5.1": "“But how could this be?” ",
  "an11.19:6.1": "“It’s when a mendicant perceives: ",
  "an11.19:6.2": "‘This is peaceful; this is sublime—that is, the stilling of all activities, the letting go of all attachments, the ending of craving, fading away, cessation, extinguishment.’ ",
  "an11.19:6.3": "That’s how a mendicant might gain a state of immersion like this. They wouldn’t perceive earth in earth, water in water, fire in fire, or air in air. And they wouldn’t perceive the dimension of infinite space in the dimension of infinite space, the dimension of infinite consciousness in the dimension of infinite consciousness, the dimension of nothingness in the dimension of nothingness, or the dimension of neither perception nor non-perception in the dimension of neither perception nor non-perception. They wouldn’t perceive this world in this world, or the other world in the other world. And they wouldn’t perceive what is seen, heard, thought, known, attained, sought, or explored by the mind. And yet they would still perceive.” "
}