{
  "an11.502-981:0.1": "Numbered Discourses 11.502–981 ",
  "an11.502-981:0.2": "The First Fifty ",
  "an11.502-981:0.3": "Similarity ",
  "an11.502-981:0.4": "Untitled Discourses on the Eye, Etc. ",
  "an11.502-981:1.1": "“Mendicants, a cowherd with eleven factors can maintain and expand a herd of cattle. ",
  "an11.502-981:1.2": "What eleven? ",
  "an11.502-981:1.3": "It’s when a cowherd knows form … ",
  "an11.502-981:2.1": "In the same way, a mendicant with eleven qualities can meditate observing impermanence in the eye … ",
  "an11.502-981:2.2": "",
  "an11.502-981:2.3": "meditate observing letting go. …” "
}