{
  "an2.151:0.1": "Numbered Discourses 2.151–162 ",
  "an2.151:0.2": "The Chapter on Welcome ",
  "an2.151:1.0": "151 ",
  "an2.151:1.1": "“There are these two kinds of welcome. ",
  "an2.151:1.2": "What two? ",
  "an2.151:1.3": "Welcome in things of the flesh and welcome in the teaching. ",
  "an2.151:1.4": "These are the two kinds of welcome. ",
  "an2.151:1.5": "The better of these two kinds of welcome is the welcome in the teaching.” ",
  "an2.152:1.0": "152 ",
  "an2.152:1.1": "“There are these two kinds of hospitality. ",
  "an2.152:1.2": "What two? ",
  "an2.152:1.3": "Hospitality in things of the flesh and hospitality in the teaching. ",
  "an2.152:1.4": "These are the two kinds of hospitality. ",
  "an2.152:1.5": "The better of these two kinds of hospitality is hospitality in the teaching.” ",
  "an2.153:1.0": "153 ",
  "an2.153:1.1": "“There are these two quests. ",
  "an2.153:1.2": "What two? ",
  "an2.153:1.3": "The quest for things of the flesh and the quest for the teaching. ",
  "an2.153:1.4": "These are the two quests. ",
  "an2.153:1.5": "The better of these two quests is the quest for the teaching.” ",
  "an2.154:1.0": "154 ",
  "an2.154:1.1": "“There are these two searches. ",
  "an2.154:1.2": "What two? ",
  "an2.154:1.3": "The search for things of the flesh and the search for the teaching. ",
  "an2.154:1.4": "These are the two searches. ",
  "an2.154:1.5": "The better of these two searches is the search for the teaching.” ",
  "an2.155:1.0": "155 ",
  "an2.155:1.1": "“There are these two kinds of seeking. ",
  "an2.155:1.2": "What two? ",
  "an2.155:1.3": "Seeking for things of the flesh and seeking for the teaching. ",
  "an2.155:1.4": "These are the two kinds of seeking. ",
  "an2.155:1.5": "The better of these two kinds of seeking is seeking for the teaching.” ",
  "an2.156:1.0": "156 ",
  "an2.156:1.1": "“There are these two kinds of worship. ",
  "an2.156:1.2": "What two? ",
  "an2.156:1.3": "Worship of things of the flesh and worship of the teaching. ",
  "an2.156:1.4": "These are the two kinds of worship. ",
  "an2.156:1.5": "The better of these two kinds of worship is worship of the teaching.” ",
  "an2.157:1.0": "157 ",
  "an2.157:1.1": "“There are these two ways of serving guests. ",
  "an2.157:1.2": "What two? ",
  "an2.157:1.3": "Serving guests with things of the flesh and serving guests with the teaching. ",
  "an2.157:1.4": "These are the two ways of serving guests. ",
  "an2.157:1.5": "The better of these two ways of serving guests is to serve them with the teaching.” ",
  "an2.158:1.0": "158 ",
  "an2.158:1.1": "“There are, mendicants, these two successes. ",
  "an2.158:1.2": "What two? ",
  "an2.158:1.3": "Success in things of the flesh and success in the teaching. ",
  "an2.158:1.4": "These are the two successes. ",
  "an2.158:1.5": "The better of these two successes is success in the teaching.” ",
  "an2.159:1.0": "159 ",
  "an2.159:1.1": "“There are, mendicants, these two kinds of growth. ",
  "an2.159:1.2": "What two? ",
  "an2.159:1.3": "Growth in things of the flesh and growth in the teaching. ",
  "an2.159:1.4": "These are the two kinds of growth. ",
  "an2.159:1.5": "The better of these two kinds of growth is growth in the teaching.” ",
  "an2.160:1.0": "160 ",
  "an2.160:1.1": "“There are these two treasures. ",
  "an2.160:1.2": "What two? ",
  "an2.160:1.3": "The treasure of things of the flesh and the treasure of the teaching. ",
  "an2.160:1.4": "These are the two treasures. ",
  "an2.160:1.5": "The better of these two treasures is the treasure of the teaching.” ",
  "an2.161:1.0": "161 ",
  "an2.161:1.1": "“There are these two kinds of accumulation. ",
  "an2.161:1.2": "What two? ",
  "an2.161:1.3": "Accumulation of things of the flesh and accumulation of the teaching. ",
  "an2.161:1.4": "These are the two kinds of accumulation. ",
  "an2.161:1.5": "The better of these two kinds of accumulation is the accumulation of the teaching.” ",
  "an2.162:1.0": "162 ",
  "an2.162:1.1": "“There are, mendicants, these two kinds of increase. ",
  "an2.162:1.2": "What two? ",
  "an2.162:1.3": "Increase in things of the flesh and increase in the teaching. ",
  "an2.162:1.4": "These are the two kinds of increase. ",
  "an2.162:1.5": "The better of these two kinds of increase is increase in the teaching.” "
}