{
  "an2.180-184:0.1": "Numbered Discourses 2.180–229 ",
  "an2.180-184:0.2": "The Chapter of Abbreviated Texts Beginning With Anger ",
  "an2.180-184:1.0": "180–184 ",
  "an2.180-184:1.1": "“There are these two things. ",
  "an2.180-184:1.2": "What two? ",
  "an2.180-184:1.3": "Anger and acrimony … disdain and contempt … jealousy and stinginess … deceit and deviousness … lack of conscience and prudence. ",
  "an2.180-184:1.4": "These are the two things.” ",
  "an2.185-189:1.0": "185–189 ",
  "an2.185-189:1.1": "“There are these two things. ",
  "an2.185-189:1.2": "What two? ",
  "an2.185-189:1.3": "Freedom from anger and acrimony … freedom from disdain and contempt … freedom from jealousy and stinginess … freedom from deceit and deviousness … conscience and prudence. ",
  "an2.185-189:1.4": "These are the two things.” ",
  "an2.190-194:1.0": "190–194 ",
  "an2.190-194:1.1": "“Anyone who has two things lives in suffering. ",
  "an2.190-194:1.2": "What two? ",
  "an2.190-194:1.3": "Anger and acrimony … disdain and contempt … jealousy and stinginess … deceit and deviousness … lack of conscience and prudence. ",
  "an2.190-194:1.4": "Anyone who has these two things lives in suffering.” ",
  "an2.195-199:1.0": "195–199 ",
  "an2.195-199:1.1": "“Anyone who has these two things lives happily. ",
  "an2.195-199:1.2": "What two? ",
  "an2.195-199:1.3": "Freedom from anger and acrimony … freedom from disdain and contempt … freedom from jealousy and stinginess … freedom from deceit and deviousness … conscience and prudence. ",
  "an2.195-199:1.4": "Anyone who has these two things lives happily.” ",
  "an2.200-204:1.0": "200–204 ",
  "an2.200-204:1.1": "“These two things lead to the decline of a mendicant trainee. ",
  "an2.200-204:1.2": "What two? ",
  "an2.200-204:1.3": "Anger and acrimony … disdain and contempt … jealousy and stinginess … deceit and deviousness … lack of conscience and prudence. ",
  "an2.200-204:1.4": "These two things lead to the decline of a mendicant trainee.” ",
  "an2.205-209:1.0": "205–209 ",
  "an2.205-209:1.1": "“These two things don’t lead to the decline of a mendicant trainee. ",
  "an2.205-209:1.2": "What two? ",
  "an2.205-209:1.3": "Freedom from anger and acrimony … freedom from disdain and contempt … freedom from jealousy and stinginess … freedom from deceit and deviousness … conscience and prudence. ",
  "an2.205-209:1.4": "These two things don’t lead to the decline of a mendicant trainee.” ",
  "an2.210-214:1.0": "210–214 ",
  "an2.210-214:1.1": "“Anyone who has two things is cast down to hell. ",
  "an2.210-214:1.2": "What two? ",
  "an2.210-214:1.3": "Anger and acrimony … disdain and contempt … jealousy and stinginess … deceit and deviousness … lack of conscience and prudence. ",
  "an2.210-214:1.4": "Anyone who has these two things is cast down to hell.” ",
  "an2.215-219:1.0": "215–219 ",
  "an2.215-219:1.1": "“Anyone who has two things is raised up to heaven. ",
  "an2.215-219:1.2": "What two? ",
  "an2.215-219:1.3": "Freedom from anger and acrimony … freedom from disdain and contempt … freedom from jealousy and stinginess … freedom from deceit and deviousness … conscience and prudence. ",
  "an2.215-219:1.4": "Anyone who has these two things is raised up to heaven.” ",
  "an2.220-224:1.0": "220–224 ",
  "an2.220-224:1.1": "“When they have two things, some people, when their body breaks up, after death, are reborn in a place of loss, a bad place, the underworld, hell. ",
  "an2.220-224:1.2": "What two? ",
  "an2.220-224:1.3": "Anger and acrimony … disdain and contempt … jealousy and stinginess … deceit and deviousness … lack of conscience and prudence. ",
  "an2.220-224:1.4": "When they have two things, some people, when their body breaks up, after death, are reborn in a place of loss, a bad place, the underworld, hell.” ",
  "an2.225-229:1.0": "225–229 ",
  "an2.225-229:1.1": "“When they have two things, some people—when their body breaks up, after death—are reborn in a good place, a heavenly realm. ",
  "an2.225-229:1.2": "What two? ",
  "an2.225-229:1.3": "Freedom from anger and acrimony … freedom from disdain and contempt … freedom from jealousy and stinginess … freedom from deceit and deviousness … conscience and prudence. ",
  "an2.225-229:1.4": "When they have these two things, some people—when their body breaks up, after death—are reborn in a good place, a heavenly realm.” "
}