{
  "an2.42:0.1": "Numbered Discourses 2.42–51 ",
  "an2.42:0.2": "The Chapter on Assemblies ",
  "an2.42:1.0": "42 ",
  "an2.42:1.1": "“There are, mendicants, these two assemblies. ",
  "an2.42:1.2": "What two? ",
  "an2.42:1.3": "A shallow assembly and a deep assembly. ",
  "an2.42:1.4": "And what is a shallow assembly? ",
  "an2.42:1.5": "An assembly where the mendicants are restless, insolent, fickle, scurrilous, loose-tongued, unmindful, lacking situational awareness and immersion, with straying minds and undisciplined faculties. ",
  "an2.42:1.6": "This is called a shallow assembly. ",
  "an2.42:2.1": "And what is a deep assembly? ",
  "an2.42:2.2": "An assembly where the mendicants are not restless, insolent, fickle, scurrilous, or loose-tongued, but have established mindfulness, situational awareness, immersion, unified minds, and restrained faculties. ",
  "an2.42:2.3": "This is called a deep assembly. ",
  "an2.42:2.4": "These are the two assemblies. ",
  "an2.42:2.5": "The better of these two assemblies is the deep assembly.” ",
  "an2.43:1.0": "43 ",
  "an2.43:1.1": "“There are, mendicants, these two assemblies. ",
  "an2.43:1.2": "What two? ",
  "an2.43:1.3": "A divided assembly and a harmonious assembly. ",
  "an2.43:1.4": "And what is a divided assembly? ",
  "an2.43:1.5": "An assembly where the mendicants fight, quarrel, and dispute, continually wounding each other with barbed words. ",
  "an2.43:1.6": "This is called a divided assembly. ",
  "an2.43:2.1": "And what is a harmonious assembly? ",
  "an2.43:2.2": "An assembly where the mendicants live in harmony, appreciating each other, without dispute, blending like milk and water, and regarding each other with kindly eyes. ",
  "an2.43:2.3": "This is called a harmonious assembly. ",
  "an2.43:2.4": "These are the two assemblies. ",
  "an2.43:2.5": "The better of these two assemblies is the harmonious assembly.” ",
  "an2.44:1.0": "44 ",
  "an2.44:1.1": "“There are, mendicants, these two assemblies. ",
  "an2.44:1.2": "What two? ",
  "an2.44:1.3": "An assembly of the worst and an assembly of the best. ",
  "an2.44:1.4": "And what is an assembly of the worst? ",
  "an2.44:1.5": "An assembly where the senior mendicants are indulgent and slack, leaders in backsliding, neglecting seclusion, not rousing energy for attaining the unattained, achieving the unachieved, and realizing the unrealized. ",
  "an2.44:1.6": "Those who come after follow their example. ",
  "an2.44:1.7": "They too become indulgent and slack, leaders in backsliding, neglecting seclusion, not rousing energy for attaining the unattained, achieving the unachieved, and realizing the unrealized. ",
  "an2.44:1.8": "This is called an assembly of the worst. ",
  "an2.44:2.1": "And what is an assembly of the best? ",
  "an2.44:2.2": "An assembly where the senior mendicants are not indulgent or slack, nor are they backsliders; instead, they take the lead in seclusion, rousing energy for attaining the unattained, achieving the unachieved, and realizing the unrealized. ",
  "an2.44:2.3": "Those who come after follow their example. ",
  "an2.44:2.4": "They too are not indulgent or slack, nor are they backsliders; instead, they take the lead in seclusion, rousing energy for attaining the unattained, achieving the unachieved, and realizing the unrealized. ",
  "an2.44:2.5": "This is called an assembly of the best. ",
  "an2.44:2.6": "These are the two assemblies. ",
  "an2.44:2.7": "The better of these two assemblies is the assembly of the best.” ",
  "an2.45:1.0": "45 ",
  "an2.45:1.1": "“There are, mendicants, these two assemblies. ",
  "an2.45:1.2": "What two? ",
  "an2.45:1.3": "An ignoble assembly and a noble assembly. ",
  "an2.45:1.4": "And what is an ignoble assembly? ",
  "an2.45:1.5": "An assembly where the mendicants don’t truly understand: ‘This is suffering’ … ‘This is the origin of suffering’ … ‘This is the cessation of suffering’ … ‘This is the practice that leads to the cessation of suffering’. ",
  "an2.45:1.6": "This is called an ignoble assembly. ",
  "an2.45:2.1": "And what is a noble assembly? ",
  "an2.45:2.2": "An assembly where the mendicants truly understand: ‘This is suffering’ … ‘This is the origin of suffering’ … ‘This is the cessation of suffering’ … ‘This is the practice that leads to the cessation of suffering’. ",
  "an2.45:2.3": "This is called a noble assembly. ",
  "an2.45:2.4": "These are the two assemblies. ",
  "an2.45:2.5": "The better of these two assemblies is the noble assembly.” ",
  "an2.46:1.0": "46 ",
  "an2.46:1.1": "“There are, mendicants, these two assemblies. ",
  "an2.46:1.2": "What two? ",
  "an2.46:1.3": "An assembly of the dregs and an assembly of the cream. ",
  "an2.46:1.4": "And what is an assembly of the dregs? ",
  "an2.46:1.5": "An assembly where the mendicants make decisions prejudiced by favoritism, hostility, stupidity, and cowardice. ",
  "an2.46:1.6": "This is called an assembly of the dregs. ",
  "an2.46:2.1": "And what is an assembly of the cream? ",
  "an2.46:2.2": "An assembly where the mendicants make decisions unprejudiced by favoritism, hostility, stupidity, and cowardice. ",
  "an2.46:2.3": "This is called an assembly of the cream. ",
  "an2.46:2.4": "These are the two assemblies. ",
  "an2.46:2.5": "The better of these two assemblies is the assembly of the cream.” ",
  "an2.47:1.0": "47 ",
  "an2.47:1.1": "“There are, mendicants, these two assemblies. ",
  "an2.47:1.2": "What two? ",
  "an2.47:1.3": "An assembly educated in fancy talk, not in questioning, and an assembly educated in questioning, not in fancy talk. ",
  "an2.47:1.4": "And what is an assembly educated in fancy talk, not in questioning? ",
  "an2.47:1.5": "It is an assembly where, when discourses spoken by the Realized One—deep, profound, transcendent, dealing with emptiness—are being recited the mendicants do not want to listen. They don’t actively listen or try to understand, nor do they think those teachings are worth learning and memorizing. ",
  "an2.47:1.6": "But when discourses composed by poets—poetry, with fancy words and phrases, composed by outsiders or spoken by disciples—are being recited the mendicants do want to listen. They actively listen and try to understand, and they think those teachings are worth learning and memorizing. But when they’ve memorized those teachings they don’t question or examine each other, saying: ",
  "an2.47:1.7": "‘Why does it say this? What does that mean?’ ",
  "an2.47:1.8": "So they don’t reveal what is hidden or clarify what is unclear, or dispel doubt regarding the many doubtful matters. ",
  "an2.47:1.9": "This is called an assembly educated in fancy talk, not in questioning. ",
  "an2.47:2.1": "And what is an assembly educated in questioning, not in fancy talk? ",
  "an2.47:2.2": "It is an assembly where, when discourses composed by poets—poetry, with fancy words and phrases, composed by outsiders or spoken by disciples—are being recited the mendicants do not want to listen. They don’t actively listen or try to understand, nor do they think those teachings are worth learning and memorizing. ",
  "an2.47:2.3": "But when discourses spoken by the Realized One—deep, profound, transcendent, dealing with emptiness—are being recited the mendicants do want to listen. They actively listen and try to understand, and they think those teachings are worth learning and memorizing. ",
  "an2.47:2.4": "And when they’ve memorized those teachings they question and examine each other, saying: ",
  "an2.47:2.5": "‘Why does it say this? What does that mean?’ ",
  "an2.47:2.6": "So they reveal what is hidden, clarify what is unclear, and dispel doubt regarding the many doubtful matters. ",
  "an2.47:2.7": "This is called an assembly educated in questioning, not in fancy talk. ",
  "an2.47:2.8": "These are the two assemblies. ",
  "an2.47:2.9": "The better of these two assemblies is the assembly educated in questioning, not in fancy talk.” ",
  "an2.48:1.0": "48 ",
  "an2.48:1.1": "“There are, mendicants, these two assemblies. ",
  "an2.48:1.2": "What two? ",
  "an2.48:1.3": "An assembly that values things of the flesh, not the true teaching, and an assembly that values the true teaching, not things of the flesh. ",
  "an2.48:1.4": "And what is an assembly that values things of the flesh, not the true teaching? ",
  "an2.48:1.5": "It is an assembly where the mendicants praise each other in front of the white-clothed laypeople, saying: ",
  "an2.48:1.6": "‘The mendicant so-and-so is freed both ways; so-and-so is freed by wisdom; so-and-so is a direct witness; so-and-so is attained to view; so-and-so is freed by faith; so-and-so is a follower of teachings; so-and-so is a follower by faith; so-and-so is ethical, of good character; so-and-so is unethical, of bad character.’ ",
  "an2.48:1.7": "They thereby acquire material things. ",
  "an2.48:1.8": "And when they get these things, they use them tied, infatuated, attached, blind to the drawbacks, and not understanding the escape. ",
  "an2.48:1.9": "This is called an assembly that values things of the flesh, not the true teaching. ",
  "an2.48:2.1": "And what is an assembly that values the true teaching, not things of the flesh? ",
  "an2.48:2.2": "It is an assembly where the mendicants don’t praise each other in front of the white-clothed laypeople, saying: ",
  "an2.48:2.3": "‘The mendicant so-and-so is freed both ways; so-and-so is freed by wisdom; so-and-so is a direct witness; so-and-so is attained to view; so-and-so is freed by faith; so-and-so is a follower of teachings; so-and-so is a follower by faith; so-and-so is ethical, of good character; so-and-so is unethical, of bad character.’ ",
  "an2.48:2.4": "They thereby acquire material things. ",
  "an2.48:2.5": "And when they get these things, they use them untied, uninfatuated, unattached, seeing the drawbacks, and understanding the escape. ",
  "an2.48:2.6": "This is called an assembly that values the true teaching, not things of the flesh. ",
  "an2.48:2.7": "These are the two assemblies. ",
  "an2.48:2.8": "The better of these two assemblies is the assembly that values the true teaching, not things of the flesh.” ",
  "an2.49:1.0": "49 ",
  "an2.49:1.1": "“There are, mendicants, these two assemblies. ",
  "an2.49:1.2": "What two? ",
  "an2.49:1.3": "An unjust assembly and a just assembly. ",
  "an2.49:1.4": "And what is an unjust assembly? ",
  "an2.49:1.5": "An assembly where legal acts against the teaching proceed, while legal acts following the teaching don’t proceed. Legal acts against the training proceed, while legal acts following the training don’t proceed. Legal acts against the teaching are explained, while legal acts following the teaching aren’t explained. Legal acts against the training are explained, while legal acts following the training aren’t explained. ",
  "an2.49:1.6": "This is called an unjust assembly. ",
  "an2.49:2.1": "And what is a just assembly? ",
  "an2.49:2.2": "An assembly where legal acts following the teaching proceed, while legal acts against the teaching don’t proceed. Legal acts following the training proceed, while legal acts against the training don’t proceed. Legal acts following the teaching are explained, while legal acts against the teaching aren’t explained. Legal acts in line with the training are explained, while legal acts following training aren’t explained. ",
  "an2.49:2.3": "This is called a just assembly. ",
  "an2.49:2.4": "These are the two assemblies. ",
  "an2.49:2.5": "The better of these two assemblies is the just assembly.” ",
  "an2.50:1.0": "50 ",
  "an2.50:1.1": "“There are, mendicants, these two assemblies. ",
  "an2.50:1.2": "What two? ",
  "an2.50:1.3": "An unprincipled assembly and a principled assembly … ",
  "an2.50:1.4": "The better of these two assemblies is the principled assembly.” ",
  "an2.51:1.0": "51 ",
  "an2.51:1.1": "“There are, mendicants, these two assemblies. ",
  "an2.51:1.2": "What two? ",
  "an2.51:1.3": "An assembly with unprincipled speech, and an assembly with principled speech. ",
  "an2.51:1.4": "And what is an assembly with unprincipled speech? ",
  "an2.51:1.5": "It is an assembly where the mendicants take up disciplinary issues, whether legitimate or not. ",
  "an2.51:1.6": "But they don’t persuade each other or allow themselves to be persuaded, nor do they convince each other or allow themselves to be convinced. ",
  "an2.51:1.7": "Unable to persuade or convince each other, they can’t let go of their opinions. They obstinately stick to that disciplinary issue, insisting that: ",
  "an2.51:1.8": "‘This is the only truth, anything else is futile.’ ",
  "an2.51:1.9": "This is called an assembly with unprincipled speech. ",
  "an2.51:2.1": "And what is an assembly with principled speech? ",
  "an2.51:2.2": "It is an assembly where the mendicants take up disciplinary issues, whether legitimate or not. ",
  "an2.51:2.3": "Then they persuade each other or allow themselves to be persuaded, and they convince each other or allow themselves to be convinced. ",
  "an2.51:2.4": "Since they are able to persuade and convince each other, they let go of their opinions. They don’t obstinately stick to that disciplinary issue or insist that: ",
  "an2.51:2.5": "‘This is the only truth, anything else is futile.’ ",
  "an2.51:2.6": "This is called an assembly with principled speech. ",
  "an2.51:2.7": "These are the two assemblies. ",
  "an2.51:2.8": "The better of these two assemblies is the assembly with principled speech.” "
}