{
  "an2.118:0.1": "Numbered Discourses 2.118–129 ",
  "an2.118:0.2": "The Chapter on Hopes That Are Hard to Give Up ",
  "an2.118:1.0": "118 ",
  "an2.118:1.1": "“These two hopes are hard to give up. ",
  "an2.118:1.2": "What two? ",
  "an2.118:1.3": "The hope for wealth and the hope for long life. ",
  "an2.118:1.4": "These are two hopes that are hard to give up.” ",
  "an2.119:1.0": "119 ",
  "an2.119:1.1": "“These two individuals are rare in the world. ",
  "an2.119:1.2": "What two? ",
  "an2.119:1.3": "One who takes the initiative, and one who is grateful and thankful. ",
  "an2.119:1.4": "These are the two individuals who are rare in the world.” ",
  "an2.120:1.0": "120 ",
  "an2.120:1.1": "“These two individuals are rare in the world. ",
  "an2.120:1.2": "What two? ",
  "an2.120:1.3": "One who is satisfied, and one who satisfies others. ",
  "an2.120:1.4": "These are the two individuals who are rare in the world.” ",
  "an2.121:1.0": "121 ",
  "an2.121:1.1": "“These two individuals are hard to satisfy in the world. ",
  "an2.121:1.2": "What two? ",
  "an2.121:1.3": "One who continually hoards wealth, and one who continually wastes wealth. ",
  "an2.121:1.4": "These are the two individuals who are hard to satisfy in the world.” ",
  "an2.122:1.0": "122 ",
  "an2.122:1.1": "“These two individuals are easy to satisfy in the world. ",
  "an2.122:1.2": "What two? ",
  "an2.122:1.3": "One who does not continually hoard wealth, and one who does not continually waste wealth. ",
  "an2.122:1.4": "These are the two individuals who are easy to satisfy in the world.” ",
  "an2.123:1.0": "123 ",
  "an2.123:1.1": "“There are two conditions for the arising of greed. ",
  "an2.123:1.2": "What two? ",
  "an2.123:1.3": "The feature of beauty and irrational application of mind. ",
  "an2.123:1.4": "These are the two conditions for the arising of greed.” ",
  "an2.124:1.0": "124 ",
  "an2.124:1.1": "“There are two conditions for the arising of hate. ",
  "an2.124:1.2": "What two? ",
  "an2.124:1.3": "The feature of harshness and irrational application of mind. ",
  "an2.124:1.4": "These are the two conditions for the arising of hate.” ",
  "an2.125:1.0": "125 ",
  "an2.125:1.1": "“There are two conditions for the arising of wrong view. ",
  "an2.125:1.2": "What two? ",
  "an2.125:1.3": "The voice of another and irrational application of mind. ",
  "an2.125:1.4": "These are the two conditions for the arising of wrong view.” ",
  "an2.126:1.0": "126 ",
  "an2.126:1.1": "“There are two conditions for the arising of right view. ",
  "an2.126:1.2": "What two? ",
  "an2.126:1.3": "The voice of another and rational application of mind. ",
  "an2.126:1.4": "These are the two conditions for the arising of right view.” ",
  "an2.127:1.0": "127 ",
  "an2.127:1.1": "“There are these two offenses. ",
  "an2.127:1.2": "What two? ",
  "an2.127:1.3": "A light offense and a serious offense. ",
  "an2.127:1.4": "These are the two offenses.” ",
  "an2.128:1.0": "128 ",
  "an2.128:1.1": "“There are these two offenses. ",
  "an2.128:1.2": "What two? ",
  "an2.128:1.3": "An offense with corrupt intention and an offense without corrupt intention. ",
  "an2.128:1.4": "These are the two offenses.” ",
  "an2.129:1.0": "129 ",
  "an2.129:1.1": "“There are these two offenses. ",
  "an2.129:1.2": "What two? ",
  "an2.129:1.3": "An offense requiring rehabilitation and an offense not requiring rehabilitation. ",
  "an2.129:1.4": "These are the two offenses.” "
}