{
  "an2.130:0.1": "Numbered Discourses 2.130–140 ",
  "an2.130:0.2": "The Chapter on Aspiration ",
  "an2.130:1.0": "130 ",
  "an2.130:1.1": "“A faithful monk would rightly aspire: ",
  "an2.130:1.2": "‘May I be like Sāriputta and Moggallāna!’ ",
  "an2.130:1.3": "These are a standard and a measure for my monk disciples, that is, Sāriputta and Moggallāna.” ",
  "an2.131:1.0": "131 ",
  "an2.131:1.1": "“A faithful nun would rightly aspire: ",
  "an2.131:1.2": "‘May I be like the nuns Khemā and Uppalavaṇṇā!’ ",
  "an2.131:1.3": "These are a standard and a measure for my nun disciples, that is, the nuns Khemā and Uppalavaṇṇā.” ",
  "an2.132:1.0": "132 ",
  "an2.132:1.1": "“A faithful layman would rightly aspire: ",
  "an2.132:1.2": "‘May I be like the householder Citta and Hatthaka of Āḷavī!’ ",
  "an2.132:1.3": "These are a standard and a measure for my male lay followers, that is, the householder Citta and Hatthaka of Āḷavī.” ",
  "an2.133:1.0": "133 ",
  "an2.133:1.1": "“A faithful laywoman would rightly aspire: ",
  "an2.133:1.2": "‘May I be like the laywomen Khujjuttarā and Veḷukaṇṭakī, Nanda’s mother!’ ",
  "an2.133:1.3": "These are a standard and a measure for my female lay disciples, that is, the laywomen Khujjuttarā and Veḷukaṇṭakī, Nanda’s mother.” ",
  "an2.134:1.0": "134 ",
  "an2.134:1.1": "“When a foolish, incompetent untrue person has two qualities they keep themselves broken and damaged. They deserve to be blamed and criticized by sensible people, and they brim with much wickedness. ",
  "an2.134:1.2": "What two? ",
  "an2.134:1.3": "Without examining or scrutinizing, they praise those deserving of criticism ",
  "an2.134:1.4": "and they criticize those deserving of praise. ",
  "an2.134:1.5": "When a foolish, incompetent untrue person possesses these two qualities they keep themselves broken and damaged. They deserve to be blamed and criticized by sensible people, and they create much wickedness. ",
  "an2.134:2.1": "When an astute, competent true person has two qualities they keep themselves intact and unscathed. They don’t deserve to be blamed and criticized by sensible people, and they brim with much merit. ",
  "an2.134:2.2": "What two? ",
  "an2.134:2.3": "After examining and scrutinizing, they criticize those deserving of criticism ",
  "an2.134:2.4": "and they praise those deserving of praise. ",
  "an2.134:2.5": "When an astute, competent true person possesses these two qualities they keep themselves healthy and whole. They don’t deserve to be blamed and criticized by sensible people, and they create much merit.” ",
  "an2.135:1.0": "135 ",
  "an2.135:1.1": "“When a foolish, incompetent untrue person has two qualities they keep themselves broken and damaged. They deserve to be blamed and criticized by sensible people, and they brim with much wickedness. ",
  "an2.135:1.2": "What two? ",
  "an2.135:1.3": "Without examining or scrutinizing, they arouse faith in things that are dubious, ",
  "an2.135:1.4": "and they don’t arouse faith in things that are inspiring. ",
  "an2.135:1.5": "When a foolish, incompetent untrue person possesses these two qualities they keep themselves broken and damaged. They deserve to be blamed and criticized by sensible people, and they create much wickedness. ",
  "an2.135:2.1": "When an astute, competent true person has two qualities they keep themselves intact and unscathed. They don’t deserve to be blamed and criticized by sensible people, and they brim with much merit. ",
  "an2.135:2.2": "What two? ",
  "an2.135:2.3": "After examining or scrutinizing, they don’t arouse faith in things that are dubious, ",
  "an2.135:2.4": "and they do arouse faith in things that are inspiring. ",
  "an2.135:2.5": "When an astute, competent true person possesses these two qualities they keep themselves healthy and whole. They don’t deserve to be blamed and criticized by sensible people, and they create much merit.” ",
  "an2.136:1.0": "136 ",
  "an2.136:1.1": "“When a foolish, incompetent untrue person acts wrongly toward two individuals they keep themselves broken and damaged. They deserve to be blamed and criticized by sensible people, and they brim with much wickedness. ",
  "an2.136:1.2": "What two? ",
  "an2.136:1.3": "Mother and father. ",
  "an2.136:1.4": "When a foolish, incompetent untrue person acts wrongly toward these two individuals they keep themselves broken and damaged. They deserve to be blamed and criticized by sensible people, and they brim with much wickedness. ",
  "an2.136:2.1": "When an astute, competent true person acts rightly toward two individuals they keep themselves intact and unscathed. They don’t deserve to be blamed and criticized by sensible people, and they brim with much merit. ",
  "an2.136:2.2": "What two? ",
  "an2.136:2.3": "Mother and father. ",
  "an2.136:2.4": "When an astute, competent true person acts rightly toward these two individuals they keep themselves intact and unscathed. They don’t deserve to be blamed and criticized by sensible people, and they brim with much merit.” ",
  "an2.137:1.0": "137 ",
  "an2.137:1.1": "“When a foolish, incompetent untrue person acts wrongly toward two individuals they keep themselves broken and damaged. They deserve to be blamed and criticized by sensible people, and they brim with much wickedness. ",
  "an2.137:1.2": "What two? ",
  "an2.137:1.3": "The Realized One and a disciple of the Realized One. ",
  "an2.137:1.4": "When a foolish, incompetent untrue person acts wrongly toward these people they keep themselves broken and damaged. They deserve to be blamed and criticized by sensible people, and they brim with much wickedness. ",
  "an2.137:2.1": "When an astute, competent true person acts rightly toward two individuals they keep themselves intact and unscathed. They don’t deserve to be blamed and criticized by sensible people, and they brim with much merit. ",
  "an2.137:2.2": "What two? ",
  "an2.137:2.3": "The Realized One and a disciple of the Realized One. ",
  "an2.137:2.4": "When an astute, competent true person acts rightly toward these two individuals they keep themselves intact and unscathed. They don’t deserve to be blamed and criticized by sensible people, and they brim with much merit.” ",
  "an2.138:1.0": "138 ",
  "an2.138:1.1": "“There are these two things. ",
  "an2.138:1.2": "What two? ",
  "an2.138:1.3": "Cleaning your own mind, and not grasping at anything in the world. ",
  "an2.138:1.4": "These are the two things.” ",
  "an2.139:1.0": "139 ",
  "an2.139:1.1": "“There are these two things. ",
  "an2.139:1.2": "What two? ",
  "an2.139:1.3": "Anger and acrimony. ",
  "an2.139:1.4": "These are the two things.” ",
  "an2.140:1.0": "140 ",
  "an2.140:1.1": "“There are these two things. ",
  "an2.140:1.2": "What two? ",
  "an2.140:1.3": "Dispelling anger and dispelling acrimony. ",
  "an2.140:1.4": "These are the two things.” "
}