{
  "an2.310-319:0.1": "Numbered Discourses 2 ",
  "an2.310-319:0.2": "The Chapter of Abbreviated Texts Beginning with Greed ",
  "an2.310-319:1.0": "310–319 ",
  "an2.310-319:1.1": "“For insight into greed, two things should be developed. ",
  "an2.310-319:1.2": "What two? ",
  "an2.310-319:1.3": "Serenity and discernment. ",
  "an2.310-319:1.4": "For insight into greed, these two things should be developed.” ",
  "an2.310-319:2.1": "“For the complete understanding … finishing … giving up … ending … vanishing … fading away … cessation … giving away … letting go of greed, two things should be developed.” ",
  "an2.320-479:1.0": "320–479 ",
  "an2.320-479:1.1": "“Of hate … delusion … anger … acrimony … disdain … contempt … jealousy … stinginess … deceit … deviousness … obstinacy … aggression … conceit … arrogance … vanity … negligence … for insight … complete understanding … finishing … giving up … ending … vanishing … fading away … cessation … giving away … letting go … two things should be developed. ",
  "an2.320-479:1.2": "What two? ",
  "an2.320-479:1.3": "Serenity and discernment. ",
  "an2.320-479:1.4": "For the letting go of negligence, these two things should be developed.” ",
  "an2.320-479:2.1": "That is what the Buddha said. ",
  "an2.320-479:2.2": "Satisfied, the mendicants approved what the Buddha said. ",
  "an2.320-479:2.4": "The Book of the Twos is finished. "
}