{
  "an2.230-279:0.1": "Numbered Discourses 2 ",
  "an2.230-279:0.2": "The Chapter of Abbreviated Texts Beginning With the Unskillful ",
  "an2.230-279:1.1": "“These two things are unskillful … are skillful … are blameworthy … are blameless … have suffering as outcome … have happiness as outcome … result in suffering … result in happiness … are hurtful … are not hurtful. ",
  "an2.230-279:1.2": "What two? ",
  "an2.230-279:1.3": "Freedom from anger and acrimony … freedom from disdain and contempt … freedom from jealousy and stinginess … freedom from deceit and deviousness … conscience and prudence. ",
  "an2.230-279:1.4": "These are the two things that are not hurtful.” "
}