{
  "an2.77:0.1": "Numbered Discourses 2.77–86 ",
  "an2.77:0.2": "The Chapter with a Basis ",
  "an2.77:1.0": "77 ",
  "an2.77:1.1": "“Bad, unskillful qualities, mendicants, arise with a basis, not without a basis. ",
  "an2.77:1.2": "By giving up that basis, those bad, unskillful qualities do not occur.” ",
  "an2.78:1.0": "78 ",
  "an2.78:1.1": "“Bad, unskillful qualities, mendicants, arise with a source, not without a source. ",
  "an2.78:1.2": "By giving up that source, those bad, unskillful qualities do not occur.” ",
  "an2.79:1.0": "79 ",
  "an2.79:1.1": "“Bad, unskillful qualities, mendicants, arise with a cause, not without a cause. ",
  "an2.79:1.2": "By giving up that cause, those bad, unskillful qualities do not occur.” ",
  "an2.80:1.0": "80 ",
  "an2.80:1.1": "“Bad, unskillful qualities, mendicants, arise with conditions, not without conditions. ",
  "an2.80:1.2": "By giving up those conditions, those bad, unskillful qualities do not occur.” ",
  "an2.81:1.0": "81 ",
  "an2.81:1.1": "“Bad, unskillful qualities, mendicants, arise with a reason, not without a reason. ",
  "an2.81:1.2": "By giving up that reason, those bad, unskillful qualities do not occur.” ",
  "an2.82:1.0": "82 ",
  "an2.82:1.1": "“Bad, unskillful qualities, mendicants, arise with form, not without form. ",
  "an2.82:1.2": "By giving up that form, those bad, unskillful qualities do not occur.” ",
  "an2.83:1.0": "83 ",
  "an2.83:1.1": "“Bad, unskillful qualities, mendicants, arise with feeling, not without feeling. ",
  "an2.83:1.2": "By giving up that feeling, those bad, unskillful qualities do not occur.” ",
  "an2.84:1.0": "84 ",
  "an2.84:1.1": "“Bad, unskillful qualities, mendicants, arise with perception, not without perception. ",
  "an2.84:1.2": "By giving up that perception, those bad, unskillful qualities do not occur.” ",
  "an2.85:1.0": "85 ",
  "an2.85:1.1": "“Bad, unskillful qualities, mendicants, arise with consciousness, not without consciousness. ",
  "an2.85:1.2": "By giving up that consciousness, those bad, unskillful qualities do not occur.” ",
  "an2.86:1.0": "86 ",
  "an2.86:1.1": "“Bad, unskillful qualities, mendicants, arise with a conditioned basis, not without a conditioned basis. ",
  "an2.86:1.2": "By giving up that conditioned basis, those bad, unskillful qualities do not occur.” "
}