{
  "an2.11:0.1": "Numbered Discourses 2.11–20 ",
  "an2.11:0.2": "The Chapter on Disciplinary Issues ",
  "an2.11:1.0": "11 ",
  "an2.11:1.1": "“There are, mendicants, these two powers. ",
  "an2.11:1.2": "What two? ",
  "an2.11:1.3": "The power of reflection and the power of development. ",
  "an2.11:1.4": "And what, mendicants, is the power of reflection? ",
  "an2.11:1.5": "It’s when someone reflects: ",
  "an2.11:1.6": "‘Bad conduct of body, speech, or mind has a bad, painful result in both this life and the next.’ ",
  "an2.11:1.7": "Reflecting like this, they give up bad conduct by way of body, speech, and mind, and develop good conduct by way of body, speech, and mind, keeping themselves pure. ",
  "an2.11:1.8": "This is called the power of reflection. ",
  "an2.11:2.1": "And what, mendicants, is the power of development? ",
  "an2.11:2.2": "In this context, the power of development is the power of the trainees. ",
  "an2.11:2.3": "For when you rely on the power of a trainee, you give up greed, hate, and delusion. ",
  "an2.11:2.4": "Then you don’t do anything unskillful, or practice anything bad. ",
  "an2.11:2.5": "This is called the power of development. ",
  "an2.11:2.6": "These are the two powers.” ",
  "an2.12:1.0": "12 ",
  "an2.12:1.1": "“There are, mendicants, these two powers. ",
  "an2.12:1.2": "What two? ",
  "an2.12:1.3": "The power of reflection and the power of development. ",
  "an2.12:1.4": "And what, mendicants, is the power of reflection? ",
  "an2.12:1.5": "It’s when someone reflects: ",
  "an2.12:1.6": "‘Bad conduct of body, speech, or mind has a bad, painful result in both this life and the next.’ ",
  "an2.12:1.7": "Reflecting like this, they give up bad conduct by way of body, speech, and mind, and develop good conduct by way of body, speech, and mind, keeping themselves pure. ",
  "an2.12:1.8": "This is called the power of reflection. ",
  "an2.12:2.1": "And what, mendicants, is the power of development? ",
  "an2.12:2.2": "It’s when a mendicant develops the awakening factors of mindfulness, ",
  "an2.12:2.3": "investigation of principles, ",
  "an2.12:2.4": "energy, ",
  "an2.12:2.5": "rapture, ",
  "an2.12:2.6": "tranquility, ",
  "an2.12:2.7": "immersion, ",
  "an2.12:2.8": "and equanimity, which rely on seclusion, fading away, and cessation, and ripen as letting go. ",
  "an2.12:2.9": "This is called the power of development. ",
  "an2.12:2.10": "These are the two powers.” ",
  "an2.13:1.0": "13 ",
  "an2.13:1.1": "“There are, mendicants, these two powers. ",
  "an2.13:1.2": "What two? ",
  "an2.13:1.3": "The power of reflection and the power of development. ",
  "an2.13:1.4": "And what, mendicants, is the power of reflection? ",
  "an2.13:1.5": "It’s when someone reflects: ",
  "an2.13:1.6": "‘Bad conduct of body, speech, or mind has a bad, painful result in both this life and the next.’ ",
  "an2.13:1.7": "Reflecting like this, they give up bad conduct by way of body, speech, and mind, and develop good conduct by way of body, speech, and mind, keeping themselves pure. ",
  "an2.13:1.8": "This is called the power of reflection. ",
  "an2.13:2.1": "And what, mendicants, is the power of development? ",
  "an2.13:2.2": "It’s when a mendicant, quite secluded from sensual pleasures, secluded from unskillful qualities, enters and remains in the first absorption, which has the rapture and bliss born of seclusion, while placing the mind and keeping it connected. ",
  "an2.13:2.3": "As the placing of the mind and keeping it connected are stilled, they enter and remain in the second absorption, which has the rapture and bliss born of immersion, with internal clarity and mind at one, without placing the mind and keeping it connected. ",
  "an2.13:2.4": "And with the fading away of rapture, they enter and remain in the third absorption, where they meditate with equanimity, mindful and aware, personally experiencing the bliss of which the noble ones declare, ‘Equanimous and mindful, one meditates in bliss.’ ",
  "an2.13:2.5": "With the giving up of pleasure and pain and the disappearance of former happiness and sadness, they enter and remain in the fourth absorption, without pleasure or pain, with pure equanimity and mindfulness. ",
  "an2.13:2.6": "This is called the power of development. ",
  "an2.13:2.7": "These are the two powers.” ",
  "an2.14:1.0": "14 ",
  "an2.14:1.1": "“Mendicants, the Realized One has two ways of teaching the Dhamma. ",
  "an2.14:1.2": "What two? ",
  "an2.14:1.3": "In brief and in detail. ",
  "an2.14:1.4": "These are the Realized One’s two ways of teaching the Dhamma.” ",
  "an2.15:1.0": "15 ",
  "an2.15:1.1": "“Mendicants, in a disciplinary issue, if neither the offending mendicant nor the accusing mendicant carefully checks themselves, you can expect that issue ",
  "an2.15:1.2": "will lead to lasting acrimony and enmity, and the mendicants won’t live comfortably. ",
  "an2.15:1.3": "But in a disciplinary issue, if both the offending mendicant and the accusing mendicant carefully check themselves, you can expect that issue ",
  "an2.15:1.4": "won’t lead to lasting acrimony and enmity, and the mendicants will live comfortably. ",
  "an2.15:2.1": "And how, mendicants, does an offending mendicant carefully check themselves? ",
  "an2.15:2.2": "An offending mendicant reflects: ",
  "an2.15:2.3": "‘I have committed a certain unskillful offense with the body. ",
  "an2.15:2.4": "That mendicant saw me do this. ",
  "an2.15:2.5": "If I hadn’t committed that offense, they wouldn’t have seen me. ",
  "an2.15:2.6": "But since I did commit that offense, they did see me. ",
  "an2.15:2.7": "When they saw me, they were upset, ",
  "an2.15:2.8": "and they voiced their unhappiness to me. ",
  "an2.15:2.9": "Then I also got upset, ",
  "an2.15:2.10": "so I told others. ",
  "an2.15:2.11": "So the mistake is mine alone, like someone who owes customs duty on their goods.’ ",
  "an2.15:2.12": "That’s how, mendicants, an offending mendicant carefully checks themselves. ",
  "an2.15:3.1": "And how, mendicants, does an accusing mendicant carefully check themselves? ",
  "an2.15:3.2": "An accusing mendicant reflects: ",
  "an2.15:3.3": "‘This mendicant has committed a certain unskillful offense with the body. ",
  "an2.15:3.4": "I saw them do that. ",
  "an2.15:3.5": "If they hadn’t committed that offense, I wouldn’t have seen them. ",
  "an2.15:3.6": "But since they did commit that offense, I did see them. ",
  "an2.15:3.7": "When I saw them, I was upset, ",
  "an2.15:3.8": "and I voiced my unhappiness to them. ",
  "an2.15:3.9": "Then they also got upset, ",
  "an2.15:3.10": "so they told others. ",
  "an2.15:3.11": "So the mistake is mine alone, like someone who owes customs duty on their goods.’ ",
  "an2.15:3.12": "That’s how, mendicants, an accusing mendicant carefully checks themselves. ",
  "an2.15:4.1": "In a disciplinary issue, if neither the offending mendicant nor the accusing mendicant carefully checks themselves, you can expect that issue will lead to lasting acrimony and enmity, and the mendicants won’t live comfortably. ",
  "an2.15:4.2": "But in a disciplinary issue, if both the offending mendicant and the accusing mendicant carefully checks themselves, you can expect that issue won’t lead to lasting acrimony and enmity, and the mendicants will live comfortably.” ",
  "an2.16:1.0": "16 ",
  "an2.16:1.1": "Then a certain brahmin went up to the Buddha and exchanged greetings with him. ",
  "an2.16:1.2": "When the greetings and polite conversation were over, he sat down to one side and said to the Buddha: ",
  "an2.16:1.3": "“What is the cause, worthy Gotama, what is the reason why some sentient beings, when their body breaks up, after death, are reborn in a place of loss, a bad place, the underworld, hell?” ",
  "an2.16:1.4": "“Unprincipled and immoral conduct is the reason why some sentient beings, when their body breaks up, after death, are reborn in a place of loss, a bad place, the underworld, hell.” ",
  "an2.16:2.1": "“What is the cause, worthy Gotama, what is the reason why some sentient beings, when their body breaks up, after death, are reborn in a good place, a heavenly realm?” ",
  "an2.16:2.2": "“Principled and moral conduct is the reason why some sentient beings, when their body breaks up, after death, are reborn in a good place, a heavenly realm.” ",
  "an2.16:3.1": "“Excellent, worthy Gotama! Excellent! ",
  "an2.16:3.2": "As if he was righting the overturned, or revealing the hidden, or pointing out the path to the lost, or lighting a lamp in the dark so people with clear eyes can see what’s there, worthy Gotama has made the teaching clear in many ways. ",
  "an2.16:3.3": "I go for refuge to the worthy Gotama, to the teaching, and to the mendicant Saṅgha. ",
  "an2.16:3.4": "From this day forth, may the worthy Gotama remember me as a lay follower who has gone for refuge for life.” ",
  "an2.17:1.0": "17 ",
  "an2.17:1.1": "Then the brahmin Jānussoṇi went up to the Buddha, and exchanged greetings with him. ",
  "an2.17:1.2": "When the greetings and polite conversation were over, he sat down to one side and said to the Buddha: ",
  "an2.17:1.3": "“What is the cause, worthy Gotama, what is the reason why some sentient beings, when their body breaks up, after death, are reborn in a place of loss, a bad place, the underworld, hell?” ",
  "an2.17:1.4": "“What they’ve done and what they’ve not done. ",
  "an2.17:1.5": "That’s why some sentient beings, when their body breaks up, after death, are reborn in a place of loss, a bad place, the underworld, hell.” ",
  "an2.17:1.6": "“But what is the cause, worthy Gotama, what is the reason why some sentient beings, when their body breaks up, after death, are reborn in a good place, a heavenly realm?” ",
  "an2.17:1.7": "“What they’ve done and what they’ve not done. ",
  "an2.17:1.8": "That’s why some sentient beings, when their body breaks up, after death, are reborn in a good place, a heavenly realm.” ",
  "an2.17:1.9": "“I don’t understand the meaning of what the worthy Gotama has said in brief, without explaining the details. ",
  "an2.17:1.10": "Worthy Gotama, please teach me this matter in detail so I can understand the meaning.” ",
  "an2.17:1.11": "“Well then, brahmin, listen and apply your mind well, I will speak.” ",
  "an2.17:1.12": "“Yes, worthy sir,” Jānussoṇi replied. ",
  "an2.17:1.13": "The Buddha said this: ",
  "an2.17:2.1": "“Firstly, brahmin, someone has done bad things and not done good things by way of body, speech, and mind. ",
  "an2.17:2.4": "So what they’ve done and what they’ve not done is why some sentient beings, when their body breaks up, after death, are reborn in a place of loss, a bad place, the underworld, hell. ",
  "an2.17:2.5": "Furthermore, brahmin, someone has done good things and not done bad things by way of body, speech, and mind. ",
  "an2.17:2.8": "So what they’ve done and what they’ve not done is why some sentient beings, when their body breaks up, after death, are reborn in a good place, a heavenly realm.” ",
  "an2.17:3.1": "“Excellent, worthy Gotama! … From this day forth, may the worthy Gotama remember me as a lay follower who has gone for refuge for life.” ",
  "an2.18:1.0": "18 ",
  "an2.18:1.1": "Then Venerable Ānanda went up to the Buddha, bowed, and sat down to one side. The Buddha said to him, ",
  "an2.18:1.2": "“Ānanda, I absolutely say that you should not do bad things by way of body, speech, and mind.” ",
  "an2.18:1.3": "“But, sir, if someone does these things that should not be done, what drawbacks should they expect?” ",
  "an2.18:1.4": "“They should expect these drawbacks. ",
  "an2.18:1.5": "They blame themselves. ",
  "an2.18:1.6": "After examination, sensible people criticize them. ",
  "an2.18:1.7": "They get a bad reputation. ",
  "an2.18:1.8": "They feel lost when they die. ",
  "an2.18:1.9": "And when their body breaks up, after death, they are reborn in a place of loss, a bad place, the underworld, hell. ",
  "an2.18:1.10": "These are the drawbacks they should expect.” ",
  "an2.18:2.1": "“Ānanda, I absolutely say that you should do good things by way of body, speech, and mind.” ",
  "an2.18:2.2": "“But, sir, if someone does these things that should be done, what benefits should they expect?” ",
  "an2.18:2.3": "“They should expect these benefits. ",
  "an2.18:2.4": "They don’t blame themselves. ",
  "an2.18:2.5": "After examination, sensible people praise them. ",
  "an2.18:2.6": "They get a good reputation. ",
  "an2.18:2.7": "They don’t feel lost when they die. ",
  "an2.18:2.8": "And when the body breaks up, after death, they are reborn in a good place, a heavenly realm. ",
  "an2.18:2.9": "These are the benefits they should expect.” ",
  "an2.19:1.0": "19 ",
  "an2.19:1.1": "“Mendicants, give up the unskillful. ",
  "an2.19:1.2": "It is possible to give up the unskillful. ",
  "an2.19:1.3": "If it wasn’t possible, I wouldn’t say: ",
  "an2.19:1.4": "‘Give up the unskillful.’ ",
  "an2.19:1.5": "But it is possible, and so I say: ",
  "an2.19:1.6": "‘Give up the unskillful.’ ",
  "an2.19:1.7": "And if giving up the unskillful led to harm and suffering, I would not say: ",
  "an2.19:1.8": "‘Give up the unskillful.’ ",
  "an2.19:1.9": "But giving up the unskillful leads to welfare and happiness, so I say: ",
  "an2.19:1.10": "‘Give up the unskillful.’ ",
  "an2.19:2.1": "Mendicants, develop the skillful. ",
  "an2.19:2.2": "It is possible to develop the skillful. ",
  "an2.19:2.3": "If it wasn’t possible, I wouldn’t say: ",
  "an2.19:2.4": "‘Develop the skillful.’ ",
  "an2.19:2.5": "But it is possible, and so I say: ",
  "an2.19:2.6": "‘Develop the skillful.’ ",
  "an2.19:2.7": "If developing the skillful led to harm and suffering I wouldn’t say: ",
  "an2.19:2.8": "‘Develop the skillful.’ ",
  "an2.19:2.9": "But developing the skillful leads to welfare and happiness, so I say: ",
  "an2.19:2.10": "‘Develop the skillful.’” ",
  "an2.20:1.0": "20 ",
  "an2.20:1.1": "“These two things, mendicants, lead to the decline and disappearance of the true teaching. ",
  "an2.20:1.2": "What two? ",
  "an2.20:1.3": "The words and phrases are misplaced, and the meaning is misinterpreted. ",
  "an2.20:1.4": "When the words and phrases are misplaced, the meaning is misinterpreted. ",
  "an2.20:1.5": "These two things lead to the decline and disappearance of the true teaching. ",
  "an2.20:2.1": "These two things lead to the continuation, persistence, and enduring of the true teaching. ",
  "an2.20:2.2": "What two? ",
  "an2.20:2.3": "The words and phrases are well organized, and the meaning is correctly interpreted. ",
  "an2.20:2.4": "When the words and phrases are well organized, the meaning is correctly interpreted. ",
  "an2.20:2.5": "These two things lead to the continuation, persistence, and enduring of the true teaching.” "
}