{
  "an3.113:0.1": "Numbered Discourses 3.113 ",
  "an3.113:0.2": "12. Bound for Loss ",
  "an3.113:0.3": "Bound for Loss ",
  "an3.113:1.1": "“Mendicants, these three are bound for a place of loss, bound for hell, if they don’t give up this fault. ",
  "an3.113:1.2": "What three? ",
  "an3.113:1.3": "Someone who is unchaste, but claims to be chaste; ",
  "an3.113:1.4": "someone who makes a groundless accusation of unchastity against a person whose chastity is pure; ",
  "an3.113:1.5": "and someone who has the view, ‘There is nothing wrong with sensual pleasures,’ so they throw themselves into sensual pleasures. ",
  "an3.113:1.6": "These are the three who are bound for a place of loss, bound for hell, if they don’t give up this fault.” "
}