{
  "an3.41:0.1": "Numbered Discourses 3.41 ",
  "an3.41:0.2": "5. The Lesser Chapter ",
  "an3.41:0.3": "Present ",
  "an3.41:1.1": "“Mendicants, when three things are present, a faithful gentleman brims with much merit. ",
  "an3.41:1.2": "What three? ",
  "an3.41:1.3": "When faith is present, ",
  "an3.41:1.4": "when a gift to give is present, ",
  "an3.41:1.5": "and when those worthy of a religious donation are present. ",
  "an3.41:1.6": "When these three things are present, a faithful gentleman brims with much merit.” "
}