{
  "an3.74:0.1": "Numbered Discourses 3.74 ",
  "an3.74:0.2": "8. Ānanda ",
  "an3.74:0.3": "Jains ",
  "an3.74:1.1": "At one time Venerable Ānanda was staying near Vesālī, at the Great Wood, in the hall with the peaked roof. ",
  "an3.74:1.2": "Then the Licchavis Abhaya and Paṇḍitakumāra went up to Venerable Ānanda, bowed, sat down to one side, and said to him: ",
  "an3.74:1.3": "“Sir, the Jain ascetic of the Ñātika clan claims to be all-knowing and all-seeing, to know and see everything without exception, thus: ",
  "an3.74:1.4": "‘Knowledge and vision are constantly and continually present to me, while walking, standing, sleeping, and waking.’ ",
  "an3.74:1.5": "He advocates the elimination of past deeds by fervent mortification, and breaking the bridge by not doing any new deeds. ",
  "an3.74:1.6": "So with the ending of deeds, suffering ends; with the ending of suffering, feeling ends; and with the ending of feeling, all suffering will have been worn away. ",
  "an3.74:1.7": "This is how to go beyond suffering by means of this purification by wearing away in the present life. ",
  "an3.74:1.8": "What, sir, does the Buddha say about this?” ",
  "an3.74:2.1": "“Abhaya, these three kinds of purification by wearing away have been rightly explained by the Blessed One, who knows and sees, the perfected one, the fully awakened Buddha. They are in order to purify sentient beings, to get past sorrow and crying, to make an end of pain and sadness, to discover the system, and to realize extinguishment. ",
  "an3.74:2.2": "What three? ",
  "an3.74:2.3": "It’s when, Abhaya, a mendicant is ethical, restrained in the monastic code, conducting themselves well and resorting for alms in suitable places. Seeing danger in the slightest fault, they keep the rules they’ve undertaken. ",
  "an3.74:2.4": "They don’t perform any new deeds, and old deeds are eliminated by experiencing their results little by little. ",
  "an3.74:2.5": "This wearing away is apparent in the present life, immediately effective, inviting inspection, relevant, so that sensible people can know it for themselves. ",
  "an3.74:3.1": "Then a mendicant accomplished in ethics, quite secluded from sensual pleasures, secluded from unskillful qualities, enters and remains in the first absorption … second absorption … third absorption … fourth absorption. ",
  "an3.74:3.2": "They don’t perform any new deeds, and old deeds are eliminated by experiencing their results little by little. ",
  "an3.74:3.3": "This wearing away is apparent in the present life, immediately effective, inviting inspection, relevant, so that sensible people can know it for themselves. ",
  "an3.74:4.1": "Then a mendicant accomplished in immersion realizes the undefiled freedom of heart and freedom by wisdom in this very life. And they live having realized it with their own insight due to the ending of defilements. ",
  "an3.74:4.2": "They don’t perform any new deeds, and old deeds are eliminated by experiencing their results little by little. ",
  "an3.74:4.3": "This wearing away is apparent in the present life, immediately effective, inviting inspection, relevant, so that sensible people can know it for themselves. ",
  "an3.74:4.4": "These are the three kinds of purification by wearing away that have been rightly explained by the Buddha … in order to realize extinguishment.” ",
  "an3.74:5.1": "When he said this, Paṇḍitakumāra said to Abhaya, ",
  "an3.74:5.2": "“Dear Abhaya, is there anything in what Ānanda has said so well that you would disagree with?” ",
  "an3.74:5.3": "“How could I not agree with what was said so well by Ānanda? ",
  "an3.74:5.4": "If anyone didn’t agree with him, their head would explode!” "
}