{
  "an3.55:0.1": "Numbered Discourses 3.55 ",
  "an3.55:0.2": "6. Brahmins ",
  "an3.55:0.3": "Quenched ",
  "an3.55:1.1": "Then the brahmin Jānussoṇi went up to the Buddha, bowed, sat down to one side, and said to the Buddha: ",
  "an3.55:1.2": "“Worthy Gotama, they say that ‘extinguishment is apparent in the present life’. ",
  "an3.55:1.3": "In what way is extinguishment apparent in the present life, immediately effective, inviting inspection, relevant, so that sensible people can know it for themselves?” ",
  "an3.55:2.1": "“A greedy person, overcome by greed, intends to hurt themselves, hurt others, and hurt both. They experience mental pain and sadness. ",
  "an3.55:2.2": "When greed has been given up, they don’t intend to hurt themselves, hurt others, and hurt both. They don’t experience mental pain and sadness. ",
  "an3.55:2.3": "This is how extinguishment is apparent in the present life. ",
  "an3.55:3.1": "A hateful person … ",
  "an3.55:3.2": "A deluded person, overcome by delusion, intends to hurt themselves, hurt others, and hurt both. They experience mental pain and sadness. ",
  "an3.55:3.3": "When delusion has been given up, they don’t intend to hurt themselves, hurt others, and hurt both. They don’t experience mental pain and sadness. ",
  "an3.55:3.4": "This, too, is how extinguishment is apparent in the present life. ",
  "an3.55:4.1": "When you experience the ending of greed, hate, and delusion without anything left over, ",
  "an3.55:4.2": "that’s how extinguishment is apparent in the present life, immediately effective, inviting inspection, relevant, so that sensible people can know it for themselves.” ",
  "an3.55:5.1": "“Excellent, worthy Gotama! Excellent! … ",
  "an3.55:5.2": "From this day forth, may the worthy Gotama remember me as a lay follower who has gone for refuge for life.” "
}