{
  "an3.3:0.1": "Numbered Discourses 3.3 ",
  "an3.3:0.2": "1. Fools ",
  "an3.3:0.3": "Thinking ",
  "an3.3:1.1": "“There are these three characteristics, signs, and manifestations of a fool. ",
  "an3.3:1.2": "What three? ",
  "an3.3:1.3": "A fool thinks poorly, speaks poorly, and acts poorly. ",
  "an3.3:1.4": "If a fool didn’t think poorly, speak poorly, and act poorly, then how would the astute know of them: ",
  "an3.3:1.5": "‘This worthy one is a fool, an untrue person’? ",
  "an3.3:1.6": "But since a fool does think poorly, speak poorly, and act poorly, then the astute do know of them: ",
  "an3.3:1.7": "‘This worthy one is a fool, an untrue person’. ",
  "an3.3:1.8": "These are the three characteristics, signs, and manifestations of a fool. ",
  "an3.3:2.1": "There are these three characteristics, signs, and manifestations of an astute person. ",
  "an3.3:2.2": "What three? ",
  "an3.3:2.3": "An astute person thinks well, speaks well, and acts well. ",
  "an3.3:2.4": "If an astute person didn’t think well, speak well, and act well, then how would the astute know of them: ",
  "an3.3:2.5": "‘This worthy one is astute, a true person’? ",
  "an3.3:2.6": "But since an astute person does think well, speak well, and act well, then the astute do know of them: ",
  "an3.3:2.7": "‘This worthy one is astute, a true person’. ",
  "an3.3:2.8": "These are the three characteristics, signs, and manifestations of an astute person. ",
  "an3.3:2.9": "So you should train …” "
}