{
  "an3.10:0.1": "Numbered Discourses 3.10 ",
  "an3.10:0.2": "1. Fools ",
  "an3.10:0.3": "Stains ",
  "an3.10:1.1": "“Anyone who has three qualities, and has not given up three stains, is cast down to hell. ",
  "an3.10:1.2": "What three? ",
  "an3.10:1.3": "They’re unethical, and haven’t given up the stain of immorality. ",
  "an3.10:1.4": "They’re jealous, and haven’t given up the stain of jealousy. ",
  "an3.10:1.5": "They’re stingy, and haven’t given up the stain of stinginess. ",
  "an3.10:1.6": "Anyone who possesses these three qualities, and has not given up these three stains, is cast down to hell. ",
  "an3.10:2.1": "Anyone who has three qualities, and has given up three stains, is raised up to heaven. ",
  "an3.10:2.2": "What three? ",
  "an3.10:2.3": "They’re ethical, and have given up the stain of immorality. ",
  "an3.10:2.4": "They’re not jealous, and have given up the stain of jealousy. ",
  "an3.10:2.5": "They’re not stingy, and have given up the stain of stinginess. ",
  "an3.10:2.6": "Anyone who possesses these three qualities, and has given up these three stains, is raised up to heaven.” ",
  "an3.10:2.7": "",
  "an3.10:2.8": "",
  "an3.10:3.1": "",
  "an3.10:3.2": "",
  "an3.10:3.3": ""
}