{
  "an3.20:0.1": "Numbered Discourses 3.20 ",
  "an3.20:0.2": "2. The Chariot-Maker ",
  "an3.20:0.3": "A Shopkeeper (2nd) ",
  "an3.20:1.1": "“Mendicants, a shopkeeper who has three factors soon acquires great and abundant wealth. ",
  "an3.20:1.2": "What three? ",
  "an3.20:1.3": "It’s when a shopkeeper sees clearly, is indefatigable, and has supporters. ",
  "an3.20:1.4": "And how does a shopkeeper see clearly? ",
  "an3.20:1.5": "It’s when a shopkeeper knows of a product: ",
  "an3.20:1.6": "‘This product is bought at this price and is selling at this price. With this much investment, it’ll bring this much profit.’ ",
  "an3.20:1.7": "That’s how a shopkeeper sees clearly. ",
  "an3.20:2.1": "And how is a shopkeeper indefatigable? ",
  "an3.20:2.2": "It’s when a shopkeeper is skilled in buying and selling products. ",
  "an3.20:2.3": "That’s how a shopkeeper is indefatigable. ",
  "an3.20:3.1": "And how does a shopkeeper have supporters? ",
  "an3.20:3.2": "It’s when rich, affluent, and wealthy householders or householders’ children know of him: ",
  "an3.20:3.3": "‘This good shopkeeper sees clearly and is indefatigable. They are capable of providing for their wives and children, and paying us back from time to time.’ ",
  "an3.20:3.4": "They deposit money with the shopkeeper, saying: ",
  "an3.20:3.5": "‘With this, friend shopkeeper, earn money to  provide for your wives and children, and pay us back from time to time.’ ",
  "an3.20:3.6": "That’s how a shopkeeper has supporters. ",
  "an3.20:3.7": "A shopkeeper who has these three factors soon acquires great and abundant wealth. ",
  "an3.20:4.1": "In the same way, a mendicant who has three qualities soon acquires great and abundant skillful qualities. ",
  "an3.20:4.2": "What three? ",
  "an3.20:4.3": "It’s when a mendicant sees clearly, is indefatigable, and has supporters. ",
  "an3.20:4.4": "And how does a mendicant see clearly? ",
  "an3.20:4.5": "It’s when a mendicant truly understands: ‘This is suffering’ … ‘This is the origin of suffering’ … ‘This is the cessation of suffering’ … ‘This is the practice that leads to the cessation of suffering’. ",
  "an3.20:4.6": "That’s how a mendicant sees clearly. ",
  "an3.20:5.1": "And how is a mendicant indefatigable? ",
  "an3.20:5.2": "It’s when a mendicant lives with energy roused up for giving up unskillful qualities and embracing skillful qualities. They are strong, staunchly vigorous, not slacking off when it comes to developing skillful qualities. ",
  "an3.20:5.3": "That’s how a mendicant is indefatigable. ",
  "an3.20:6.1": "And how does a mendicant have supporters? ",
  "an3.20:6.2": "It’s when from time to time a mendicant goes up to those mendicants who are very learned—inheritors of the heritage, who have memorized the teachings, the monastic law, and the outlines—and asks them questions: ",
  "an3.20:6.3": "‘Why, sir, does it say this? What does that mean?’ ",
  "an3.20:6.4": "Those venerables reveal what is hidden, clarify what is unclear, and dispel doubt regarding the many doubtful matters. ",
  "an3.20:6.5": "That’s how a mendicant has supporters. ",
  "an3.20:6.6": "A mendicant who possesses these three qualities soon acquires great and abundant skillful qualities.” ",
  "an3.20:6.7": "",
  "an3.20:6.8": "",
  "an3.20:6.9": "",
  "an3.20:7.1": "",
  "an3.20:7.2": "",
  "an3.20:7.3": ""
}