{
  "an3.86:0.1": "Numbered Discourses 3.86 ",
  "an3.86:0.2": "9. Ascetics ",
  "an3.86:0.3": "Training (1st) ",
  "an3.86:1.1": "“Mendicants, each fortnight over a hundred and fifty training rules come up for recitation, in which gentlemen who desire self-knowledge train. ",
  "an3.86:1.2": "These are all included in the three trainings. ",
  "an3.86:1.3": "What three? ",
  "an3.86:1.4": "The training in the higher ethics, the higher mind, and the higher wisdom. ",
  "an3.86:1.5": "These are the three trainings that include them all. ",
  "an3.86:2.1": "Take the case of a mendicant who has fulfilled their ethics, but has limited immersion and wisdom. ",
  "an3.86:2.2": "They break some lesser and minor training rules, but are restored. ",
  "an3.86:2.3": "Why is that? ",
  "an3.86:2.4": "Because I don’t say they’re incapable of that. ",
  "an3.86:2.5": "But they’re constant and steady in their precepts regarding the training rules that are fundamental, befitting the spiritual path. They keep the rules they’ve undertaken. ",
  "an3.86:2.6": "With the ending of three fetters they’re a stream-enterer, not liable to be reborn in the underworld, destined for awakening. ",
  "an3.86:3.1": "Take another case of a mendicant who has fulfilled their ethics, but has limited immersion and wisdom. ",
  "an3.86:3.2": "They break some lesser and minor training rules, but are restored. ",
  "an3.86:3.3": "Why is that? ",
  "an3.86:3.4": "Because I don’t say they’re incapable of that. ",
  "an3.86:3.5": "But they’re constant and steady in their precepts regarding the training rules that are fundamental, befitting the spiritual path. They keep the rules they’ve undertaken. ",
  "an3.86:3.6": "With the ending of three fetters, and the weakening of greed, hate, and delusion, they’re a once-returner. They come back to this world once only, then make an end of suffering. ",
  "an3.86:4.1": "Take another case of a mendicant who has fulfilled their ethics and immersion, but has limited wisdom. ",
  "an3.86:4.2": "They break some lesser and minor training rules, but are restored. ",
  "an3.86:4.3": "Why is that? ",
  "an3.86:4.4": "Because I don’t say they’re incapable of that. ",
  "an3.86:4.5": "But they’re constant and steady in their precepts regarding the training rules that are fundamental, befitting the spiritual path. They keep the rules they’ve undertaken. ",
  "an3.86:4.6": "With the ending of the five lower fetters they’re reborn spontaneously. They are extinguished there, and are not liable to return from that world. ",
  "an3.86:5.1": "Take another case of a mendicant who has fulfilled their ethics, immersion, and wisdom. ",
  "an3.86:5.2": "They break some lesser and minor training rules, but are restored. ",
  "an3.86:5.3": "Why is that? ",
  "an3.86:5.4": "Because I don’t say they’re incapable of that. ",
  "an3.86:5.5": "But they’re constant and steady in their precepts regarding the training rules that are fundamental, befitting the spiritual path. They keep the rules they’ve undertaken. ",
  "an3.86:5.6": "They realize the undefiled freedom of heart and freedom by wisdom in this very life. And they live having realized it with their own insight due to the ending of defilements. ",
  "an3.86:6.1": "So, mendicants, if you practice partially you succeed partially. If you practice fully you succeed fully. ",
  "an3.86:6.2": "But in any case, these training rules are not a waste, I say.” "
}