{
  "an3.32:0.1": "Numbered Discourses 3.32 ",
  "an3.32:0.2": "4. Messengers of the Gods ",
  "an3.32:0.3": "With Ānanda ",
  "an3.32:1.1": "Then Venerable Ānanda went up to the Buddha, bowed, sat down to one side, and said to the Buddha: ",
  "an3.32:2.1": "“Could it be, sir, that a mendicant might gain a state of immersion such that there’s no I-making, mine-making, or underlying tendency to conceit for this conscious body; and no I-making, mine-making, or underlying tendency to conceit for externally for all signs; ",
  "an3.32:2.2": "and that they’d live having attained the freedom of heart and freedom by wisdom where I-making, mine-making, and the underlying tendency to conceit are no more?” ",
  "an3.32:2.3": "“It could be, Ānanda, that a mendicant gains a state of immersion such that they have no I-making, mine-making, or underlying tendency to conceit for this conscious body; and no I-making, mine-making, or underlying tendency to conceit for externally for all signs; ",
  "an3.32:2.4": "and that they’d live having attained the freedom of heart and freedom by wisdom where I-making, mine-making, and the underlying tendency to conceit are no more.” ",
  "an3.32:3.1": "“But how could this be, sir?” ",
  "an3.32:3.2": "",
  "an3.32:4.1": "“Ānanda, it’s when a mendicant thinks: ",
  "an3.32:4.2": "‘This is peaceful; this is sublime—that is, the stilling of all activities, the letting go of all attachments, the ending of craving, fading away, cessation, extinguishment.’ ",
  "an3.32:4.3": "That’s how, Ānanda, a mendicant might gain a state of immersion such that there’s no I-making, mine-making, or underlying tendency to conceit for this conscious body; and no I-making, mine-making, or underlying tendency to conceit for externally for all signs; ",
  "an3.32:4.4": "and that they’d live having achieved the freedom of heart and freedom by wisdom where I-making, mine-making, and the underlying tendency to conceit are no more. ",
  "an3.32:5.1": "And Ānanda, this is what I was referring to in ‘The Way to the Far Shore’, in ‘The Questions of Puṇṇaka’ when I said: ",
  "an3.32:6.1": "‘Having appraised the world high and low, ",
  "an3.32:6.2": "there is nothing in the world that disturbs them. ",
  "an3.32:6.3": "Peaceful, unclouded, untroubled, <j>with no need for hope—",
  "an3.32:6.4": "they’ve crossed over rebirth and old age, I declare.’” "
}