{
  "an3.43:0.1": "Numbered Discourses 3.43 ",
  "an3.43:0.2": "5. The Lesser Chapter ",
  "an3.43:0.3": "Good Reasons ",
  "an3.43:1.1": "“Mendicants, taking three reasons into consideration provides quite enough motivation to teach Dhamma to another. ",
  "an3.43:1.2": "What three? ",
  "an3.43:1.3": "When the teacher understands the meaning and the teaching. ",
  "an3.43:1.4": "When the audience understands the meaning and the teaching. ",
  "an3.43:1.5": "When both the teacher and the audience understand the meaning and the teaching. ",
  "an3.43:1.6": "Taking these three reasons into consideration provides quite enough motivation to teach Dhamma to another.” "
}