{
  "an3.88:0.1": "Numbered Discourses 3.88 ",
  "an3.88:0.2": "9. Ascetics ",
  "an3.88:0.3": "Training (3rd) ",
  "an3.88:1.1": "“Mendicants, each fortnight over a hundred and fifty training rules come up for recitation, in which gentlemen who desire self-knowledge train. ",
  "an3.88:1.2": "These are all included in the three trainings. ",
  "an3.88:1.3": "What three? ",
  "an3.88:1.4": "The training in the higher ethics, the higher mind, and the higher wisdom. ",
  "an3.88:1.5": "These are the three trainings that include them all. ",
  "an3.88:2.1": "Take the case of a mendicant who has fulfilled their ethics, immersion, and wisdom. ",
  "an3.88:2.2": "They break some lesser and minor training rules, but are restored. ",
  "an3.88:2.3": "Why is that? ",
  "an3.88:2.4": "Because I don’t say they’re incapable of that. ",
  "an3.88:2.5": "But they’re constant and steady in their precepts regarding the training rules that are fundamental, befitting the spiritual path. They keep the rules they’ve undertaken. ",
  "an3.88:2.6": "They realize the undefiled freedom of heart and freedom by wisdom in this very life. And they live having realized it with their own insight due to the ending of defilements. ",
  "an3.88:2.7": "If they don’t penetrate so far, with the ending of the five lower fetters they’re extinguished between one life and the next. ",
  "an3.88:2.8": "If they don’t penetrate so far, with the ending of the five lower fetters they’re extinguished upon landing. ",
  "an3.88:2.9": "If they don’t penetrate so far, with the ending of the five lower fetters they’re extinguished without extra effort. ",
  "an3.88:2.10": "If they don’t penetrate so far, with the ending of the five lower fetters they’re extinguished with extra effort. ",
  "an3.88:2.11": "If they don’t penetrate so far, with the ending of the five lower fetters they head upstream, going to the Akaniṭṭha realm. ",
  "an3.88:2.12": "If they don’t penetrate so far, with the ending of three fetters, and the weakening of greed, hate, and delusion, they’re a once-returner. They come back to this world once only, then make an end of suffering. ",
  "an3.88:2.13": "If they don’t penetrate so far, with the ending of three fetters, they’re a one-seeder. They will be reborn just one time in a human existence, then make an end of suffering. ",
  "an3.88:2.14": "If they don’t penetrate so far, with the ending of three fetters, they go from family to family. They will transmigrate between two or three families and then make an end of suffering. ",
  "an3.88:2.15": "If they don’t penetrate so far, with the ending of three fetters, they have at most seven rebirths. They will transmigrate at most seven times among gods and humans and then make an end of suffering. ",
  "an3.88:3.1": "So, mendicants, if you practice fully you succeed fully. If you practice partially you succeed partially. ",
  "an3.88:3.2": "But in any case, these training rules are not a waste, I say.” "
}