{
  "an3.119:0.1": "Numbered Discourses 3.119 ",
  "an3.119:0.2": "12. Bound for Loss ",
  "an3.119:0.3": "Action ",
  "an3.119:1.1": "“Mendicants, there are three failures. ",
  "an3.119:1.2": "What three? ",
  "an3.119:1.3": "Failure in action, livelihood, and view. ",
  "an3.119:1.4": "And what is failure in action? ",
  "an3.119:1.5": "It’s when someone kills living creatures, steals, commits sexual misconduct, and uses speech that’s false, divisive, harsh, or nonsensical. ",
  "an3.119:1.6": "This is called ‘failure in action’. ",
  "an3.119:2.1": "And what is failure in livelihood? ",
  "an3.119:2.2": "It’s when a noble disciple has wrong livelihood and earns a living by wrong livelihood. ",
  "an3.119:2.3": "This is called ‘failure in livelihood’. ",
  "an3.119:3.1": "And what is failure in view? ",
  "an3.119:3.2": "It’s when someone has wrong view, a distorted perspective, such as: ",
  "an3.119:3.3": "‘There’s no meaning in giving, sacrifice, or offerings. There’s no fruit or result of good and bad deeds. There’s no afterlife. There’s no such thing as mother and father, or beings that are reborn spontaneously. And there’s no ascetic or brahmin who is rightly comported and rightly practiced, and who describes the afterlife after realizing it with their own insight.’ ",
  "an3.119:3.4": "This is called ‘failure in view’. ",
  "an3.119:3.5": "These are the three failures. ",
  "an3.119:4.1": "There are three accomplishments. ",
  "an3.119:4.2": "What three? ",
  "an3.119:4.3": "Accomplishment in action, livelihood, and view. ",
  "an3.119:4.4": "And what is accomplishment in action? ",
  "an3.119:4.5": "It’s when someone doesn’t kill living creatures, steal, commit sexual misconduct, or use speech that’s false, divisive, harsh, or nonsensical. ",
  "an3.119:4.6": "This is called ‘accomplishment in action’. ",
  "an3.119:5.1": "And what is accomplishment in livelihood? ",
  "an3.119:5.2": "It’s when a noble disciple has right livelihood and earns a living by right livelihood. ",
  "an3.119:5.3": "This is called ‘accomplishment in livelihood’. ",
  "an3.119:6.1": "And what is accomplishment in view? ",
  "an3.119:6.2": "It’s when someone has right view, an undistorted perspective, such as: ",
  "an3.119:6.3": "‘There is meaning in giving, sacrifice, and offerings. There are fruits and results of good and bad deeds. There is an afterlife. There are such things as mother and father, and beings that are reborn spontaneously. And there are ascetics and brahmins who are rightly comported and rightly practiced, and who describe the afterlife after realizing it with their own insight.’ ",
  "an3.119:6.4": "This is called ‘accomplishment in view’. ",
  "an3.119:6.5": "These are the three accomplishments.” "
}