{
  "an3.31:0.1": "Numbered Discourses 3.31 ",
  "an3.31:0.2": "4. Messengers of the Gods ",
  "an3.31:0.3": "With Divinity ",
  "an3.31:1.1": "“Mendicants, a family where the children honor their parents in their home is said to live with divinity. ",
  "an3.31:1.2": "A family where the children honor their parents in their home is said to live with the first tutors. ",
  "an3.31:1.3": "A family where the children honor their parents in their home is said to live with those worthy of offerings dedicated to the gods. ",
  "an3.31:1.4": "‘Divinity’ is a term for your parents. ",
  "an3.31:1.5": "‘First tutors’ is a term for your parents. ",
  "an3.31:1.6": "‘Worthy of offerings dedicated to the gods’ is a term for your parents. ",
  "an3.31:1.7": "Why is that? ",
  "an3.31:1.8": "Parents are very helpful to their children, they raise them, nurture them, and show them the world. ",
  "an3.31:2.1": "Parents are said to be ‘divinity’ ",
  "an3.31:2.2": "and ‘first tutors’, it’s said. ",
  "an3.31:2.3": "They’re worthy of offerings dedicated to the gods <j>from their children, ",
  "an3.31:2.4": "for they love their offspring. ",
  "an3.31:3.1": "Therefore an astute person ",
  "an3.31:3.2": "would revere them and honor them ",
  "an3.31:3.3": "with food and drink, ",
  "an3.31:3.4": "clothes and bedding, ",
  "an3.31:3.5": "anointing and bathing, ",
  "an3.31:3.6": "and by washing their feet. ",
  "an3.31:4.1": "Because they look after ",
  "an3.31:4.2": "their parents like this, ",
  "an3.31:4.3": "in this life they’re praised by the astute, ",
  "an3.31:4.4": "and they depart to rejoice in heaven.” "
}