{
  "an3.153:0.1": "Numbered Discourses 3.153 ",
  "an3.153:0.2": "15. Good Fortune ",
  "an3.153:0.3": "Broken (4th) ",
  "an3.153:1.1": "“When a foolish, incompetent untrue person has three qualities they keep themselves broken and damaged. … ",
  "an3.153:1.2": "Impure deeds by way of body, speech, and mind. … ",
  "an3.153:2.1": "When an astute, competent true person has three qualities they keep themselves intact and unscathed. … ",
  "an3.153:2.2": "Pure deeds by way of body, speech, and mind. …” ",
  "an3.153:2.3": ""
}