{
  "an3.36:0.1": "Numbered Discourses 3.36 ",
  "an3.36:0.2": "4. Messengers of the Gods ",
  "an3.36:0.3": "Messengers of the Gods ",
  "an3.36:1.1": "“There are, mendicants, these three messengers of the gods. ",
  "an3.36:1.2": "What three? ",
  "an3.36:1.3": "Firstly, someone does bad things by way of body, speech, and mind. ",
  "an3.36:1.4": "When their body breaks up, after death, they’re reborn in a place of loss, a bad place, the underworld, hell. ",
  "an3.36:1.5": "The wardens of hell take them by the arms and present them to King Yama, saying: ",
  "an3.36:1.6": "‘Your Majesty, this person did not pay due respect to their mother and father, ascetics and brahmins, or honor the elders in the family. ",
  "an3.36:1.7": "May Your Majesty punish them!’ ",
  "an3.36:2.1": "Then King Yama pursues, presses, and grills them about the first messenger of the gods: ",
  "an3.36:2.2": "‘Worthy man, did you not see the first messenger of the gods that appeared among human beings?’ ",
  "an3.36:2.3": "They say, ",
  "an3.36:2.4": "‘I saw nothing, sir.’ ",
  "an3.36:3.1": "King Yama says to them, ",
  "an3.36:3.2": "‘Worthy man, did you not see among human beings an elderly woman or a man—eighty, ninety, or a hundred years old—bent double, crooked, leaning on a staff, trembling as they walk, ailing, past their prime, with teeth broken, hair grey and scanty or bald, skin wrinkled, and limbs blotchy?’ ",
  "an3.36:3.3": "They say, ",
  "an3.36:3.4": "‘I saw that, sir.’ ",
  "an3.36:4.1": "King Yama says to them, ",
  "an3.36:4.2": "‘Worthy man, did it not occur to you—being sensible and mature—",
  "an3.36:4.3": "“I, too, am liable to grow old. I’m not exempt from old age. I’d better do good by way of body, speech, and mind”?’ ",
  "an3.36:4.4": "They say, ",
  "an3.36:4.5": "‘I couldn’t, sir. I was negligent.’ ",
  "an3.36:5.1": "King Yama says to them, ",
  "an3.36:5.2": "‘Worthy man, because you were negligent, you didn’t do good by way of body, speech, and mind. ",
  "an3.36:5.3": "Indeed, they’ll definitely punish you to fit your negligence. ",
  "an3.36:5.4": "That bad deed wasn’t done by your mother, father, brother, or sister. It wasn’t done by friends and colleagues, by relatives and kin, by the deities, or by ascetics and brahmins. ",
  "an3.36:5.5": "That bad deed was done by you alone, and you alone will experience the result.’ ",
  "an3.36:6.1": "Then King Yama grills them about the second messenger of the gods: ",
  "an3.36:6.2": "‘Worthy man, did you not see the second messenger of the gods that appeared among human beings?’ ",
  "an3.36:6.3": "They say, ",
  "an3.36:6.4": "‘I saw nothing, sir.’ ",
  "an3.36:6.5": "King Yama says to them, ",
  "an3.36:6.6": "‘Worthy man, did you not see among human beings a woman or a man, sick, suffering, gravely ill, collapsed in their own urine and feces, being picked up by some and put down by others?’ ",
  "an3.36:6.7": "They say, ",
  "an3.36:6.8": "‘I saw that, sir.’ ",
  "an3.36:7.1": "King Yama says to them, ",
  "an3.36:7.2": "‘Worthy man, did it not occur to you—being sensible and mature—",
  "an3.36:7.3": "“I, too, am liable to become sick. I’m not exempt from sickness. I’d better do good by way of body, speech, and mind”?’ ",
  "an3.36:7.4": "They say, ",
  "an3.36:7.5": "‘I couldn’t, sir. I was negligent.’ ",
  "an3.36:8.1": "King Yama says to them, ",
  "an3.36:8.2": "‘Worthy man, because you were negligent, you didn’t do good by way of body, speech, and mind. ",
  "an3.36:8.3": "Well, they’ll definitely punish you to fit your negligence. ",
  "an3.36:8.4": "That bad deed wasn’t done by your mother, father, brother, or sister. It wasn’t done by friends and colleagues, by relatives and kin, by the deities, or by ascetics and brahmins. ",
  "an3.36:8.5": "That bad deed was done by you alone, and you alone will experience the result.’ ",
  "an3.36:9.1": "Then King Yama grills them about the third messenger of the gods: ",
  "an3.36:9.2": "‘Worthy man, did you not see the third messenger of the gods that appeared among human beings?’ ",
  "an3.36:9.3": "They say, ",
  "an3.36:9.4": "‘I saw nothing, sir.’ ",
  "an3.36:10.1": "King Yama says to them, ",
  "an3.36:10.2": "‘Worthy man, did you not see among human beings a woman or a man, dead for one, two, or three days, bloated, livid, and festering?’ ",
  "an3.36:10.3": "They say, ",
  "an3.36:10.4": "‘I saw that, sir.’ ",
  "an3.36:11.1": "King Yama says to them, ",
  "an3.36:11.2": "‘Worthy man, did it not occur to you—being sensible and mature—",
  "an3.36:11.3": "“I, too, am liable to die. I’m not exempt from death. I’d better do good by way of body, speech, and mind”?’ ",
  "an3.36:11.4": "They say, ",
  "an3.36:11.5": "‘I couldn’t, sir. I was negligent.’ ",
  "an3.36:12.1": "King Yama says to them, ",
  "an3.36:12.2": "‘Worthy man, because you were negligent, you didn’t do good by way of body, speech, and mind. ",
  "an3.36:12.3": "Well, they’ll definitely punish you to fit your negligence. ",
  "an3.36:12.4": "That bad deed wasn’t done by your mother, father, brother, or sister. It wasn’t done by friends and colleagues, by relatives and kin, by the deities, or by ascetics and brahmins. ",
  "an3.36:12.5": "That bad deed was done by you alone, and you alone will experience the result.’ ",
  "an3.36:13.1": "After grilling them about the third messenger of the gods, King Yama falls silent. ",
  "an3.36:13.2": "The wardens of hell punish them with the five-fold crucifixion. ",
  "an3.36:13.3": "They drive red-hot stakes through the hands and feet, and another in the middle of the chest. ",
  "an3.36:13.4": "And there they suffer painful, sharp, severe, acute feelings—but they don’t die until that bad deed is eliminated. ",
  "an3.36:14.1": "The wardens of hell throw them down and hack them with axes. … ",
  "an3.36:14.2": "",
  "an3.36:15.1": "They hang them upside-down and hack them with hatchets. … ",
  "an3.36:15.2": "They harness them to a chariot, and drive them back and forth across burning ground, blazing and glowing. … ",
  "an3.36:15.3": "They make them climb up and down a huge mountain of burning coals, blazing and glowing. … ",
  "an3.36:15.4": "The wardens of hell turn them upside down and throw them in a red-hot copper pot, burning, blazing, and glowing. ",
  "an3.36:15.5": "There they’re seared in boiling scum, and they’re swept up and down and round and round. ",
  "an3.36:15.6": "And there they suffer painful, sharp, severe, acute feelings—but they don’t die until that bad deed is eliminated. ",
  "an3.36:15.7": "The wardens of hell toss them into the Great Hell. ",
  "an3.36:15.8": "Now, about that Great Hell: ",
  "an3.36:16.1": "‘Four are its corners, four its doors, ",
  "an3.36:16.2": "neatly divided section by section. ",
  "an3.36:16.3": "Surrounded by an iron wall, ",
  "an3.36:16.4": "of iron is its roof. ",
  "an3.36:17.1": "The ground is even made of iron, ",
  "an3.36:17.2": "it burns with fierce fire. ",
  "an3.36:17.3": "The heat forever radiates ",
  "an3.36:17.4": "a hundred leagues around.’ ",
  "an3.36:18.1": "Once upon a time, King Yama thought, ",
  "an3.36:18.2": "‘Those who do such bad deeds in the world receive these many different punishments. ",
  "an3.36:18.3": "Oh, I hope I may be reborn as a human being! And that a Realized One—a perfected one, a fully awakened Buddha—arises in the world! And that I may pay homage to the Buddha! ",
  "an3.36:18.4": "Then the Buddha can teach me Dhamma, so that I may understand his teaching.’ ",
  "an3.36:18.5": "Now, I don’t say this because I’ve heard it from some other ascetic or brahmin. I only say it because I’ve known, seen, and realized it for myself. ",
  "an3.36:19.1": "When warned by the gods’ messengers, ",
  "an3.36:19.2": "those sons of Manu who are negligent ",
  "an3.36:19.3": "sorrow for a long time ",
  "an3.36:19.4": "when they go to that wretched place. ",
  "an3.36:20.1": "When warned by the gods’ messengers, ",
  "an3.36:20.2": "the good and true persons here, ",
  "an3.36:20.3": "never neglect ",
  "an3.36:20.4": "the teaching of the Noble One. ",
  "an3.36:21.1": "Seeing the peril in grasping, ",
  "an3.36:21.2": "the origin of birth and death, ",
  "an3.36:21.3": "the unattached are freed ",
  "an3.36:21.4": "with the ending of birth and death. ",
  "an3.36:22.1": "Happy, they’ve come to a safe place, ",
  "an3.36:22.2": "quenched in this very life. ",
  "an3.36:22.3": "They’ve gone beyond all threats and perils, ",
  "an3.36:22.4": "and risen above all suffering.” "
}