{
  "an3.144:0.1": "Numbered Discourses 3.144 ",
  "an3.144:0.2": "14. A Warrior ",
  "an3.144:0.3": "At the Peacocks’ Feeding Ground (2nd) ",
  "an3.144:1.1": "“Mendicants, a mendicant who has three qualities has reached the ultimate end, the ultimate sanctuary from the yoke, the ultimate spiritual life, the ultimate goal. They are the best among gods and humans. ",
  "an3.144:1.2": "What three? ",
  "an3.144:1.3": "A demonstration of psychic power, a demonstration of revealing, and a demonstration of instruction. ",
  "an3.144:1.4": "A mendicant with these three qualities has reached the ultimate end, the ultimate sanctuary from the yoke, the ultimate spiritual life, the ultimate goal. They are the best among gods and humans.” "
}