{
  "an3.114:0.1": "Numbered Discourses 3.114 ",
  "an3.114:0.2": "12. Bound for Loss ",
  "an3.114:0.3": "Rare ",
  "an3.114:1.1": "“Mendicants, the appearance of three individuals is rare in the world. ",
  "an3.114:1.2": "What three? ",
  "an3.114:1.3": "A Realized One, a perfected one, a fully awakened Buddha. A teacher of the teaching and training proclaimed by a Realized One. An individual who is grateful and thankful. ",
  "an3.114:1.4": "The appearance of these three individuals is rare in the world.” "
}