{
  "an3.102:0.1": "Numbered Discourses 3.102 ",
  "an3.102:0.2": "10. A Lump of Salt ",
  "an3.102:0.3": "Basis ",
  "an3.102:1.1": "“Mendicants, a mendicant committed to the higher mind should focus on three bases from time to time: ",
  "an3.102:1.2": "the basis of immersion, the basis of exertion, and the basis of equanimity. ",
  "an3.102:1.3": "If a mendicant dedicated to the higher mind focuses solely on the basis of immersion, it’s likely their mind will incline to laziness. ",
  "an3.102:1.4": "If they focus solely on the basis of exertion, it’s likely their mind will incline to restlessness. ",
  "an3.102:1.5": "If they focus solely on the basis of equanimity, it’s likely their mind won’t properly become immersed in samādhi for the ending of defilements. ",
  "an3.102:1.6": "But when a mendicant dedicated to the higher mind focuses from time to time on the basis of immersion, the basis of exertion, and the basis of equanimity, their mind becomes pliable, workable, and radiant, not brittle, and has become rightly immersed in samādhi for the ending of defilements. ",
  "an3.102:2.1": "It’s like when a goldsmith or a goldsmith’s apprentice prepares a forge, fires the crucible, picks up some native gold with tongs and puts it in the crucible. From time to time they fan it, from time to time they sprinkle water on it, and from time to time they just watch over it. ",
  "an3.102:2.2": "If they solely fanned it, the native gold would likely be scorched. ",
  "an3.102:2.3": "If they solely sprinkled water on it, the native gold would likely cool down. ",
  "an3.102:2.4": "If they solely watched over it, the native gold would likely not be properly processed. ",
  "an3.102:2.5": "But when that goldsmith fans it from time to time, sprinkles water on it from time to time, and watches over it from time to time, that native gold becomes pliable, workable, and radiant, not brittle, and is ready to be worked. ",
  "an3.102:2.6": "Then the goldsmith can successfully create any kind of ornament they want, whether a bracelet, earrings, a necklace, or a golden garland. ",
  "an3.102:3.1": "In the same way, a mendicant committed to the higher mind should focus on three bases from time to time: ",
  "an3.102:3.2": "the basis of immersion, the basis of exertion, and the basis of equanimity. … ",
  "an3.102:3.3": "",
  "an3.102:3.4": "",
  "an3.102:3.5": "",
  "an3.102:3.6": "When a mendicant dedicated to the higher mind focuses from time to time on the basis of immersion, the basis of exertion, and the basis of equanimity, their mind becomes pliable, workable, and radiant, not brittle, and has become rightly immersed in samādhi for the ending of defilements. ",
  "an3.102:3.7": "They extend the mind to realize by insight each and every thing that can be realized by insight; and they are capable of realizing those things, since each and every one is within range. ",
  "an3.102:4.1": "If they wish: ‘May I wield the many kinds of psychic power’ … ",
  "an3.102:4.2": "‘With clairaudience that is purified and superhuman, may I hear both kinds of sounds, human and divine, whether near or far.’ … ",
  "an3.102:4.3": "‘May I recollect many kinds of past lives.’ … ",
  "an3.102:4.4": "‘With clairvoyance that is purified and superhuman, may I see sentient beings passing away and being reborn.’ … ",
  "an3.102:4.5": "‘May I realize the undefiled freedom of heart and freedom by wisdom in this very life, and live having realized it with my own insight due to the ending of defilements.’ ",
  "an3.102:4.6": "They are capable of realizing these things, since each and every one is within range.” ",
  "an3.102:4.7": "",
  "an3.102:4.8": "",
  "an3.102:5.1": "",
  "an3.102:5.2": "",
  "an3.102:5.3": "",
  "an3.102:5.4": ""
}