{
  "an3.15:0.1": "Numbered Discourses 3.15 ",
  "an3.15:0.2": "2. The Chariot-Maker ",
  "an3.15:0.3": "About Pacetana ",
  "an3.15:1.1": "At one time the Buddha was staying near Varanasi, in the deer park at Isipatana. ",
  "an3.15:1.2": "There the Buddha addressed the mendicants, ",
  "an3.15:1.3": "“Mendicants!” ",
  "an3.15:1.4": "“Venerable sir,” they replied. ",
  "an3.15:1.5": "The Buddha said this: ",
  "an3.15:2.1": "“Once upon a time there was a king named Pacetana. ",
  "an3.15:2.2": "Then King Pacetana addressed his chariot-maker, ",
  "an3.15:2.3": "‘In six months’ time, my good chariot-maker, there will be a battle. ",
  "an3.15:2.4": "Are you able to make me a new pair of wheels?’ ",
  "an3.15:2.5": "‘I can, Your Majesty,’ replied the chariot-maker. ",
  "an3.15:2.6": "Then, when it was six days less than six months later, the chariot-maker had finished one wheel. ",
  "an3.15:2.7": "Then King Pacetana addressed his chariot-maker, ",
  "an3.15:2.8": "‘In six days’ time there will be a battle. Is my new pair of wheels finished?’ ",
  "an3.15:2.9": "‘Now that it is six days less than six months, Your Majesty, I have finished one wheel.’ ",
  "an3.15:2.10": "‘Are you able to finish the second wheel in these six days?’ ",
  "an3.15:2.11": "Saying, ‘I can, Your Majesty,’ the chariot-maker finished the second wheel in six days. Taking the pair of wheels he went up to King Pacetana, and said this to the king, ",
  "an3.15:2.12": "‘Your Majesty, these are your two new wheels, finished.’ ",
  "an3.15:2.13": "‘But, my good chariot-maker, what is the difference between the wheel that was finished in six days less than six months, and the wheel finished in just six days? ",
  "an3.15:2.14": "Because I can’t see any difference between them.’ ",
  "an3.15:2.15": "‘But, Your Majesty, there is a difference. ",
  "an3.15:2.16": "See now what it is.’ ",
  "an3.15:3.1": "Then the chariot-maker rolled forth the wheel that had been finished in six days. ",
  "an3.15:3.2": "It rolled as far as the original impetus took it, then wobbled and fell down. ",
  "an3.15:3.3": "Then he rolled forth the wheel that had been finished in six days less than six months. ",
  "an3.15:3.4": "It rolled as far as the original impetus took it, then stood still as if fixed to an axle. ",
  "an3.15:4.1": "‘But what is the cause, my good chariot-maker, what is the reason why the wheel that was finished in six days wobbled and fell, ",
  "an3.15:4.2": "while the one that was finished in six days less than six months stood still as if fixed to an axle?’ ",
  "an3.15:4.3": "‘The wheel that was finished in six days, Your Majesty, is crooked, flawed, and defective in rim, spoke, and hub. ",
  "an3.15:4.4": "That’s why it wobbled and fell. ",
  "an3.15:4.5": "The wheel that was finished in six days less than six months, Your Majesty, is not crooked, flawed, and defective in rim, spoke, and hub. ",
  "an3.15:4.6": "That’s why it stood still as if fixed to an axle.’ ",
  "an3.15:5.1": "Now, mendicants, you might think: ",
  "an3.15:5.2": "‘Surely that chariot-maker must have been someone else at that time?’ ",
  "an3.15:5.3": "But you should not see it like that. ",
  "an3.15:5.4": "I myself was the chariot-maker at that time. ",
  "an3.15:5.5": "Then I was skilled in the crooks, flaws, and defects of wood. ",
  "an3.15:5.6": "Now that I am a perfected one, a fully awakened Buddha, I am skilled in the crooks, flaws, and defects of actions by body, speech, and mind. ",
  "an3.15:5.7": "Whatever monk or nun has not given up the crooks, flaws, and defects of body, speech, and mind has fallen from the teaching and training, just like the wheel that was finished in six days. ",
  "an3.15:6.1": "Whatever monk or nun has given up the crooks, flaws, and defects of body, speech, and mind is established in the teaching and training, just like the wheel that was finished in six days less than six months. ",
  "an3.15:7.1": "So you should train like this: ",
  "an3.15:7.2": "‘We will give up the crooks, flaws, and defects of body, speech, and mind.’ ",
  "an3.15:7.3": "That’s how you should train.” "
}