{
  "an3.117:0.1": "Numbered Discourses 3.117 ",
  "an3.117:0.2": "12. Bound for Loss ",
  "an3.117:0.3": "Failures and Accomplishments ",
  "an3.117:1.1": "“Mendicants, there are three failures. ",
  "an3.117:1.2": "What three? ",
  "an3.117:1.3": "Failure in ethics, mind, and view. ",
  "an3.117:1.4": "And what is failure in ethics? ",
  "an3.117:1.5": "It’s when someone kills living creatures, steals, commits sexual misconduct, and uses speech that’s false, divisive, harsh, or nonsensical. ",
  "an3.117:1.6": "This is called ‘failure in ethics’. ",
  "an3.117:2.1": "And what is failure in mind? ",
  "an3.117:2.2": "It’s when someone is covetous and malicious. ",
  "an3.117:2.3": "This is called ‘failure in mind’. ",
  "an3.117:3.1": "And what is failure in view? ",
  "an3.117:3.2": "It’s when someone has wrong view, a distorted perspective, such as: ",
  "an3.117:3.3": "‘There’s no meaning in giving, sacrifice, or offerings. There’s no fruit or result of good and bad deeds. There’s no afterlife. There’s no such thing as mother and father, or beings that are reborn spontaneously. And there’s no ascetic or brahmin who is rightly comported and rightly practiced, and who describes the afterlife after realizing it with their own insight.’ ",
  "an3.117:3.4": "This is called ‘failure in view’. ",
  "an3.117:3.5": "Some sentient beings, when their body breaks up, after death, are reborn in a place of loss, a bad place, the underworld, hell because of failure in ethics, ",
  "an3.117:3.6": "mind, ",
  "an3.117:3.7": "or view. ",
  "an3.117:3.8": "These are the three failures. ",
  "an3.117:4.1": "There are three accomplishments. ",
  "an3.117:4.2": "What three? ",
  "an3.117:4.3": "Accomplishment in ethics, mind, and view. ",
  "an3.117:5.1": "And what is accomplishment in ethics? ",
  "an3.117:5.2": "It’s when someone doesn’t kill living creatures, steal, commit sexual misconduct, or use speech that’s false, divisive, harsh, or nonsensical. ",
  "an3.117:5.3": "This is called accomplishment in ethics. ",
  "an3.117:6.1": "And what is accomplishment in mind? ",
  "an3.117:6.2": "It’s when someone is content and kind-hearted. ",
  "an3.117:6.3": "This is called accomplishment in mind. ",
  "an3.117:7.1": "And what is accomplishment in view? ",
  "an3.117:7.2": "It’s when someone has right view, an undistorted perspective, such as: ",
  "an3.117:7.3": "‘There is meaning in giving, sacrifice, and offerings. There are fruits and results of good and bad deeds. There is an afterlife. There are such things as mother and father, and beings that are reborn spontaneously. And there are ascetics and brahmins who are rightly comported and rightly practiced, and who describe the afterlife after realizing it with their own insight.’ ",
  "an3.117:7.4": "This is called accomplishment in view. ",
  "an3.117:7.5": "Some sentient beings, when their body breaks up, after death, are reborn in a good place, a heavenly realm because of accomplishment in ethics, ",
  "an3.117:7.6": "mind, ",
  "an3.117:7.7": "or view. ",
  "an3.117:7.8": "These are the three accomplishments.” "
}