{
  "an3.25:0.1": "Numbered Discourses 3.25 ",
  "an3.25:0.2": "3. Individuals ",
  "an3.25:0.3": "Like Diamond ",
  "an3.25:1.1": "“These three individuals are found in the world. ",
  "an3.25:1.2": "What three? ",
  "an3.25:1.3": "An individual with a mind like an open sore, an individual with a mind like lightning, and an individual with a mind like diamond. ",
  "an3.25:1.4": "And who has a mind like an open sore? ",
  "an3.25:1.5": "It’s an individual who is irritable and bad-tempered. ",
  "an3.25:1.6": "Even when lightly criticized they lose their temper, becoming annoyed, hostile, and hard-hearted, and they display annoyance, hate, and bitterness. ",
  "an3.25:1.7": "They’re like a festering sore, which, when you hit it with a stick or a stone, discharges even more. ",
  "an3.25:1.8": "In the same way, an individual is irritable and bad-tempered. ",
  "an3.25:1.9": "Even when lightly criticized they lose their temper, becoming annoyed, hostile, and hard-hearted, and they display annoyance, hate, and bitterness. ",
  "an3.25:1.10": "This is called an individual with a mind like an open sore. ",
  "an3.25:2.1": "And who has a mind like lightning? ",
  "an3.25:2.2": "It’s an individual who truly understands: ‘This is suffering’ … ‘This is the origin of suffering’ … ‘This is the cessation of suffering’ … ‘This is the practice that leads to the cessation of suffering’. ",
  "an3.25:2.3": "They’re like a person with keen eyes in the dark of the night, who sees by a flash of lightning. ",
  "an3.25:2.4": "In the same way, an individual truly understands: ‘This is suffering’ … ‘This is the origin of suffering’ … ‘This is the cessation of suffering’ … ‘This is the practice that leads to the cessation of suffering’. ",
  "an3.25:2.5": "This is called an individual with a mind like lightning. ",
  "an3.25:3.1": "And who has a mind like diamond? ",
  "an3.25:3.2": "It’s an individual who realizes the undefiled freedom of heart and freedom by wisdom in this very life. And they live having realized it with their own insight due to the ending of defilements. ",
  "an3.25:3.3": "It’s like a diamond, which can’t be cut by anything at all, not even a gem or a stone. ",
  "an3.25:3.4": "In the same way, an individual realizes the undefiled freedom of heart and freedom by wisdom in this very life. … ",
  "an3.25:3.5": "This is called an individual with a mind like diamond. ",
  "an3.25:3.6": "These are the three individuals found in the world.” "
}