{
  "an3.94:0.1": "Numbered Discourses 3.94 ",
  "an3.94:0.2": "10. A Lump of Salt ",
  "an3.94:0.3": "Autumn ",
  "an3.94:1.1": "“In the autumn, the heavens are sunny and cloudless. And as the sun is rising to the firmament, having dispelled all the darkness of space, it shines and glows and radiates. ",
  "an3.94:2.1": "In the same way, when the stainless, immaculate vision of the teaching arises in a noble disciple, three fetters are given up: ",
  "an3.94:2.2": "substantialist view, doubt, and misapprehension of precepts and observances. ",
  "an3.94:3.1": "Afterwards they get rid of two things: covetousness and ill will. ",
  "an3.94:3.2": "Quite secluded from sensual pleasures, secluded from unskillful qualities, they enter and remain in the first absorption, which has the rapture and bliss born of seclusion, while placing the mind and keeping it connected. ",
  "an3.94:3.3": "If that noble disciple passed away at that time, they’re bound by no fetter that might return them to this world.” "
}