{
  "an3.1:0.1": "Numbered Discourses 3.1 ",
  "an3.1:0.2": "1. Fools ",
  "an3.1:0.3": "Perils ",
  "an3.1:1.1": "So I have heard. ",
  "an3.1:1.2": "At one time the Buddha was staying near Sāvatthī in Jeta’s Grove, Anāthapiṇḍika’s monastery. ",
  "an3.1:1.3": "There the Buddha addressed the mendicants, ",
  "an3.1:1.4": "“Mendicants!” ",
  "an3.1:1.5": "“Venerable sir,” they replied. ",
  "an3.1:1.6": "The Buddha said this: ",
  "an3.1:2.1": "“Whatever dangers there are, all come from the foolish, not from the astute. ",
  "an3.1:2.2": "Whatever perils there are, all come from the foolish, not from the astute. ",
  "an3.1:2.3": "Whatever hazards there are, all come from the foolish, not from the astute. ",
  "an3.1:2.4": "It’s like a fire that spreads from a hut made of reeds or grass, and burns down even a bungalow, plastered inside and out, draft-free, with doors fastened and windows shuttered. ",
  "an3.1:2.5": "In the same way, whatever dangers there are, all come from the foolish, not from the astute. ",
  "an3.1:2.6": "Whatever perils there are, all come from the foolish, not from the astute. ",
  "an3.1:2.7": "Whatever hazards there are, all come from the foolish, not from the astute. ",
  "an3.1:3.1": "So, the fool is dangerous, but the astute person is safe. ",
  "an3.1:3.2": "The fool is perilous, but the astute person is not. ",
  "an3.1:3.3": "The fool is hazardous, but the astute person is not. ",
  "an3.1:3.4": "There’s no danger, peril, or hazard that comes from the astute. ",
  "an3.1:4.1": "So you should train like this: ",
  "an3.1:4.2": "‘We will shun the three things by which a fool is known, and we will undertake and follow the three things by which an astute person is known.’ ",
  "an3.1:4.3": "That’s how you should train.” "
}