{
  "an3.34:0.1": "Numbered Discourses 3.34 ",
  "an3.34:0.2": "4. Messengers of the Gods ",
  "an3.34:0.3": "Sources ",
  "an3.34:1.1": "“Mendicants, there are these three sources that give rise to deeds. ",
  "an3.34:1.2": "What three? ",
  "an3.34:1.3": "Greed, hate, and delusion are sources that give rise to deeds. ",
  "an3.34:2.1": "Any deed that emerges from greed—born, sourced, and originated from greed—ripens where that new incarnation is born. ",
  "an3.34:2.2": "And wherever that deed ripens, its result is experienced—either in the present life, or in the next life, or in some subsequent period. ",
  "an3.34:3.1": "Any deed that emerges from hate—born, sourced, and originated from hate—ripens where that new incarnation is born. ",
  "an3.34:3.2": "And wherever that deed ripens, its result is experienced—either in the present life, or in the next life, or in some subsequent period. ",
  "an3.34:4.1": "Any deed that emerges from delusion—born, sourced, and originated from delusion—ripens where that new incarnation is born. ",
  "an3.34:4.2": "And wherever that deed ripens, its result is experienced—either in the present life, or in the next life, or in some subsequent period. ",
  "an3.34:5.1": "Suppose some seeds were intact, unspoiled, not weather-damaged, fertile, and well-kept. They’re sown in a well-prepared, productive field, ",
  "an3.34:5.2": "and the heavens provide plenty of rain. ",
  "an3.34:5.3": "Then those seeds would grow, increase, and mature. ",
  "an3.34:5.4": "In the same way, any deed that emerges from greed—born, sourced, and originated from greed—ripens where that new incarnation is born. ",
  "an3.34:5.5": "And wherever that deed ripens, its result is experienced—either in the present life, or in the next life, or in some subsequent period. ",
  "an3.34:6.1": "Any deed that emerges from hate … ",
  "an3.34:6.2": "Any deed that emerges from delusion—born, sourced, and originated from delusion—ripens where that new incarnation is born. ",
  "an3.34:6.3": "And wherever that deed ripens, its result is experienced—either in the present life, or in the next life, or in some subsequent period. ",
  "an3.34:6.4": "These are three sources that give rise to deeds. ",
  "an3.34:7.1": "Mendicants, there are these three sources that give rise to deeds. ",
  "an3.34:7.2": "What three? ",
  "an3.34:7.3": "Contentment, love, and understanding are sources that give rise to deeds. ",
  "an3.34:8.1": "Any deed that emerges from contentment—born, sourced, and originated from contentment—is given up when greed is done away with. It’s cut off at the root, made like a palm stump, obliterated, and unable to arise in the future. ",
  "an3.34:9.1": "Any deed that emerges from love—born, sourced, and originated from love—is abandoned when hate is done away with. It’s cut off at the root, made like a palm stump, obliterated, and unable to arise in the future. ",
  "an3.34:10.1": "Any deed that emerges from understanding—born, sourced, and originated from understanding—is abandoned when delusion is done away with. It’s cut off at the root, made like a palm stump, obliterated, and unable to arise in the future. ",
  "an3.34:11.1": "Suppose some seeds were intact, unspoiled, not damaged by wind and sun, fertile, and well-kept. ",
  "an3.34:11.2": "But someone would burn them with fire, ",
  "an3.34:11.3": "reduce them to ashes, ",
  "an3.34:11.4": "and whisk away the ashes in a strong wind, or glide them down a swift stream. ",
  "an3.34:11.5": "Then those seeds would be cut off at the root, made like a palm stump, obliterated, and unable to arise in the future. ",
  "an3.34:11.6": "In the same way, any deed that emerges from contentment—born, sourced, and originated from contentment—is abandoned when greed is done away with. It’s cut off at the root, made like a palm stump, obliterated, and unable to arise in the future. ",
  "an3.34:12.1": "Any deed that emerges from love … ",
  "an3.34:12.2": "Any deed that emerges from understanding—born, sourced, and originated from understanding—is abandoned when delusion is done away with. ",
  "an3.34:12.3": "It’s cut off at the root, made like a palm stump, obliterated, and unable to arise in the future. ",
  "an3.34:12.4": "These are three sources that give rise to deeds. ",
  "an3.34:13.1": "When an ignorant person acts ",
  "an3.34:13.2": "out of greed, hate, or delusion, ",
  "an3.34:13.3": "any deeds they have done, ",
  "an3.34:13.4": "a little or a lot, ",
  "an3.34:13.5": "are to be experienced right here, ",
  "an3.34:13.6": "not in any other place. ",
  "an3.34:14.1": "So a wise person, ",
  "an3.34:14.2": "a mendicant arousing knowledge ",
  "an3.34:14.3": "of the outcome of greed, hate, and delusion, ",
  "an3.34:14.4": "would abandon all bad destinies.” "
}