{
  "an3.150:0.1": "Numbered Discourses 3.150 ",
  "an3.150:0.2": "15. Good Fortune ",
  "an3.150:0.3": "Broken (1st) ",
  "an3.150:1.1": "“When a foolish, incompetent untrue person has three qualities they keep themselves broken and damaged. They deserve to be blamed and reproved by sensible people, and they brim with much wickedness. ",
  "an3.150:1.2": "What three? ",
  "an3.150:1.3": "Unskillful deeds by way of body, speech, and mind. … ",
  "an3.150:1.4": "",
  "an3.150:2.1": "When an astute, competent true person has three qualities they keep themselves intact and unscathed. They don’t deserve to be blamed and criticized by sensible people, and they brim with much merit. ",
  "an3.150:2.2": "What three? ",
  "an3.150:2.3": "Skillful deeds by way of body, speech, and mind. …” "
}