{
  "an3.39:0.1": "Numbered Discourses 3.39 ",
  "an3.39:0.2": "4. Messengers of the Gods ",
  "an3.39:0.3": "A Delicate Lifestyle ",
  "an3.39:1.1": "“My lifestyle was delicate, mendicants, most delicate, extremely delicate. ",
  "an3.39:1.2": "In my father’s home, lotus ponds were made just for me. ",
  "an3.39:1.3": "In some, blue water lilies blossomed, while in others, there were pink or white lotuses, just for my benefit. ",
  "an3.39:1.4": "I only used sandalwood from Kāsi, and my turbans, jackets, sarongs, and upper robes also came from Kāsi. ",
  "an3.39:1.5": "And a white parasol was held over me night and day, with the thought: ",
  "an3.39:1.6": "‘Don’t let cold, heat, grass, dust, or damp bother him.’ ",
  "an3.39:2.1": "I had three stilt longhouses—one for the winter, one for the summer, and one for the rainy season. ",
  "an3.39:2.2": "I stayed in a stilt longhouse without coming downstairs for the four months of the rainy season, where I was entertained by musicians—none of them men. ",
  "an3.39:2.3": "While the bondservants, workers, and staff in other houses are given rough gruel with false black pepper to eat, in my father’s home they are given fine rice with meat. ",
  "an3.39:3.1": "Amid such prosperity and such a delicate lifestyle, I thought: ",
  "an3.39:3.2": "‘When an unlearned ordinary person—who is liable to grow old, not being exempt from old age—sees someone else who is old, they’re horrified, repelled, and disgusted, overlooking the fact that they themselves are in the same situation. ",
  "an3.39:3.3": "But since I, too, am liable to grow old, it would not be appropriate for me to be horrified, embarrassed, and disgusted, when I see someone else who is old.’ ",
  "an3.39:3.4": "Reflecting like this, I entirely gave up the vanity of youth. ",
  "an3.39:4.1": "‘When an unlearned ordinary person—who is liable to get sick, not being exempt from sickness—sees someone else who is sick, they’re horrified, repelled, and disgusted, overlooking the fact that they themselves are in the same situation. ",
  "an3.39:4.2": "But since I, too, am liable to get sick, it would not be appropriate for me to be horrified, embarrassed, and disgusted, when I see someone else who is sick.’ ",
  "an3.39:4.3": "Reflecting like this, I entirely gave up the vanity of health. ",
  "an3.39:5.1": "‘When an unlearned ordinary person—who is liable to die, not being exempt from death—sees someone else who is dead, they’re horrified, repelled, and disgusted, overlooking the fact that they themselves are in the same situation. ",
  "an3.39:5.2": "But since I, too, am liable to die, it would not be appropriate for me to be horrified, embarrassed, and disgusted, when I see someone else who is dead.’ ",
  "an3.39:5.3": "Reflecting like this, I entirely gave up the vanity of life. ",
  "an3.39:6.1": "There are these three vanities. ",
  "an3.39:6.2": "What three? ",
  "an3.39:6.3": "The vanity of youth, of health, and of life. ",
  "an3.39:6.4": "Intoxicated with the vanity of youth, an unlearned ordinary person does bad things by way of body, speech, and mind. ",
  "an3.39:6.5": "When their body breaks up, after death, they’re reborn in a place of loss, a bad place, the underworld, hell. ",
  "an3.39:6.6": "Intoxicated with the vanity of health … ",
  "an3.39:6.7": "Intoxicated with the vanity of life, an unlearned ordinary person does bad things by way of body, speech, and mind. ",
  "an3.39:6.8": "When their body breaks up, after death, they’re reborn in a place of loss, a bad place, the underworld, hell. ",
  "an3.39:7.1": "Intoxicated with the vanity of youth, health, or life, a mendicant disavows the training and returns to a lesser life. ",
  "an3.39:7.2": "",
  "an3.39:7.3": "",
  "an3.39:8.1": "For others, sickness is natural, ",
  "an3.39:8.2": "and so are old age and death. ",
  "an3.39:8.3": "Though this is how their nature is, ",
  "an3.39:8.4": "ordinary people feel disgusted. ",
  "an3.39:9.1": "If I were to be disgusted ",
  "an3.39:9.2": "with creatures whose nature is such, ",
  "an3.39:9.3": "it would not be appropriate for me, ",
  "an3.39:9.4": "since my life is just the same. ",
  "an3.39:10.1": "Living in such a way, ",
  "an3.39:10.2": "I understood the truth without attachments. ",
  "an3.39:10.3": "I mastered all vanities—",
  "an3.39:10.4": "of health, of youth, ",
  "an3.39:11.1": "and even of life—",
  "an3.39:11.2": "seeing renunciation as sanctuary. ",
  "an3.39:11.3": "Zeal sprang up in me ",
  "an3.39:11.4": "as I looked to extinguishment. ",
  "an3.39:12.1": "Now I’m unable ",
  "an3.39:12.2": "to indulge in sensual pleasures; ",
  "an3.39:12.3": "there’s no turning back, ",
  "an3.39:12.4": "I’m committed to the spiritual life.” "
}