{
  "an3.47:0.1": "Numbered Discourses 3.47 ",
  "an3.47:0.2": "5. The Lesser Chapter ",
  "an3.47:0.3": "Characteristics of the Conditioned ",
  "an3.47:1.1": "“Mendicants, the conditioned has these three characteristics. ",
  "an3.47:1.2": "What three? ",
  "an3.47:1.3": "Arising is evident, vanishing is evident, and change while persisting is evident. ",
  "an3.47:1.4": "These are the three characteristics of the conditioned.” ",
  "an3.47:1.5": "",
  "an3.47:2.0": "Characteristics of the Unconditioned ",
  "an3.47:2.1": "“The unconditioned has these three characteristics. ",
  "an3.47:2.2": "What three? ",
  "an3.47:2.3": "No arising is evident, no vanishing is evident, and no change while persisting is evident. ",
  "an3.47:2.4": "These are the three characteristics of the unconditioned.” "
}