{
  "an3.59:0.1": "Numbered Discourses 3.59 ",
  "an3.59:0.2": "6. Brahmins ",
  "an3.59:0.3": "With Jānussoṇi ",
  "an3.59:1.1": "Then the brahmin Jānussoṇi went up to the Buddha, and exchanged greetings with him. Seated to one side he said to the Buddha: ",
  "an3.59:1.2": "“Worthy Gotama, whoever has a sacrifice, an offering of food for ancestors, a dish of milk-rice prepared for an auspicious ceremony, or a gift to give, should give it to the brahmins who have mastered the three Vedic knowledges.” ",
  "an3.59:1.3": "“But brahmin, how do the brahmins describe a brahmin who is proficient in the three Vedic knowledges?” ",
  "an3.59:1.4": "“Worthy Gotama, it’s when a brahmin is well born on both his mother’s and father’s side, of pure descent, with irrefutable and impeccable genealogy back to the seventh paternal generation. He recites and remembers the hymns, and has mastered the three Vedas, together with their vocabularies and ritual performance, their phonology and word classification, and the testaments as fifth. He knows them word-by-word, and their grammar. He is well versed in cosmology and the marks of a great man. ",
  "an3.59:1.5": "That’s how the brahmins describe a brahmin who is proficient in the three Vedic knowledges.” ",
  "an3.59:2.1": "“Brahmin, a master of three knowledges according to the brahmins is quite different from a master of the three knowledges in the training of the Noble One.” ",
  "an3.59:2.2": "“But worthy Gotama, how is one a master of the three knowledges in the training of the Noble One? ",
  "an3.59:2.3": "Worthy Gotama, please teach me this.” ",
  "an3.59:2.4": "“Well then, brahmin, listen and apply your mind well, I will speak.” ",
  "an3.59:2.5": "“Yes, worthy sir,” Jānussoṇi replied. ",
  "an3.59:2.6": "The Buddha said this: ",
  "an3.59:3.1": "“Brahmin, it’s when a mendicant, quite secluded from sensual pleasures … ",
  "an3.59:3.2": "enters and remains in the fourth absorption. ",
  "an3.59:4.1": "When their mind has become immersed in samādhi like this—purified, bright, flawless, rid of corruptions, pliable, workable, steady, and imperturbable—they extend it toward recollection of past lives. ",
  "an3.59:4.2": "They recollect many kinds of past lives, with features and details. ",
  "an3.59:4.3": "This is the first knowledge that they attain. ",
  "an3.59:4.4": "Ignorance is banished and knowledge has arisen; darkness is banished and light has arisen, as happens for a meditator who is diligent, keen, and resolute. ",
  "an3.59:5.1": "When their mind has become immersed in samādhi like this—purified, bright, flawless, rid of corruptions, pliable, workable, steady, and imperturbable—they extend it toward knowledge of the death and rebirth of sentient beings. ",
  "an3.59:5.2": "With clairvoyance that is purified and surpasses the human, they understand how sentient beings pass on according to their deeds. ",
  "an3.59:5.3": "This is the second knowledge that they attain. ",
  "an3.59:5.4": "Ignorance is banished and knowledge has arisen; darkness is banished and light has arisen, as happens for a meditator who is diligent, keen, and resolute. ",
  "an3.59:6.1": "When their mind has become immersed in samādhi like this—purified, bright, flawless, rid of corruptions, pliable, workable, steady, and imperturbable—they extend it toward knowledge of the ending of defilements. ",
  "an3.59:6.2": "They truly understand: ‘This is suffering’ … ‘This is the origin of suffering’ … ‘This is the cessation of suffering’ … ‘This is the practice that leads to the cessation of suffering’. ",
  "an3.59:6.3": "They truly understand: ‘These are defilements’ … ‘This is the origin of defilements’ … ‘This is the cessation of defilements’ … ‘This is the practice that leads to the cessation of defilements’. ",
  "an3.59:6.4": "Knowing and seeing like this, their mind is freed from the defilements of sensuality, desire to be reborn, and ignorance. ",
  "an3.59:6.5": "When they’re freed, they know they’re freed. ",
  "an3.59:6.6": "They understand: ‘Rebirth is ended, the spiritual journey has been completed, what had to be done has been done, there is nothing further for this place.’ ",
  "an3.59:6.7": "This is the third knowledge that they attain. ",
  "an3.59:6.8": "Ignorance is banished and knowledge has arisen; darkness is banished and light has arisen, as happens for a meditator who is diligent, keen, and resolute. ",
  "an3.59:7.1": "One who is perfect in precepts and observances, ",
  "an3.59:7.2": "resolute and serene, ",
  "an3.59:7.3": "whose mind is mastered, ",
  "an3.59:7.4": "unified, serene; ",
  "an3.59:8.1": "who knows their past lives, ",
  "an3.59:8.2": "sees heaven and places of loss, ",
  "an3.59:8.3": "and has attained the end of rebirth, ",
  "an3.59:8.4": "such a sage has perfect insight. ",
  "an3.59:9.1": "Because of these three knowledges ",
  "an3.59:9.2": "a brahmin is a master of the three knowledges. ",
  "an3.59:9.3": "That’s who I call a three-knowledge master, ",
  "an3.59:9.4": "and not the other <j>who repeats what they are told. ",
  "an3.59:10.1": "This, brahmin, is a master of the three knowledges in the training of the Noble One.” ",
  "an3.59:10.2": "“Worthy Gotama, the master of three knowledges according to the brahmins is quite different from a master of the three knowledges in the training of the Noble One. ",
  "an3.59:10.3": "And, worthy Gotama, a master of three knowledges according to the brahmins is not worth a sixteenth part of a master of the three knowledges in the training of the Noble One. ",
  "an3.59:11.1": "Excellent, worthy Gotama! Excellent! … ",
  "an3.59:11.2": "From this day forth, may the worthy Gotama remember me as a lay follower who has gone for refuge for life.” "
}