{
  "an3.146:0.1": "Numbered Discourses 3.146 ",
  "an3.146:0.2": "15. Good Fortune ",
  "an3.146:0.3": "Unskillful ",
  "an3.146:1.1": "“Someone with three qualities is cast down to hell. ",
  "an3.146:1.2": "What three? ",
  "an3.146:1.3": "Unskillful deeds by way of body, speech, and mind. ",
  "an3.146:1.4": "Someone with these three qualities is cast down to hell. ",
  "an3.146:2.1": "Someone with three qualities is raised up to heaven. ",
  "an3.146:2.2": "What three? ",
  "an3.146:2.3": "Skillful deeds by way of body, speech, and mind. ",
  "an3.146:2.4": "Someone with these three qualities is raised up to heaven.” "
}