{
  "an3.23:0.1": "Numbered Discourses 3.23 ",
  "an3.23:0.2": "3. Individuals ",
  "an3.23:0.3": "Choices ",
  "an3.23:1.1": "“These three individuals are found in the world. ",
  "an3.23:1.2": "What three? ",
  "an3.23:1.3": "Firstly, a certain individual makes hurtful choices by way of body, speech, and mind. ",
  "an3.23:1.4": "Having made these choices, they’re reborn in a hurtful world, ",
  "an3.23:1.5": "where hurtful contacts strike them. ",
  "an3.23:1.6": "Touched by hurtful contacts, they experience hurtful feelings that are exclusively painful—like the beings in hell. ",
  "an3.23:2.1": "Furthermore, another individual makes pleasing choices by way of body, speech, and mind. ",
  "an3.23:2.2": "Having made these choices, they are reborn in a pleasing world, ",
  "an3.23:2.3": "where pleasing contacts strike them. ",
  "an3.23:2.4": "Touched by pleasing contacts, they experience pleasing feelings of perfect happiness—like the gods of universal beauty. ",
  "an3.23:3.1": "Furthermore, another individual makes both hurtful and pleasing choices by way of body, speech, and mind. ",
  "an3.23:3.2": "Having made these choices, they are reborn in a world that is both hurtful and pleasing, ",
  "an3.23:3.3": "where hurtful and pleasing contacts strike them. ",
  "an3.23:3.4": "Touched by both hurtful and pleasing contacts, they experience both hurtful and pleasing feelings that are a mixture of pleasure and pain—like humans, some gods, and some beings in the underworld. ",
  "an3.23:3.5": "These are the three individuals found in the world.” "
}