{
  "an3.5:0.1": "Numbered Discourses 3.5 ",
  "an3.5:0.2": "1. Fools ",
  "an3.5:0.3": "Irrational ",
  "an3.5:1.1": "“A fool is known by three things. ",
  "an3.5:1.2": "What three? ",
  "an3.5:1.3": "They ask a question irrationally. They answer a question irrationally. And when someone else answers a question rationally—with well-rounded, coherent, and relevant words and phrases—they disagree with it. ",
  "an3.5:1.4": "These are the three things by which a fool is known. ",
  "an3.5:2.1": "An astute person is known by three things. ",
  "an3.5:2.2": "What three? ",
  "an3.5:2.3": "They ask a question rationally. They answer a question rationally. And when someone else answers a question rationally—with well-rounded, coherent, and relevant words and phrases—they agree with it. ",
  "an3.5:2.4": "These are the three things by which an astute person is known. ",
  "an3.5:2.5": "So you should train …” "
}