{
  "an3.152:0.1": "Numbered Discourses 3.152 ",
  "an3.152:0.2": "15. Good Fortune ",
  "an3.152:0.3": "Broken (3rd) ",
  "an3.152:1.1": "“When a foolish, incompetent untrue person has three qualities they keep themselves broken and damaged. … ",
  "an3.152:1.2": "Unethical deeds by way of body, speech, and mind. … ",
  "an3.152:2.1": "When an astute, competent true person has three qualities they keep themselves intact and unscathed. … ",
  "an3.152:2.2": "Ethical deeds by way of body, speech, and mind. …” "
}