{
  "an3.69:0.1": "Numbered Discourses 3.69 ",
  "an3.69:0.2": "7. The Great Chapter ",
  "an3.69:0.3": "Unskillful Roots ",
  "an3.69:1.1": "“Mendicants, there are these three unskillful roots. ",
  "an3.69:1.2": "What three? ",
  "an3.69:1.3": "Greed, hate, and delusion. ",
  "an3.69:2.1": "Greed is a root of the unskillful. ",
  "an3.69:2.2": "When a greedy person chooses to act by way of body, speech, or mind, that too is unskillful. ",
  "an3.69:2.3": "When a greedy person, overcome by greed, causes another to suffer under a false pretext—by execution or imprisonment or confiscation or condemnation or banishment—thinking ‘I’m powerful, I want power’, that too is unskillful. ",
  "an3.69:2.4": "And so these many bad, unskillful things are produced in them, born, sourced, originated, and conditioned by greed. ",
  "an3.69:3.1": "Hate is a root of the unskillful. ",
  "an3.69:3.2": "When a hateful person chooses to act by way of body, speech, or mind, that too is unskillful. ",
  "an3.69:3.3": "When a hateful person, overcome by hate, causes another to suffer under a false pretext—by execution or imprisonment or confiscation or condemnation or banishment—thinking ‘I’m powerful, I want power’, that too is unskillful. ",
  "an3.69:3.4": "And so these many bad, unskillful things are produced in them, born, sourced, originated, and conditioned by hate. ",
  "an3.69:4.1": "Delusion is a root of the unskillful. ",
  "an3.69:4.2": "When a deluded person chooses to act by way of body, speech, or mind, that too is unskillful. ",
  "an3.69:4.3": "When a deluded person, overcome by delusion, causes another to suffer under a false pretext—by execution or imprisonment or confiscation or condemnation or banishment—thinking ‘I’m powerful, I want power’, that too is unskillful. ",
  "an3.69:4.4": "And so these many bad, unskillful things are produced in them, born, sourced, originated, and conditioned by delusion. ",
  "an3.69:4.5": "Such an individual is said to have speech that’s ill-timed, false, meaningless, not in line with the teaching and training. ",
  "an3.69:5.1": "Why is this? ",
  "an3.69:5.2": "This individual causes another to suffer under a false pretext—by execution or imprisonment or confiscation or condemnation or banishment—thinking ‘I’m powerful, I want power’. ",
  "an3.69:5.3": "So when someone makes a valid criticism, they’re scornful and admit nothing. ",
  "an3.69:5.4": "When someone makes a baseless criticism, they make no effort to explain, ‘This is why that’s untrue, this is why that’s false.’ ",
  "an3.69:5.5": "That’s why such an individual is said to have speech that’s ill-timed, false, meaningless, not in line with the teaching and training. ",
  "an3.69:6.1": "Such an individual—overcome with bad, unskillful qualities born of greed, hate, and delusion—suffers in this very life, with distress, anguish, and fever. ",
  "an3.69:6.2": "And when the body breaks up, after death, they can expect to be reborn in a bad place. ",
  "an3.69:7.1": "",
  "an3.69:7.2": "",
  "an3.69:7.3": "",
  "an3.69:7.4": "Suppose a sal, axlewood, or boxwood tree was choked and engulfed by three camel’s foot creepers. It would fall to ruin and disaster. ",
  "an3.69:7.5": "In the same way, such an individual—overcome with bad, unskillful qualities born of greed, hate, and delusion—suffers in this very life, with distress, anguish, and fever. ",
  "an3.69:7.6": "And when the body breaks up, after death, they can expect to be reborn in a bad place. ",
  "an3.69:8.1": "",
  "an3.69:8.2": "",
  "an3.69:8.3": "",
  "an3.69:8.4": "These are the three unskillful roots. ",
  "an3.69:9.1": "There are these three skillful roots. ",
  "an3.69:9.2": "What three? ",
  "an3.69:9.3": "Contentment, love, and understanding. ",
  "an3.69:10.1": "Contentment is a root of the skillful. ",
  "an3.69:10.2": "When a contented person chooses to act by way of body, speech, or mind, that too is skillful. ",
  "an3.69:10.3": "When a contented person, not overcome by greed, doesn’t cause another to suffer under a false pretext—by execution or imprisonment or confiscation or condemnation or banishment—thinking ‘I’m powerful, I want power’, that too is skillful. ",
  "an3.69:10.4": "And so these many skillful things are produced in them, born, sourced, originated, and conditioned by contentment. ",
  "an3.69:11.1": "Love is a root of the skillful. ",
  "an3.69:11.2": "When a loving person chooses to act by way of body, speech, or mind, that too is skillful. ",
  "an3.69:11.3": "When a loving person, not overcome by hate, doesn’t cause another to suffer under a false pretext—by execution or imprisonment or confiscation or condemnation or banishment—thinking ‘I’m powerful, I want power’, that too is skillful. ",
  "an3.69:11.4": "And so these many skillful things are produced in them, born, sourced, originated, and conditioned by love. ",
  "an3.69:12.1": "Understanding is a root of the skillful. ",
  "an3.69:12.2": "When an understanding person chooses to act by way of body, speech, or mind, that too is skillful. ",
  "an3.69:12.3": "When an understanding person, not overcome by delusion, doesn’t cause another to suffer under a false pretext—by execution or imprisonment or confiscation or condemnation or banishment—thinking ‘I’m powerful, I want power’, that too is skillful. ",
  "an3.69:12.4": "And so these many skillful things are produced in them, born, sourced, originated, and conditioned by understanding. ",
  "an3.69:12.5": "Such an individual is said to have speech that’s well-timed, true, meaningful, in line with the teaching and training. ",
  "an3.69:13.1": "Why is this? ",
  "an3.69:13.2": "This individual doesn’t cause another to suffer under a false pretext—by execution or imprisonment or confiscation or condemnation or banishment—thinking ‘I’m powerful, I want power’. ",
  "an3.69:13.3": "So when someone makes a valid criticism, they admit it and aren’t scornful. ",
  "an3.69:13.4": "When someone makes a baseless criticism, they make an effort to explain, ",
  "an3.69:13.5": "‘This is why that’s untrue, this is why that’s false.’ ",
  "an3.69:13.6": "That’s why such an individual is said to have speech that’s well-timed, true, meaningful, in line with the teaching and training. ",
  "an3.69:14.1": "For such an individual, bad unskillful qualities born of greed, hate, and delusion are cut off at the root, made like a palm stump, obliterated, and unable to arise in the future. ",
  "an3.69:14.2": "In this very life they’re happy, free of distress, anguish, and fever, ",
  "an3.69:14.3": "and they’re also extinguished in this very life. ",
  "an3.69:15.1": "",
  "an3.69:15.2": "",
  "an3.69:15.3": "",
  "an3.69:15.4": "",
  "an3.69:15.5": "Suppose a sal, axlewood, or boxwood tree was choked and engulfed by three camel’s foot creepers. ",
  "an3.69:15.6": "Then along comes a person with a spade and basket. ",
  "an3.69:15.7": "They’d cut the creeper out by the roots, dig them up, and pull them out, down to the fibers and stems. ",
  "an3.69:15.8": "Then they’d split the creeper apart, cut up the parts, and chop it into splinters. They’d dry the splinters in the wind and sun, burn them with fire, and reduce them to ashes. Then they’d whisk away the ashes in a strong wind, or glide them down a swift stream. ",
  "an3.69:15.9": "So those camel’s foot creepers would be cut off at the root, made like a palm stump, and obliterated, unable to arise in the future. ",
  "an3.69:15.10": "In the same way, for such an individual, bad unskillful qualities born of greed, hate, and delusion are cut off at the root, made like a palm stump, obliterated, and unable to arise in the future. ",
  "an3.69:15.11": "In this very life they’re happy, free of  distress, anguish, and fever, ",
  "an3.69:15.12": "and they’re also extinguished in this very life. ",
  "an3.69:16.1": "",
  "an3.69:16.2": "",
  "an3.69:16.3": "",
  "an3.69:16.4": "",
  "an3.69:16.5": "These are the three skillful roots.” "
}