{
  "an3.130:0.1": "Numbered Discourses 3.130 ",
  "an3.130:0.2": "13. Kusinārā ",
  "an3.130:0.3": "With Anuruddha (2nd) ",
  "an3.130:1.1": "Then Venerable Anuruddha went up to Venerable Sāriputta, and exchanged greetings with him. ",
  "an3.130:1.2": "When the greetings and polite conversation were over, he sat down to one side and said to him: ",
  "an3.130:1.3": "“Here’s the thing, Reverend Sāriputta. With clairvoyance that is purified and surpasses the human, I survey the thousandfold galaxy. ",
  "an3.130:1.4": "My energy is roused up and unflagging, my mindfulness is established and lucid, my body is tranquil and undisturbed, and my mind is immersed in samādhi and unified. ",
  "an3.130:1.5": "But my mind is not freed from the defilements by not grasping.” ",
  "an3.130:2.1": "“Well, Reverend Anuruddha, when you say: ",
  "an3.130:2.2": "‘With clairvoyance that is purified and surpasses the human, I survey the thousandfold galaxy,’ that’s your conceit. ",
  "an3.130:2.3": "And when you say: ",
  "an3.130:2.4": "‘My energy is roused up and unflagging, my mindfulness is established and lucid, my body is tranquil and undisturbed, and my mind is immersed in samādhi,’ that’s your restlessness. ",
  "an3.130:2.5": "And when you say: ",
  "an3.130:2.6": "‘But my mind is not freed from the defilements by not grasping,’ that’s your remorse. ",
  "an3.130:2.7": "It would be good to give up these three things. Ignore them and apply your mind to freedom from death.” ",
  "an3.130:3.1": "After some time Anuruddha gave up these three things. Ignoring them, he applied his mind to freedom from death. ",
  "an3.130:3.2": "Then Anuruddha, living alone, withdrawn, diligent, keen, and resolute, soon realized the supreme culmination of the spiritual path in this very life. He lived having achieved with his own insight the goal for which gentlemen rightly go forth from the lay life to homelessness. ",
  "an3.130:3.3": "He understood: “Rebirth is ended; the spiritual journey has been completed; what had to be done has been done; there is nothing further for this place.” ",
  "an3.130:3.4": "And Venerable Anuruddha became one of the perfected. "
}