{
  "an3.106:0.1": "Numbered Discourses 3.106 ",
  "an3.106:0.2": "11. Awakening ",
  "an3.106:0.3": "Ascetics and Brahmins ",
  "an3.106:1.1": "“Mendicants, there are ascetics and brahmins who don’t truly understand the world’s gratification, drawback, and escape for what they are. ",
  "an3.106:1.2": "I don’t deem them as true ascetics and brahmins. Those venerables don’t realize the goal of life as an ascetic or brahmin, and don’t live having realized it with their own insight. ",
  "an3.106:1.3": "There are ascetics and brahmins who do truly understand the world’s gratification, drawback, and escape for what they are. ",
  "an3.106:1.4": "I deem them as true ascetics and brahmins. Those venerables realize the goal of life as an ascetic or brahmin, and live having realized it with their own insight.” "
}