{
  "an3.82:0.1": "Numbered Discourses 3.82 ",
  "an3.82:0.2": "9. Ascetics ",
  "an3.82:0.3": "The Donkey ",
  "an3.82:1.1": "“Suppose, mendicants, a donkey followed behind a herd of cattle, thinking: ",
  "an3.82:1.2": "‘I can moo too! I can moo too!’ ",
  "an3.82:1.3": "But it doesn’t look like a cow, or sound like a cow, or leave a footprint like a cow. ",
  "an3.82:1.4": "Still it follows behind a herd of cattle, thinking: ",
  "an3.82:1.5": "‘I can moo too! I can moo too!’ ",
  "an3.82:2.1": "In the same way, some mendicant follows behind the mendicant Saṅgha, thinking: ",
  "an3.82:2.2": "‘I’m a monk too! I’m a monk too!’ ",
  "an3.82:2.3": "But they don’t have the same enthusiasm for undertaking the training in the higher ethics, the higher mind, and the higher wisdom as the other mendicants. ",
  "an3.82:2.4": "Still they follow behind the mendicant Saṇgha, thinking: ",
  "an3.82:2.5": "‘I’m a monk too! I’m a monk too!’ ",
  "an3.82:3.1": "So you should train like this: ",
  "an3.82:3.2": "‘We will have keen enthusiasm for undertaking the training in the higher ethics, the higher mind, and the higher wisdom.’ ",
  "an3.82:3.3": "That’s how you should train.” "
}