{
  "an3.92:0.1": "Numbered Discourses 3.92 ",
  "an3.92:0.2": "10. A Lump of Salt ",
  "an3.92:0.3": "Urgent ",
  "an3.92:1.1": "“Mendicants, a farmer has three urgent duties. ",
  "an3.92:1.2": "What three? ",
  "an3.92:1.3": "A farmer swiftly makes sure the field is well ploughed and tilled. ",
  "an3.92:1.4": "Next they swiftly plant seeds in season. ",
  "an3.92:1.5": "When the time is right, they swiftly irrigate or drain the field. ",
  "an3.92:1.6": "These are the three urgent duties of a farmer. ",
  "an3.92:1.7": "That farmer has no special power or ability to say: ",
  "an3.92:1.8": "‘Let the crops germinate today! Let them flower tomorrow! Let them ripen the day after!’ ",
  "an3.92:1.9": "But there comes a time when that farmer’s crops germinate, flower, and ripen as the seasons change. ",
  "an3.92:2.1": "In the same way, a mendicant has three urgent duties. ",
  "an3.92:2.2": "What three? ",
  "an3.92:2.3": "Undertaking the training in the higher ethics, the higher mind, and the higher wisdom. ",
  "an3.92:2.4": "These are the three urgent duties of a mendicant. ",
  "an3.92:2.5": "That mendicant has no special power or ability to say: ",
  "an3.92:2.6": "‘Let my mind be freed from defilements by not grasping today! Or tomorrow! Or the day after!’ ",
  "an3.92:2.7": "But there comes a time—as that mendicant trains in the higher ethics, the higher mind, and the higher wisdom—that their mind is freed from defilements by not grasping. ",
  "an3.92:3.1": "So you should train like this: ",
  "an3.92:3.2": "‘We will have keen enthusiasm for undertaking the training in the higher ethics, the higher mind, and the higher wisdom.’ ",
  "an3.92:3.3": "That’s how you should train.” "
}