{
  "an3.33:0.1": "Numbered Discourses 3.33 ",
  "an3.33:0.2": "4. Messengers of the Gods ",
  "an3.33:0.3": "With Sāriputta ",
  "an3.33:1.1": "Then Venerable Sāriputta went up to the Buddha, bowed, and sat down to one side. The Buddha said to him, ",
  "an3.33:1.2": "“Maybe I’ll teach Dhamma in brief, ",
  "an3.33:1.3": "maybe in detail, ",
  "an3.33:1.4": "maybe both in brief and in detail. ",
  "an3.33:1.5": "But it’s hard to find anyone who understands.” ",
  "an3.33:1.6": "“Now is the time, Blessed One! Now is the time, Holy One! ",
  "an3.33:1.7": "Let the Buddha teach Dhamma in brief, in detail, and both in brief and in detail. ",
  "an3.33:1.8": "There will be those who understand the teaching!” ",
  "an3.33:2.1": "“So, Sāriputta, you should train like this: ",
  "an3.33:2.2": "‘There’ll be no I-making, mine-making, or underlying tendency to conceit for this conscious body; and no I-making, mine-making, or underlying tendency to conceit externally for all signs; and we’ll live having achieved the freedom of heart and freedom by wisdom where I-making, mine-making, and the underlying tendency to conceit are no more.’ ",
  "an3.33:2.3": "That’s how you should train. ",
  "an3.33:3.1": "When a mendicant has no I-making, mine-making, or underlying tendency to conceit for this conscious body; and no I-making, mine-making, or underlying tendency to conceit externally for all signs; and they live having attained the freedom of heart and freedom by wisdom where I-making, mine-making, and the underlying tendency to conceit are no more—",
  "an3.33:3.2": "they’re called ",
  "an3.33:3.3": "a mendicant who has cut off craving, cast off the fetters, and by rightly comprehending conceit has made an end of suffering. ",
  "an3.33:3.4": "And Sāriputta, this is what I was referring to in ‘The Way to the Far Shore’, in ‘The Questions of Udaya’ when I said: ",
  "an3.33:4.1": "‘The giving up of both ",
  "an3.33:4.2": "sensual desires and displeasures, ",
  "an3.33:4.3": "the casting aside of dullness, ",
  "an3.33:4.4": "and the prevention of remorse; ",
  "an3.33:5.1": "pure equanimity and mindfulness, ",
  "an3.33:5.2": "preceded by investigation of principles—",
  "an3.33:5.3": "this, I declare, is liberation by enlightenment, ",
  "an3.33:5.4": "the smashing of ignorance.’” "
}