{
  "an3.44:0.1": "Numbered Discourses 3.44 ",
  "an3.44:0.2": "5. The Lesser Chapter ",
  "an3.44:0.3": "When Conversation Flows ",
  "an3.44:1.1": "“In three situations, mendicants, conversation flows. ",
  "an3.44:1.2": "What three? ",
  "an3.44:1.3": "When the teacher understands the meaning and the teaching. ",
  "an3.44:1.4": "When the audience understands the meaning and the teaching. ",
  "an3.44:1.5": "When both the teacher and the audience understand the meaning and the teaching. ",
  "an3.44:1.6": "These are the three situations in which conversation flows.” "
}