{
  "an3.91:0.1": "Numbered Discourses 3.91 ",
  "an3.91:0.2": "9. Ascetics ",
  "an3.91:0.3": "At Paṅkadhā ",
  "an3.91:1.1": "At one time the Buddha was wandering in the land of the Kosalans together with a large Saṅgha of mendicants. He arrived at a town of the Kosalans named Paṅkadhā, ",
  "an3.91:1.2": "and stayed there. ",
  "an3.91:1.3": "Now, at that time a monk named Kassapagotta was resident at Paṅkadhā. ",
  "an3.91:1.4": "There the Buddha educated, encouraged, fired up, and inspired the mendicants with a Dhamma talk about the training rules. ",
  "an3.91:1.5": "Kassapagotta became quite impatient and bitter, thinking, ",
  "an3.91:1.6": "“This ascetic is much too strict.” ",
  "an3.91:1.7": "When the Buddha had stayed in Paṅkadhā as long as he pleased, he set out for Rājagaha. ",
  "an3.91:1.8": "Traveling stage by stage, he arrived at Rājagaha, ",
  "an3.91:1.9": "and stayed there. ",
  "an3.91:2.1": "Soon after the Buddha left, Kassapagotta became quite remorseful and regretful, thinking, ",
  "an3.91:2.2": "“It’s my loss, my misfortune, ",
  "an3.91:2.3": "that when the Buddha was talking about the training rules I became quite impatient and bitter, thinking ",
  "an3.91:2.4": "he was much too strict. ",
  "an3.91:2.5": "Why don’t I go to the Buddha and confess my mistake to him?” ",
  "an3.91:2.6": "Then Kassapagotta set his lodgings in order and, taking his bowl and robe, set out for Rājagaha. ",
  "an3.91:2.7": "Eventually he came to Rājagaha and the Vulture’s Peak. He went up to the Buddha, bowed, sat down to one side, and told him what had happened, saying: ",
  "an3.91:3.1": "",
  "an3.91:3.2": "",
  "an3.91:3.3": "",
  "an3.91:3.4": "",
  "an3.91:3.5": "",
  "an3.91:3.6": "",
  "an3.91:3.7": "",
  "an3.91:3.8": "",
  "an3.91:3.9": "",
  "an3.91:3.10": "",
  "an3.91:3.11": "“I made a mistake, sir. It was foolish, stupid, and unskillful of me to become impatient and bitter when the Buddha was educating, encouraging, firing up, and inspiring the mendicants with a Dhamma talk about the training rules, and to think, ",
  "an3.91:3.12": "‘This ascetic is much too strict.’ ",
  "an3.91:3.13": "Please, sir, accept my mistake for what it is, so I will restrain myself in future.” ",
  "an3.91:4.1": "“Indeed, Kassapa, you made a mistake. ",
  "an3.91:4.2": "",
  "an3.91:4.3": "But since you have recognized your mistake for what it is, and have dealt with it properly, I accept it. ",
  "an3.91:4.4": "For it is growth in the training of the Noble One to recognize a mistake for what it is, deal with it properly, and commit to restraint in the future. ",
  "an3.91:5.1": "Kassapa, take the case of a senior mendicant who doesn’t want to train and doesn’t praise taking up the training. They don’t encourage other mendicants who don’t want to train to take up the training. And they don’t truthfully and correctly praise at the right time those mendicants who do want to train. I don’t praise that kind of senior mendicant. ",
  "an3.91:5.2": "Why is that? ",
  "an3.91:5.3": "Because, hearing that I praised that mendicant, other mendicants might want to keep company with them. Then they might follow their example, which would be for their lasting harm and suffering. ",
  "an3.91:5.4": "That’s why I don’t praise that kind of senior mendicant. ",
  "an3.91:6.1": "Take the case of a middle mendicant who doesn’t want to train … ",
  "an3.91:6.2": "Take the case of a junior mendicant who doesn’t want to train … ",
  "an3.91:6.3": "",
  "an3.91:6.4": "",
  "an3.91:6.5": "That’s why I don’t praise that kind of junior mendicant. ",
  "an3.91:7.1": "Kassapa, take the case of a senior mendicant who does want to train and praises taking up the training. They encourage other mendicants who don’t want to train to take up the training. And they truthfully and correctly praise at the right time those mendicants who do want to train. I praise that kind of senior mendicant. ",
  "an3.91:7.2": "Why is that? ",
  "an3.91:7.3": "Because, hearing that I praised that mendicant, other mendicants might want to keep company with them. Then they might follow their example, which would be for their lasting welfare and happiness. ",
  "an3.91:7.4": "That’s why I praise that kind of senior mendicant. ",
  "an3.91:8.1": "Take the case of a middle mendicant who wants to train … ",
  "an3.91:8.2": "Take the case of a junior mendicant who wants to train … ",
  "an3.91:8.3": "",
  "an3.91:8.4": "",
  "an3.91:8.5": "That’s why I praise that kind of junior mendicant.” ",
  "an3.91:8.6": "",
  "an3.91:8.7": "",
  "an3.91:9.1": "",
  "an3.91:9.2": "",
  "an3.91:9.3": ""
}