{
  "an3.142:0.1": "Numbered Discourses 3.142 ",
  "an3.142:0.2": "14. A Warrior ",
  "an3.142:0.3": "The Thoroughbred ",
  "an3.142:1.1": "“Mendicants, I will teach you the three fine thoroughbred horses, and the three fine thoroughbred people. ",
  "an3.142:1.2": "Listen and apply your mind well, I will speak.” ",
  "an3.142:1.3": "“Yes, sir,” they replied. ",
  "an3.142:1.4": "The Buddha said this: ",
  "an3.142:2.1": "“What are the three fine thoroughbred horses? ",
  "an3.142:2.2": "One fine thoroughbred horse … ",
  "an3.142:2.3": "is fast, beautiful, and well proportioned. ",
  "an3.142:2.4": "These are the three fine thoroughbred horses. ",
  "an3.142:3.1": "And what are the three fine thoroughbred people? ",
  "an3.142:3.2": "One fine thoroughbred person … ",
  "an3.142:3.3": "is fast, beautiful, and well proportioned. ",
  "an3.142:4.1": "And how is a fine thoroughbred person … ",
  "an3.142:4.2": "fast, beautiful, and well proportioned? ",
  "an3.142:4.3": "It’s when a mendicant realizes the undefiled freedom of heart and freedom by wisdom in this very life. And they live having realized it with their own insight due to the ending of defilements. ",
  "an3.142:4.4": "This is how they’re fast, I say. ",
  "an3.142:4.5": "When asked a question about the teaching or training, they answer without faltering. ",
  "an3.142:4.6": "This is how they’re beautiful, I say. ",
  "an3.142:4.7": "They receive robes, almsfood, lodgings, and medicines and supplies for the sick. ",
  "an3.142:4.8": "This is how they’re well proportioned, I say. ",
  "an3.142:4.9": "This is how a fine thoroughbred person is fast, beautiful, and well proportioned. ",
  "an3.142:4.10": "These are the three fine thoroughbred people.” "
}