{
  "an3.49:0.1": "Numbered Discourses 3.49 ",
  "an3.49:0.2": "5. The Lesser Chapter ",
  "an3.49:0.3": "Keen ",
  "an3.49:1.1": "“In three situations, mendicants, you should be keen. ",
  "an3.49:1.2": "What three? ",
  "an3.49:1.3": "You should be keen to prevent bad, unskillful qualities from arising. You should be keen to give rise to skillful qualities. And you should be keen to endure physical pain—sharp, severe, acute, unpleasant, disagreeable, life-threatening. ",
  "an3.49:1.4": "In these three situations, you should be keen. ",
  "an3.49:2.1": "It’s a mendicant who is keen to prevent bad, unskillful qualities from arising. They’re keen to give rise to skillful qualities. And they’re keen to endure physical pain—sharp, severe, acute, unpleasant, disagreeable, life-threatening. ",
  "an3.49:2.2": "This is called a mendicant who is keen, alert, and mindful so as to rightly make an end of suffering.” "
}