{
  "an3.80:0.1": "Numbered Discourses 3.80 ",
  "an3.80:0.2": "8. Ānanda ",
  "an3.80:0.3": "Lesser ",
  "an3.80:1.1": "Then Venerable Ānanda went up to the Buddha, bowed, sat down to one side, and said to him: ",
  "an3.80:1.2": "“Sir, I have heard and learned this in the presence of the Buddha: ",
  "an3.80:1.3": "‘Ānanda, the Buddha Sikhī had a disciple called Abhibhū. Standing in the realm of divinity, he could make his voice heard throughout the thousandfold galaxy.’ ",
  "an3.80:1.4": "I wonder how far a Blessed One, a perfected one, a fully awakened Buddha can make their voice heard?” ",
  "an3.80:1.5": "“He was a disciple, Ānanda. Realized Ones are immeasurable.” ",
  "an3.80:2.1": "For a second time … ",
  "an3.80:2.2": "",
  "an3.80:2.3": "",
  "an3.80:2.4": "",
  "an3.80:2.5": "",
  "an3.80:3.1": "For a third time, Ānanda said to the Buddha: ",
  "an3.80:3.2": "",
  "an3.80:3.3": "",
  "an3.80:3.4": "“… I wonder how far a Blessed One, a perfected one, a fully awakened Buddha can make their voice heard?” ",
  "an3.80:3.5": "“Ānanda, have you heard of a thousandfold lesser world system, a galaxy?” ",
  "an3.80:3.6": "“Now is the time, Blessed One! Now is the time, Holy One! ",
  "an3.80:3.7": "Let the Buddha speak. The mendicants will listen and remember it.” ",
  "an3.80:3.8": "“Well then, Ānanda, listen and apply your mind well, I will speak.” ",
  "an3.80:3.9": "“Yes, sir,” Ānanda replied. ",
  "an3.80:3.10": "The Buddha said this: ",
  "an3.80:4.1": "“Ānanda, a galaxy extends a thousand times as far as the moon and sun revolve and the shining ones light up the quarters. ",
  "an3.80:4.2": "In that galaxy there are a thousand moons, a thousand suns, a thousand Sinerus king of mountains, a thousand Black Plum Tree Lands, a thousand lands west of Godāvarī, a thousand lands north of Kuru, a thousand lands east of Videha, four thousand oceans, four thousand great kings, a thousand realms of the gods of the four great kings, a thousand realms of the gods of the thirty-three, of the gods of Yama, of the joyful gods, of the gods who love to create, of the gods who control what is created by others, and a thousand realms of divinity. ",
  "an3.80:4.3": "This is called a thousandfold lesser world system, a ‘galaxy’. ",
  "an3.80:5.1": "A world system that extends for a thousand galaxies ",
  "an3.80:5.2": "is called a millionfold middling world system, a ‘galactic cluster’. ",
  "an3.80:6.1": "A world system that extends for a thousand galactic clusters ",
  "an3.80:6.2": "is called a billionfold great world system, a ‘galactic supercluster’. ",
  "an3.80:7.1": "If he wished, Ānanda, a Realized One could make his voice heard throughout a galactic supercluster, or as far as he wants.” ",
  "an3.80:8.1": "“But how would the Buddha make his voice heard so far?” ",
  "an3.80:8.2": "“First, Ānanda, a Realized One would fill the galactic supercluster with light. ",
  "an3.80:8.3": "When sentient beings saw the light, the Realized One would project his call so that they’d hear the sound. ",
  "an3.80:8.4": "That’s how a Realized One could make his voice heard throughout a galactic supercluster, or as far as he wants.” ",
  "an3.80:9.1": "When he said this, Venerable Ānanda said, ",
  "an3.80:9.2": "“I’m so fortunate, so very fortunate, ",
  "an3.80:9.3": "to have a teacher with such power and might!” ",
  "an3.80:9.4": "When he said this, Venerable Udāyī said to Venerable Ānanda, ",
  "an3.80:9.5": "“What is it to you, Reverend Ānanda, if your teacher has such power and might?” ",
  "an3.80:9.6": "When he said this, the Buddha said to Venerable Udāyī, ",
  "an3.80:9.7": "“Not so, Udāyī, not so! ",
  "an3.80:9.8": "If Ānanda were to die while still not free of greed, he would rule as king of the gods for seven lifetimes, or as king of the Black Plum Tree Land for seven lifetimes, because of the confidence of his heart. ",
  "an3.80:9.9": "However, Ānanda will be fully extinguished in this very life.” ",
  "an3.80:9.10": "",
  "an3.80:9.11": "",
  "an3.80:10.1": "",
  "an3.80:10.2": "",
  "an3.80:10.3": ""
}