{
  "an3.145:0.1": "Numbered Discourses 3.145 ",
  "an3.145:0.2": "14. A Warrior ",
  "an3.145:0.3": "At the Peacocks’ Feeding Ground (3rd) ",
  "an3.145:1.1": "“Mendicants, a mendicant who has three qualities has reached the ultimate end, the ultimate sanctuary from the yoke, the ultimate spiritual life, the ultimate goal. They are the best among gods and humans. ",
  "an3.145:1.2": "What three? ",
  "an3.145:1.3": "Right view, right knowledge, and right freedom. ",
  "an3.145:1.4": "A mendicant with these three qualities has reached the ultimate end, the ultimate sanctuary from the yoke, the ultimate spiritual life, the ultimate goal. They are the best among gods and humans.” ",
  "an3.145:1.5": "",
  "an3.145:1.6": "",
  "an3.145:2.1": "",
  "an3.145:2.2": "",
  "an3.145:2.3": ""
}