{
  "an3.111:0.1": "Numbered Discourses 3.111 ",
  "an3.111:0.2": "11. Awakening ",
  "an3.111:0.3": "Sources (1st) ",
  "an3.111:1.1": "“Mendicants, there are these three sources that give rise to deeds. ",
  "an3.111:1.2": "What three? ",
  "an3.111:1.3": "Greed, hate, and delusion are sources that give rise to deeds. ",
  "an3.111:1.4": "Any deed that emerges from greed, hate, or delusion—born, sourced, and originated from greed, hate, or delusion—is unskillful, blameworthy, results in suffering, and leads to the creation of more deeds, not their cessation. ",
  "an3.111:1.5": "",
  "an3.111:1.6": "",
  "an3.111:1.7": "These are three sources that give rise to deeds. ",
  "an3.111:2.1": "There are these three sources that give rise to deeds. ",
  "an3.111:2.2": "What three? ",
  "an3.111:2.3": "Contentment, love, and understanding are sources that give rise to deeds. ",
  "an3.111:2.4": "Any deed that emerges from contentment, love, or understanding—born, sourced, and originated from contentment, love, or understanding—is skillful, blameless, results in happiness, and leads to the cessation of more deeds, not their creation. ",
  "an3.111:2.5": "",
  "an3.111:2.6": "",
  "an3.111:2.7": "These are three sources that give rise to deeds.” "
}