{
  "an3.115:0.1": "Numbered Discourses 3.115 ",
  "an3.115:0.2": "12. Bound for Loss ",
  "an3.115:0.3": "Immeasurable ",
  "an3.115:1.1": "“Mendicants, these three individuals are found in the world. ",
  "an3.115:1.2": "What three? ",
  "an3.115:1.3": "Someone easy to measure, someone hard to measure, and someone who is immeasurable. ",
  "an3.115:1.4": "And who is the individual easy to measure? ",
  "an3.115:1.5": "It’s an individual who is restless, insolent, fickle, scurrilous, loose-tongued, unmindful, lacking situational awareness and immersion, with straying mind and undisciplined faculties. ",
  "an3.115:1.6": "This is called ‘an individual easy to measure’. ",
  "an3.115:2.1": "And who is the individual hard to measure? ",
  "an3.115:2.2": "It’s an individual who is not restless, insolent, fickle, scurrilous, or loose-tongued. They have established mindfulness, situational awareness and immersion, with unified mind and restrained faculties. ",
  "an3.115:2.3": "This is called ‘an individual hard to measure’. ",
  "an3.115:3.1": "And who is the immeasurable individual? ",
  "an3.115:3.2": "It’s a mendicant who is perfected, and has ended defilements. ",
  "an3.115:3.3": "This is called ‘an immeasurable individual’. ",
  "an3.115:3.4": "These are the three individuals found in the world.” "
}