{
  "an3.79:0.1": "Numbered Discourses 3.79 ",
  "an3.79:0.2": "8. Ānanda ",
  "an3.79:0.3": "Fragrances ",
  "an3.79:1.1": "Then Venerable Ānanda went up to the Buddha, bowed, sat down to one side, and said to him: ",
  "an3.79:2.1": "“Sir, there are these three kinds of fragrance that spread only with the wind, not against it. ",
  "an3.79:2.2": "What three? ",
  "an3.79:2.3": "The fragrance of roots, heartwood, and flowers. ",
  "an3.79:2.4": "These are the three kinds of fragrance that spread only with the wind, not against it. ",
  "an3.79:2.5": "Is there a kind of fragrance that spreads with the wind, and against it, and both ways?” ",
  "an3.79:3.1": "“There is, Ānanda, such a kind of fragrance.” ",
  "an3.79:3.2": "“So what, sir, is that kind of fragrance?” ",
  "an3.79:4.1": "“It’s when, Ānanda, in some village or town, a woman or man has gone for refuge to the Buddha, the teaching, and the Saṅgha. ",
  "an3.79:4.2": "They don’t kill living creatures, steal, commit sexual misconduct, lie, or consume beer, wine, and liquor intoxicants. They’re ethical, of good character. ",
  "an3.79:4.3": "They live at home with a heart rid of the stain of stinginess, freely generous, open-handed, loving to let go, committed to charity, loving to give and to share. ",
  "an3.79:5.1": "Ascetics and brahmins everywhere praise them for these good qualities; ",
  "an3.79:5.2": "",
  "an3.79:5.3": "",
  "an3.79:5.4": "",
  "an3.79:6.1": "even the deities praise them. ",
  "an3.79:6.2": "",
  "an3.79:6.3": "",
  "an3.79:6.4": "",
  "an3.79:6.5": "This is the kind of fragrance that spreads with the wind, and against it, and both. ",
  "an3.79:7.1": "The fragrance of flowers <j>doesn’t spread against the wind, ",
  "an3.79:7.2": "nor sandalwood, pinwheel flowers, or jasmine; ",
  "an3.79:7.3": "but the fragrance of the good <j>spreads against the wind; ",
  "an3.79:7.4": "a true person’s virtue spreads in every direction.” "
}