{
  "an3.128:0.1": "Numbered Discourses 3.128 ",
  "an3.128:0.2": "13. Kusinārā ",
  "an3.128:0.3": "Bitter ",
  "an3.128:1.1": "At one time the Buddha was staying near Varanasi, in the deer park at Isipatana. ",
  "an3.128:1.2": "Then the Buddha robed up in the morning and, taking his bowl and robe, entered Varanasi for alms. ",
  "an3.128:1.3": "While the Buddha was walking for alms near the cow-hitching place at the wavy leaf fig, he saw a disgruntled monk who was looking for pleasure in external things, unmindful, without situational awareness or immersion, with straying mind and undisciplined faculties. ",
  "an3.128:1.4": "The Buddha said to him, ",
  "an3.128:2.1": "“Monk, don’t be bitter. ",
  "an3.128:2.2": "If you’re bitter, festering with putrefaction, flies will, without a doubt, plague and infest you.” ",
  "an3.128:2.3": "Hearing this advice of the Buddha, that monk was struck with a sense of urgency. ",
  "an3.128:2.4": "Then, after the meal, on his return from almsround, the Buddha told the mendicants what had happened. … ",
  "an3.128:3.1": "",
  "an3.128:3.2": "",
  "an3.128:3.3": "",
  "an3.128:4.1": "",
  "an3.128:4.2": "",
  "an3.128:4.3": "",
  "an3.128:4.4": "When he said this, one of the mendicants asked the Buddha: ",
  "an3.128:4.5": "“Sir, what is this ‘bitterness’? ",
  "an3.128:4.6": "What is ‘putrefaction’? ",
  "an3.128:4.7": "And what are the ‘flies’?” ",
  "an3.128:5.1": "“Desire is bitterness; ",
  "an3.128:5.2": "ill will is the putrefaction; ",
  "an3.128:5.3": "and bad, unskillful thoughts are the flies. ",
  "an3.128:5.4": "If you’re bitter, festering with putrefaction, flies will, without a doubt, plague and infest you. ",
  "an3.128:6.1": "When your eyes and ears are unguarded, ",
  "an3.128:6.2": "and you’re not restrained in your sense faculties, ",
  "an3.128:6.3": "flies—those lustful thoughts—",
  "an3.128:6.4": "will plague you. ",
  "an3.128:7.1": "A mendicant who’s bitter, ",
  "an3.128:7.2": "festering with putrefaction, ",
  "an3.128:7.3": "is far from being extinguished, ",
  "an3.128:7.4": "distress is their lot. ",
  "an3.128:8.1": "Whether in village or wilderness, ",
  "an3.128:8.2": "if they don’t find serenity in themselves, ",
  "an3.128:8.3": "the fool, the simpleton departs, ",
  "an3.128:8.4": "honored only by flies. ",
  "an3.128:9.1": "But those who have ethics, ",
  "an3.128:9.2": "lovers of wisdom and peace, ",
  "an3.128:9.3": "they, being peaceful, sleep at ease, ",
  "an3.128:9.4": "since they’ve got rid of the flies.” "
}