{
  "an3.125:0.1": "Numbered Discourses 3.125 ",
  "an3.125:0.2": "13. At Kusinārā ",
  "an3.125:0.3": "The Gotamaka Shrine ",
  "an3.125:1.1": "At one time the Buddha was staying near Vesālī, at the Gotamaka Shrine. ",
  "an3.125:1.2": "There the Buddha addressed the mendicants, ",
  "an3.125:1.3": "“Mendicants!” ",
  "an3.125:1.4": "“Venerable sir,” they replied. ",
  "an3.125:1.5": "The Buddha said this: ",
  "an3.125:2.1": "“Mendicants, I teach based on direct knowledge, not without direct knowledge. ",
  "an3.125:2.2": "I teach with reasons, not without them. ",
  "an3.125:2.3": "I teach with a demonstrable basis, not without it. ",
  "an3.125:2.4": "Since this is so, you should follow my advice and instruction. ",
  "an3.125:2.5": "This is enough for you to feel joyful, delighted, and happy: ",
  "an3.125:2.6": "‘The Blessed One is a fully awakened Buddha! The teaching is well explained! The Saṅgha is practicing well!’” ",
  "an3.125:3.1": "That is what the Buddha said. ",
  "an3.125:3.2": "Satisfied, the mendicants approved what the Buddha said. ",
  "an3.125:3.3": "And while this discourse was being spoken, the thousandfold galaxy shook. "
}