{
  "an3.133:0.1": "Numbered Discourses 3.133 ",
  "an3.133:0.2": "14. A Warrior ",
  "an3.133:0.3": "A Warrior ",
  "an3.133:1.1": "“Mendicants, a warrior with three factors is worthy of a king, fit to serve a king, and is reckoned as a factor of kingship. ",
  "an3.133:1.2": "What three? ",
  "an3.133:1.3": "He’s a long-distance shooter, a marksman, one who shatters large objects. ",
  "an3.133:1.4": "A warrior with these three factors is worthy of a king, fit to serve a king, and is reckoned as a factor of kingship. ",
  "an3.133:1.5": "In the same way, a mendicant with three factors is worthy of offerings dedicated to the gods, worthy of hospitality, worthy of a religious donation, worthy of veneration with joined palms, and is the supreme field of merit for the world. ",
  "an3.133:1.6": "What three? ",
  "an3.133:1.7": "They’re a long-distance shooter, a marksman, and one who shatters large objects. ",
  "an3.133:2.1": "And how is a mendicant a long-distance shooter? ",
  "an3.133:2.2": "It’s when a mendicant truly sees any kind of form at all—past, future, or present; internal or external; solid or subtle; inferior or superior; far or near: <em>all</em> form—with right understanding: ‘This is not mine, I am not this, this is not my self.’ ",
  "an3.133:2.3": "They truly see any kind of feeling at all—past, future, or present; internal or external; solid or subtle; inferior or superior; far or near: <em>all</em> feeling—with right understanding: ‘This is not mine, I am not this, this is not my self.’ ",
  "an3.133:2.4": "They truly see any kind of perception at all—past, future, or present; internal or external; solid or subtle; inferior or superior; far or near: <em>all</em> perception—with right understanding: ‘This is not mine, I am not this, this is not my self.’ ",
  "an3.133:2.5": "They truly see any kind of choices at all—past, future, or present; internal or external; solid or subtle; inferior or superior; far or near: <em>all</em> choices—with right understanding: ‘This is not mine, I am not this, this is not my self.’ ",
  "an3.133:2.6": "They truly see any kind of consciousness at all—past, future, or present; internal or external; solid or subtle; inferior or superior; far or near, <em>all</em> consciousness—with right understanding: ‘This is not mine, I am not this, this is not my self.’ ",
  "an3.133:2.7": "That’s how a mendicant is a long-distance shooter. ",
  "an3.133:3.1": "And how is a mendicant a marksman? ",
  "an3.133:3.2": "It’s when a mendicant truly understands: ‘This is suffering’ … ‘This is the origin of suffering’ … ‘This is the cessation of suffering’ … ‘This is the practice that leads to the cessation of suffering’. ",
  "an3.133:3.3": "That’s how a mendicant is a marksman. ",
  "an3.133:4.1": "And how does a mendicant shatter large objects? ",
  "an3.133:4.2": "It’s when a mendicant shatters the great mass of ignorance. ",
  "an3.133:4.3": "That’s how a mendicant shatters large objects. ",
  "an3.133:4.4": "A mendicant with these three qualities is worthy of offerings dedicated to the gods, worthy of hospitality, worthy of a religious donation, worthy of veneration with joined palms, and is the supreme field of merit for the world.” "
}