{
  "an3.120:0.1": "Numbered Discourses 3.120 ",
  "an3.120:0.2": "12. Bound for Loss ",
  "an3.120:0.3": "Purity (1st) ",
  "an3.120:1.1": "“Mendicants, there are these three kinds of purity. ",
  "an3.120:1.2": "What three? ",
  "an3.120:1.3": "Purity of body, speech, and mind. ",
  "an3.120:1.4": "And what is purity of body? ",
  "an3.120:1.5": "It’s when someone doesn’t kill living creatures, steal, or commit sexual misconduct. ",
  "an3.120:1.6": "This is called ‘purity of body’. ",
  "an3.120:2.1": "And what is purity of speech? ",
  "an3.120:2.2": "It’s when someone doesn’t use speech that’s false, divisive, harsh, or nonsensical. ",
  "an3.120:2.3": "This is called ‘purity of speech’. ",
  "an3.120:3.1": "And what is purity of mind? ",
  "an3.120:3.2": "It’s when someone is content, kind-hearted, and has right view. ",
  "an3.120:3.3": "This is called ‘purity of mind’. ",
  "an3.120:3.4": "These are the three kinds of purity.” "
}