{
  "an3.38:0.1": "Numbered Discourses 3.38 ",
  "an3.38:0.2": "4. Messengers of the Gods ",
  "an3.38:0.3": "The Four Great Kings (2nd) ",
  "an3.38:1.1": "“Once upon a time, mendicants, Sakka, lord of gods, guiding the gods of the thirty-three, spoke this verse: ",
  "an3.38:2.1": "‘Whoever wants to be like me ",
  "an3.38:2.2": "would observe the sabbath ",
  "an3.38:2.3": "complete in all eight factors, ",
  "an3.38:2.4": "on the fourteenth and the fifteenth days, ",
  "an3.38:2.5": "and the eighth day of the fortnight, ",
  "an3.38:2.6": "as well as on the fortnightly special displays.’ ",
  "an3.38:3.1": "But that verse was poorly sung by Sakka, lord of gods, not well sung; poorly spoken, not well spoken. ",
  "an3.38:3.2": "Why is that? ",
  "an3.38:3.3": "Because Sakka, lord of gods, is not exempt from rebirth, old age, and death, from sorrow, lamentation, pain, sadness, and distress. He is not exempt from suffering, I say. ",
  "an3.38:4.1": "But for a mendicant who is perfected—with defilements ended, who has completed the spiritual journey, done what had to be done, laid down the burden, achieved their heart’s goal, utterly ended the fetter of continued existence, and is rightly freed through enlightenment—it is appropriate to say: ",
  "an3.38:5.1": "‘Whoever wants to be like me ",
  "an3.38:5.2": "would observe the sabbath, ",
  "an3.38:5.3": "complete in all eight factors, ",
  "an3.38:5.4": "on the fourteenth and the fifteenth days, ",
  "an3.38:5.5": "and the eighth day of the fortnight, ",
  "an3.38:5.6": "as well as on the fortnightly special displays.’ ",
  "an3.38:6.1": "Why is that? ",
  "an3.38:6.2": "Because that mendicant is exempt from rebirth, old age, and death, from sorrow, lamentation, pain, sadness, and distress. He is exempt from suffering, I say.” "
}