{
  "an3.4:0.1": "Numbered Discourses 3.4 ",
  "an3.4:0.2": "1. Fools ",
  "an3.4:0.3": "Mistakes ",
  "an3.4:1.1": "“A fool is known by three things. ",
  "an3.4:1.2": "What three? ",
  "an3.4:1.3": "They don’t recognize when they’ve made a mistake. When they do recognize it they don’t deal with it properly. And when someone else confesses a mistake to them, they don’t accept it properly. ",
  "an3.4:1.4": "These are the three things by which a fool is known. ",
  "an3.4:2.1": "An astute person is known by three things. ",
  "an3.4:2.2": "What three? ",
  "an3.4:2.3": "They recognize when they’ve made a mistake. When they recognize it they deal with it properly. And when someone else confesses a mistake to them, they accept it properly. ",
  "an3.4:2.4": "These are the three things by which an astute person is known. ",
  "an3.4:2.5": "So you should train …” "
}