{
  "an3.84:0.1": "Numbered Discourses 3.84 ",
  "an3.84:0.2": "9. Ascetics ",
  "an3.84:0.3": "The Vajji ",
  "an3.84:1.1": "At one time the Buddha was staying near Vesālī, at the Great Wood, in the hall with the peaked roof. ",
  "an3.84:1.2": "Then a certain Vajji monk went up to the Buddha, bowed, sat down to one side, and said to him: ",
  "an3.84:1.3": "“Sir, each fortnight over a hundred and fifty training rules are recited. ",
  "an3.84:1.4": "I’m not able to train in them.” ",
  "an3.84:1.5": "“But monk, are you able to train in three trainings: ",
  "an3.84:1.6": "the higher ethics, the higher mind, and the higher wisdom?” ",
  "an3.84:1.7": "“I am, sir.” ",
  "an3.84:1.8": "",
  "an3.84:1.9": "“So, monk, you should train in these three trainings: ",
  "an3.84:1.10": "the higher ethics, the higher mind, and the higher wisdom. ",
  "an3.84:2.1": "As you train in these, you will give up greed, hate, and delusion. ",
  "an3.84:2.2": "Then you won’t do anything unskillful, or practice anything bad.” ",
  "an3.84:3.1": "After some time that monk trained in the higher ethics, the higher mind, and the higher wisdom. ",
  "an3.84:3.2": "He gave up greed, hate, and delusion. ",
  "an3.84:3.3": "Then he didn’t do anything unskillful, or practice anything bad. "
}