{
  "an3.136:0.1": "Numbered Discourses 3.136 ",
  "an3.136:0.2": "14. A Warrior ",
  "an3.136:0.3": "Arising ",
  "an3.136:1.1": "“Mendicants, whether Realized Ones arise or not, this law of nature persists, this regularity of natural principles, this surety of natural principles: ",
  "an3.136:1.2": "all conditions are impermanent. ",
  "an3.136:1.3": "A Realized One awakens to this and comprehends it, ",
  "an3.136:1.4": "then he explains, teaches, asserts, establishes, clarifies, analyzes, and reveals it: ",
  "an3.136:1.5": "‘All conditions are impermanent.’ ",
  "an3.136:1.6": "Whether Realized Ones arise or not, this law of nature persists, this regularity of natural principles, this surety of natural principles: ",
  "an3.136:1.7": "all conditions are suffering. ",
  "an3.136:1.8": "A Realized One awakens to this and comprehends it, ",
  "an3.136:1.9": "then he explains, teaches, asserts, establishes, clarifies, analyzes, and reveals it: ",
  "an3.136:1.10": "‘All conditions are suffering.’ ",
  "an3.136:1.11": "Whether Realized Ones arise or not, this law of nature persists, this regularity of natural principles, this surety of natural principles: ",
  "an3.136:1.12": "all things are not-self. ",
  "an3.136:1.13": "A Realized One awakens to this and comprehends it, ",
  "an3.136:1.14": "then he explains, teaches, asserts, establishes, clarifies, analyzes, and reveals it: ",
  "an3.136:1.15": "‘All things are not-self.’” "
}