{
  "an3.14:0.1": "Numbered Discourses 3.14 ",
  "an3.14:0.2": "2. The Chariot-Maker ",
  "an3.14:0.3": "The Wheel-Turning Monarch ",
  "an3.14:1.1": "“Mendicants, even a wheel-turning monarch, a just and principled king, does not wield power without having their own king.” ",
  "an3.14:1.2": "When he said this, one of the mendicants asked the Buddha: ",
  "an3.14:1.3": "“But who is the king of the wheel-turning monarch, the just and principled king?” ",
  "an3.14:1.4": "“It is principle, monk,” said the Buddha. ",
  "an3.14:1.5": "“Monk, a wheel-turning monarch provides just protection and security for his court, relying only on principle—honoring, respecting, and venerating principle, having principle as his flag, banner, and authority. ",
  "an3.14:2.1": "He provides just protection and security for his aristocrats, vassals, troops, brahmins and householders, people of town and country, ascetics and brahmins, beasts and birds. ",
  "an3.14:2.2": "When he has done this, he wields power only in a principled manner. ",
  "an3.14:2.3": "And this power cannot be undermined by any human enemy. ",
  "an3.14:3.1": "In the same way, monk, a Realized One, a perfected one, a fully awakened Buddha, a just and principled king, provides just protection and security regarding bodily actions, relying only on principle—honoring, respecting, and venerating principle, having principle as his flag, banner, and authority. ",
  "an3.14:3.2": "‘This kind of bodily action should be cultivated. This kind of bodily action should not be cultivated.’ ",
  "an3.14:4.1": "Furthermore, a Realized One … provides just protection and security regarding verbal actions, saying: ",
  "an3.14:4.2": "‘This kind of verbal action should be cultivated. This kind of verbal action should not be cultivated.’ … And regarding mental actions: ",
  "an3.14:4.3": "‘This kind of mental action should be cultivated. This kind of mental action should not be cultivated.’ ",
  "an3.14:5.1": "And when a Realized One, a perfected one, a fully awakened Buddha has provided just protection and security regarding actions of body, speech, and mind, he rolls forth the supreme Wheel of Dhamma. ",
  "an3.14:5.2": "And that wheel cannot be rolled back by any ascetic or brahmin or god or Māra or divinity or by anyone in the world.” "
}