{
  "an3.87:0.1": "Numbered Discourses 3.87 ",
  "an3.87:0.2": "9. Ascetics ",
  "an3.87:0.3": "Training (2nd) ",
  "an3.87:1.1": "“Mendicants, each fortnight over a hundred and fifty training rules come up for recitation, in which gentlemen who desire self-knowledge train. ",
  "an3.87:1.2": "These are all included in the three trainings. ",
  "an3.87:1.3": "What three? ",
  "an3.87:1.4": "The training in the higher ethics, the higher mind, and the higher wisdom. ",
  "an3.87:1.5": "These are the three trainings that include them all. ",
  "an3.87:2.1": "Take the case of a mendicant who has fulfilled their ethics, but has limited immersion and wisdom. ",
  "an3.87:2.2": "They break some lesser and minor training rules, but are restored. ",
  "an3.87:2.3": "Why is that? ",
  "an3.87:2.4": "Because I don’t say they’re incapable of that. ",
  "an3.87:2.5": "But they’re constant and steady in their precepts regarding the training rules that are fundamental, befitting the spiritual life. They keep the rules they’ve undertaken. ",
  "an3.87:2.6": "With the ending of three fetters they have at most seven rebirths. ",
  "an3.87:2.7": "They will transmigrate at most seven times among gods and humans and then make an end of suffering. ",
  "an3.87:2.8": "With the ending of three fetters, they go from family to family. They will transmigrate between two or three families and then make an end of suffering. ",
  "an3.87:2.9": "With the ending of three fetters, they’re a one-seeder. They will be reborn just one time in a human existence, then make an end of suffering. ",
  "an3.87:2.10": "With the ending of three fetters, and the weakening of greed, hate, and delusion, they’re a once-returner. They come back to this world once only, then make an end of suffering. ",
  "an3.87:3.1": "Take another case of a mendicant who has fulfilled their ethics and immersion, but has limited wisdom. ",
  "an3.87:3.2": "They break some lesser and minor training rules, but are restored. ",
  "an3.87:3.3": "Why is that? ",
  "an3.87:3.4": "Because I don’t say they’re incapable of that. ",
  "an3.87:3.5": "But they’re constant and steady in their precepts regarding the training rules that are fundamental, befitting the spiritual path. They keep the rules they’ve undertaken. ",
  "an3.87:3.6": "With the ending of the five lower fetters they head upstream, going to the Akaniṭṭha realm. ",
  "an3.87:3.7": "With the ending of the five lower fetters they’re extinguished with extra effort. ",
  "an3.87:3.8": "With the ending of the five lower fetters they’re extinguished without extra effort. ",
  "an3.87:3.9": "With the ending of the five lower fetters they’re extinguished upon landing. ",
  "an3.87:3.10": "With the ending of the five lower fetters they’re extinguished between one life and the next. ",
  "an3.87:4.1": "Take another case of a mendicant who has fulfilled their ethics, immersion, and wisdom. ",
  "an3.87:4.2": "They break some lesser and minor training rules, but are restored. ",
  "an3.87:4.3": "Why is that? ",
  "an3.87:4.4": "Because I don’t say they’re incapable of that. ",
  "an3.87:4.5": "But they’re constant and steady in their precepts regarding the training rules that are fundamental, befitting the spiritual path. They keep the rules they’ve undertaken. ",
  "an3.87:4.6": "They realize the undefiled freedom of heart and freedom by wisdom in this very life. And they live having realized it with their own insight due to the ending of defilements. ",
  "an3.87:5.1": "So, mendicants, if you practice partially you succeed partially. If you practice fully you succeed fully. But in any case, these training rules are not a waste, I say.” "
}