{
  "an3.97:0.1": "Numbered Discourses 3.97 ",
  "an3.97:0.2": "10. A Lump of Salt ",
  "an3.97:0.3": "The Thoroughbred (2nd) ",
  "an3.97:1.1": "“Mendicants, a fine royal thoroughbred with three factors is worthy of a king, fit to serve a king, and considered a factor of kingship. ",
  "an3.97:1.2": "What three? ",
  "an3.97:1.3": "It’s when a fine royal thoroughbred is beautiful, strong, and fast. ",
  "an3.97:1.4": "A fine royal thoroughbred with these three factors is worthy of a king, … ",
  "an3.97:1.5": "In the same way, a mendicant with three qualities is worthy of offerings dedicated to the gods, worthy of hospitality, worthy of a religious donation, worthy of veneration with joined palms, and is the supreme field of merit for the world. ",
  "an3.97:1.6": "What three? ",
  "an3.97:1.7": "It’s when a mendicant is beautiful, strong, and fast. ",
  "an3.97:2.1": "And how is a mendicant beautiful? ",
  "an3.97:2.2": "It’s when a mendicant is ethical, restrained in the monastic code, conducting themselves well and resorting for alms in suitable places. Seeing danger in the slightest fault, they keep the rules they’ve undertaken. ",
  "an3.97:2.3": "That’s how a mendicant is beautiful. ",
  "an3.97:3.1": "And how is a mendicant strong? ",
  "an3.97:3.2": "It’s when a mendicant lives with energy roused up for giving up unskillful qualities and embracing skillful qualities. They are strong, staunchly vigorous, not slacking off when it comes to developing skillful qualities. ",
  "an3.97:3.3": "That’s how a mendicant is strong. ",
  "an3.97:4.1": "And how is a mendicant fast? ",
  "an3.97:4.2": "It’s when a mendicant, with the ending of the five lower fetters, is reborn spontaneously. They’re extinguished there, and are not liable to return from that world. ",
  "an3.97:4.3": "That’s how a mendicant is fast. ",
  "an3.97:4.4": "A mendicant with these three qualities is worthy of offerings dedicated to the gods, worthy of hospitality, worthy of a religious donation, worthy of veneration with joined palms, and is the supreme field of merit for the world.” "
}