{
  "an3.77:0.1": "Numbered Discourses 3.77 ",
  "an3.77:0.2": "8. Ānanda ",
  "an3.77:0.3": "Continued Existence (2nd) ",
  "an3.77:1.1": "Then Venerable Ānanda went up to the Buddha, bowed, sat down to one side, and said to him: ",
  "an3.77:1.2": "“Sir, they speak of this thing called ‘continued existence’. ",
  "an3.77:1.3": "How is continued existence defined?” ",
  "an3.77:2.1": "“If, Ānanda, there were no deeds to result in the sensual realm, would continued existence in the sensual realm still come about?” ",
  "an3.77:2.2": "“No, sir.” ",
  "an3.77:2.3": "“So, Ānanda, deeds are the field, consciousness is the seed, and craving is the moisture. ",
  "an3.77:2.4": "The intention and aim of sentient beings—shrouded by ignorance and fettered by craving—is established in a lower realm. That’s how there is regeneration into a new state of existence in the future. ",
  "an3.77:3.1": "If there were no deeds to result in the realm of luminous form, would continued existence in the realm of luminous form still come about?” ",
  "an3.77:3.2": "“No, sir.” ",
  "an3.77:3.3": "“So, Ānanda, deeds are the field, consciousness is the seed, and craving is the moisture. ",
  "an3.77:3.4": "The intention and aim of sentient beings—shrouded by ignorance and fettered by craving—is established in a middle realm. That’s how there is regeneration into a new state of existence in the future. ",
  "an3.77:4.1": "If there were no deeds to result in the formless realm, would continued existence in the formless realm still come about?” ",
  "an3.77:4.2": "“No, sir.” ",
  "an3.77:4.3": "“So, deeds are the field, consciousness is the seed, and craving is the moisture. ",
  "an3.77:4.4": "The intention and aim of sentient beings—shrouded by ignorance and fettered by craving—is established in a higher realm. That’s how there is regeneration into a new state of existence in the future. ",
  "an3.77:4.5": "That’s how continued existence is defined.” "
}