{
  "an3.8:0.1": "Numbered Discourses 3.8 ",
  "an3.8:0.2": "1. Fools ",
  "an3.8:0.3": "Hurtful ",
  "an3.8:1.1": "“A fool is known by three things. ",
  "an3.8:1.2": "What three? ",
  "an3.8:1.3": "Hurtful deeds by way of body, speech, and mind. … An astute person is known by kind deeds by way of body, speech, and mind. ",
  "an3.8:1.4": "These are the three things by which an astute person is known. ",
  "an3.8:2.1": "So you should train like this: ",
  "an3.8:2.2": "‘We will shun the three qualities by which a fool is known, and we will undertake and follow the three qualities by which an astute person is known.’ ",
  "an3.8:2.3": "That’s how you should train.” "
}