{
  "an3.129:0.1": "Numbered Discourses 3.129 ",
  "an3.129:0.2": "13. Kusinārā ",
  "an3.129:0.3": "With Anuruddha (1st) ",
  "an3.129:1.1": "Then Venerable Anuruddha went up to the Buddha, bowed, sat down to one side, and said to him: ",
  "an3.129:1.2": "“Sometimes, sir, with my clairvoyance that’s purified and superhuman, I see that ladies—when their body breaks up, after death—are mostly reborn in a place of loss, a bad place, the underworld, hell. ",
  "an3.129:1.3": "How many qualities do ladies have so that they’re reborn in a place of loss, a bad place, the underworld, hell?” ",
  "an3.129:2.1": "“When ladies have three qualities, when their body breaks up, after death, they are reborn in a place of loss, a bad place, the underworld, hell. ",
  "an3.129:2.2": "What three? ",
  "an3.129:2.3": "A lady lives at home with a heart full of the stain of stinginess in the morning, jealousy at midday, and sexual desire in the evening. ",
  "an3.129:2.4": "When ladies possess these three qualities, when their body breaks up, after death, they are reborn in a place of loss, a bad place, the underworld, hell.” "
}