{
  "an3.78:0.1": "Numbered Discourses 3.78 ",
  "an3.78:0.2": "8. Ānanda ",
  "an3.78:0.3": "Precepts and Observances ",
  "an3.78:1.1": "Then Venerable Ānanda went up to the Buddha, bowed, and sat down to one side. The Buddha said to him: ",
  "an3.78:1.2": "“Ānanda, are all precepts and observances, lifestyles, and spiritual paths fruitful when taken as the essence?” ",
  "an3.78:1.3": "“This matter is not categorical, sir.” ",
  "an3.78:1.4": "“Well then, Ānanda, break it down.” ",
  "an3.78:2.1": "“Take the case of someone who cultivates precepts and observances, a lifestyle, and a spiritual path, taking this as the essence. If unskillful qualities grow while skillful qualities decline, that’s not fruitful. ",
  "an3.78:2.2": "However, if unskillful qualities decline while skillful qualities grow, that is fruitful.” ",
  "an3.78:2.3": "That’s what Ānanda said, ",
  "an3.78:2.4": "and the teacher approved. ",
  "an3.78:3.1": "Then Ānanda, knowing that the teacher approved, got up from his seat, bowed, and respectfully circled the Buddha, keeping him on his right, before leaving. ",
  "an3.78:3.2": "Then, not long after Ānanda had left, the Buddha addressed the mendicants: ",
  "an3.78:3.3": "“Mendicants, Ānanda is a trainee, ",
  "an3.78:3.4": "but it’s not easy to find his equal in wisdom.” "
}