{
  "an3.61:0.1": "Numbered Discourses 3.61 ",
  "an3.61:0.2": "7. The Great Chapter ",
  "an3.61:0.3": "Sectarian Tenets ",
  "an3.61:1.1": "“Mendicants, these three sectarian tenets—as pursued, pressed, and grilled by the astute—when taken to their conclusion, end with inaction. ",
  "an3.61:1.2": "What three? ",
  "an3.61:1.3": "There are some ascetics and brahmins who have this doctrine and view: ",
  "an3.61:1.4": "‘Everything this individual person experiences—pleasurable, painful, or neutral—is because of past deeds.’ ",
  "an3.61:1.5": "There are some ascetics and brahmins who have this doctrine and view: ",
  "an3.61:1.6": "‘Everything this individual person experiences—pleasurable, painful, or neutral—is because of God Almighty’s creation.’ ",
  "an3.61:1.7": "There are some ascetics and brahmins who have this doctrine and view: ",
  "an3.61:1.8": "‘Everything this individual person experiences—pleasurable, painful, or neutral—has no cause or reason.’ ",
  "an3.61:2.1": "Regarding this, I went up to the ascetics and brahmins whose view is that ",
  "an3.61:2.2": "everything an individual person experiences is because of past deeds, and I said to them: ",
  "an3.61:2.3": "‘Is it really true that this is the venerables’ view?’ ",
  "an3.61:2.4": "",
  "an3.61:2.5": "And they answered, ‘Yes’. ",
  "an3.61:2.6": "I said to them: ",
  "an3.61:2.7": "‘In that case, you might kill living creatures, steal, be unchaste; use speech that’s false, divisive, harsh, or nonsensical; be covetous, malicious, or have wrong view, all because of past deeds.’ ",
  "an3.61:3.1": "Those who believe that past deeds are the most important thing have no enthusiasm or effort, no idea that there are things that should and should not be done. ",
  "an3.61:3.2": "Not finding as a genuine fact that there are things that should and should not be done, they’re unmindful and careless, and can’t rightly be called ascetics. ",
  "an3.61:3.3": "This is my first legitimate refutation of the ascetics and brahmins who have this doctrine and view. ",
  "an3.61:4.1": "Regarding this, I went up to the ascetics and brahmins whose view is that ",
  "an3.61:4.2": "everything that an individual person experiences is because of God Almighty’s creation, and I said to them: ",
  "an3.61:4.3": "‘Is it really true that this is the venerables’ view?’ ",
  "an3.61:4.4": "",
  "an3.61:4.5": "And they answered, ‘Yes’. ",
  "an3.61:4.6": "I said to them: ",
  "an3.61:4.7": "‘In that case, you might kill living creatures, steal, be unchaste; use speech that’s false, divisive, harsh, or nonsensical; be covetous, malicious, or have wrong view, all because of God Almighty’s creation.’ ",
  "an3.61:5.1": "Those who believe that God Almighty’s creative power is the most important thing have no enthusiasm, no effort, no idea that there are things that should and should not be done. ",
  "an3.61:5.2": "Not finding as a genuine fact that there are things that should and should not be done, they’re unmindful and careless, and can’t rightly be called ascetics. ",
  "an3.61:5.3": "This is my second legitimate refutation of the ascetics and brahmins who have this doctrine and view. ",
  "an3.61:6.1": "Regarding this, I went up to the ascetics and brahmins whose view is that ",
  "an3.61:6.2": "everything that an individual person experiences has no cause or reason, and I said to them: ",
  "an3.61:6.3": "‘Is it really true that this is the venerables’ view?’ ",
  "an3.61:6.4": "",
  "an3.61:6.5": "And they answered, ‘Yes’. ",
  "an3.61:6.6": "I said to them: ",
  "an3.61:6.7": "‘In that case, you might kill living creatures, steal, be unchaste; use speech that’s false, divisive, harsh, or nonsensical; be covetous, malicious, or have wrong view, all without cause or reason.’ ",
  "an3.61:7.1": "Those who believe that the absence of cause or reason is the most important thing have no enthusiasm, no effort, no idea that there are things that should and should not be done. ",
  "an3.61:7.2": "Not finding as a genuine fact that there are things that should and should not be done, they’re unmindful and careless, and can’t rightly be called ascetics. ",
  "an3.61:7.3": "This is my third legitimate refutation of the ascetics and brahmins who have this doctrine and view. ",
  "an3.61:8.1": "These are the three sectarian tenets—as pursued, pressed, and grilled by the astute—which, when taken to their conclusion, end with inaction. ",
  "an3.61:9.1": "But the Dhamma that I’ve taught is irrefutable, uncorrupted, beyond reproach, and not scorned by sensible ascetics and brahmins. ",
  "an3.61:9.2": "What is the Dhamma that I’ve taught? ",
  "an3.61:9.3": "‘These are the six elements’: this is the Dhamma I’ve taught … ",
  "an3.61:9.4": "‘These are the six fields of contact’: this is the Dhamma I’ve taught … ",
  "an3.61:9.5": "‘These are the eighteen mental preoccupations’: this is the Dhamma I’ve taught … ",
  "an3.61:9.6": "‘These are the four noble truths’: this is the Dhamma I’ve taught that is irrefutable, uncorrupted, beyond reproach, and is not scorned by sensible ascetics and brahmins. ",
  "an3.61:10.1": "‘“These are the six elements”: this is the Dhamma I’ve taught …’ ",
  "an3.61:10.2": "That’s what I said, ",
  "an3.61:10.3": "but why did I say it? ",
  "an3.61:10.4": "There are these six elements: ",
  "an3.61:10.5": "the elements of earth, water, fire, air, space, and consciousness. ",
  "an3.61:10.6": "‘“These are the six elements”: this is the Dhamma I’ve taught …’ ",
  "an3.61:10.7": "That’s what I said, and this is why I said it. ",
  "an3.61:11.1": "‘“These are the six fields of contact”: this is the Dhamma I’ve taught …’ ",
  "an3.61:11.2": "That’s what I said, ",
  "an3.61:11.3": "but why did I say it? ",
  "an3.61:11.4": "There are these six fields of contact: ",
  "an3.61:11.5": "eye, ear, nose, tongue, body, and mind contact. ",
  "an3.61:11.6": "‘“These are the six fields of contact”: this is the Dhamma I’ve taught …’ ",
  "an3.61:11.7": "That’s what I said, and this is why I said it. ",
  "an3.61:12.1": "‘“These are the eighteen mental preoccupations”: this is the Dhamma I’ve taught …’ ",
  "an3.61:12.2": "This is what I said, ",
  "an3.61:12.3": "but why did I say it? ",
  "an3.61:12.4": "Seeing a sight with the eye, one is preoccupied with a sight that’s a basis for happiness or sadness or equanimity. ",
  "an3.61:12.5": "Hearing a sound with the ear … ",
  "an3.61:12.6": "Smelling an odor with the nose … ",
  "an3.61:12.7": "Tasting a flavor with the tongue … ",
  "an3.61:12.8": "Feeling a touch with the body … ",
  "an3.61:12.9": "Becoming conscious of an idea with the mind, one is preoccupied with an idea that’s a basis for happiness or sadness or equanimity. ",
  "an3.61:12.10": "‘“These are the eighteen mental preoccupations”: this is the Dhamma I’ve taught …’ ",
  "an3.61:12.11": "That’s what I said, and this is why I said it. ",
  "an3.61:13.1": "‘“These are the four noble truths”: this is the Dhamma I’ve taught …’ ",
  "an3.61:13.2": "That’s what I said, ",
  "an3.61:13.3": "but why did I say it? ",
  "an3.61:13.4": "Supported by the six elements, an embryo is conceived. ",
  "an3.61:13.5": "When it is conceived, there are name and form. Name and form are requirements for the six sense fields. The six sense fields are requirements for contact. Contact is a requirement for feeling. ",
  "an3.61:13.6": "It’s for one who feels that I declare: ‘This is suffering’ … ‘This is the origin of suffering’ … ‘This is the cessation of suffering’ … ‘This is the practice that leads to the cessation of suffering’. ",
  "an3.61:14.1": "And what is the noble truth of suffering? ",
  "an3.61:14.2": "Rebirth is suffering; old age is suffering; death is suffering; sorrow, lamentation, pain, sadness, and distress are suffering; being coupled with the disliked is suffering; separation from the liked is suffering; not getting what you wish for is suffering. In brief, the five grasping aggregates are suffering. ",
  "an3.61:14.3": "This is called the noble truth of suffering. ",
  "an3.61:15.1": "And what is the noble truth of the origin of suffering? ",
  "an3.61:15.2": "Ignorance is a requirement for choices. ",
  "an3.61:15.3": "Choices are a requirement for consciousness. ",
  "an3.61:15.4": "Consciousness is a requirement for name and form. ",
  "an3.61:15.5": "Name and form are requirements for the six sense fields. ",
  "an3.61:15.6": "The six sense fields are requirements for contact. ",
  "an3.61:15.7": "Contact is a requirement for feeling. ",
  "an3.61:15.8": "Feeling is a requirement for craving. ",
  "an3.61:15.9": "Craving is a requirement for grasping. ",
  "an3.61:15.10": "Grasping is a requirement for continued existence. ",
  "an3.61:15.11": "Continued existence is a requirement for rebirth. ",
  "an3.61:15.12": "Rebirth is a requirement for old age and death, sorrow, lamentation, pain, sadness, and distress to come to be. ",
  "an3.61:15.13": "That is how this entire mass of suffering originates. ",
  "an3.61:15.14": "This is called the noble truth of the origin of suffering. ",
  "an3.61:16.1": "And what is the noble truth of the cessation of suffering? ",
  "an3.61:16.2": "When ignorance fades away and ceases with nothing left over, choices cease. ",
  "an3.61:16.3": "When choices cease, consciousness ceases. ",
  "an3.61:16.4": "When consciousness ceases, name and form cease. ",
  "an3.61:16.5": "When name and form cease, the six sense fields cease. ",
  "an3.61:16.6": "When the six sense fields cease, contact ceases. ",
  "an3.61:16.7": "When contact ceases, feeling ceases. ",
  "an3.61:16.8": "When feeling ceases, craving ceases. ",
  "an3.61:16.9": "When craving ceases, grasping ceases. ",
  "an3.61:16.10": "When grasping ceases, continued existence ceases. ",
  "an3.61:16.11": "When continued existence ceases, rebirth ceases. ",
  "an3.61:16.12": "When rebirth ceases, old age and death, sorrow, lamentation, pain, sadness, and distress cease. ",
  "an3.61:16.13": "That is how this entire mass of suffering ceases. ",
  "an3.61:16.14": "This is called the noble truth of the cessation of suffering. ",
  "an3.61:17.1": "And what is the noble truth of the practice that leads to the cessation of suffering? ",
  "an3.61:17.2": "It is simply this noble eightfold path, that is: ",
  "an3.61:17.3": "right view, right thought, right speech, right action, right livelihood, right effort, right mindfulness, and right immersion. ",
  "an3.61:17.4": "This is called the noble truth of the practice that leads to the cessation of suffering. ",
  "an3.61:17.5": "‘“These are the four noble truths”: this is the Dhamma I’ve taught that is irrefutable, uncorrupted, beyond reproach, and is not scorned by sensible ascetics and brahmins.’ ",
  "an3.61:17.6": "That’s what I said, and this is why I said it.” "
}