{
  "an3.28:0.1": "Numbered Discourses 3.28 ",
  "an3.28:0.2": "3. Individuals ",
  "an3.28:0.3": "Speech like Dung ",
  "an3.28:1.1": "“These three individuals are found in the world. ",
  "an3.28:1.2": "What three? ",
  "an3.28:1.3": "One with speech like dung, one with speech like flowers, and one with speech like honey. ",
  "an3.28:1.4": "And who has speech like dung? ",
  "an3.28:1.5": "It’s an individual who is summoned to a council, an assembly, a family meeting, a guild, or to the royal court, and asked to bear witness: ‘Please, mister, say what you know.’ Not knowing, they say ‘I know.’ Knowing, they say ‘I don’t know.’ Not seeing, they say ‘I see.’ And seeing, they say ‘I don’t see.’ So they deliberately lie for the sake of themselves or another, or for some trivial worldly reason. ",
  "an3.28:1.6": "This is called an individual with speech like dung. ",
  "an3.28:2.1": "And who has speech like flowers? ",
  "an3.28:2.2": "It’s an individual who is summoned to a council, an assembly, a family meeting, a guild, or to the royal court, and asked to bear witness: ‘Please, mister, say what you know.’ Not knowing, they say ‘I don’t know.’ Knowing, they say ‘I know.’ Not seeing, they say ‘I don’t see.’ And seeing, they say ‘I see.’ So they don’t deliberately lie for the sake of themselves or another, or for some trivial worldly reason. ",
  "an3.28:2.3": "This is called an individual with speech like flowers. ",
  "an3.28:3.1": "And who has speech like honey? ",
  "an3.28:3.2": "It’s an individual who gives up harsh speech. ",
  "an3.28:3.3": "They speak in a way that’s mellow, pleasing to the ear, lovely, going to the heart, polite, likable and agreeable to the people. ",
  "an3.28:3.4": "This is called an individual with speech like honey. ",
  "an3.28:3.5": "These are the three individuals found in the world.” "
}