{
  "an3.58:0.1": "Numbered Discourses 3.58 ",
  "an3.58:0.2": "6. Brahmins ",
  "an3.58:0.3": "With Tikaṇṇa ",
  "an3.58:1.1": "Then Tikaṇṇa the brahmin went up to the Buddha, and exchanged greetings with him. ",
  "an3.58:1.2": "Seated to one side, in front of the Buddha, Tikaṇṇa praised the brahmins who were proficient in the three Vedas, ",
  "an3.58:1.3": "“Such are the brahmins, masters of the three Vedic knowledges! Thus are the brahmins, masters of the three Vedic knowledges!” ",
  "an3.58:2.1": "“But brahmin, how do the brahmins describe a brahmin who is master of the three Vedic knowledges?” ",
  "an3.58:2.2": "“Worthy Gotama, it’s when a brahmin is well born on both his mother’s and father’s side, of pure descent, with irrefutable and impeccable genealogy back to the seventh paternal generation. He recites and remembers the hymns, and has mastered the three Vedas, together with their vocabularies and ritual performance, their phonology and word classification, and the testaments as fifth. He knows them word-by-word, and their grammar. He is well versed in cosmology and the marks of a great man. ",
  "an3.58:2.3": "That’s how the brahmins describe a brahmin who is master of the three Vedic knowledges.” ",
  "an3.58:3.1": "“Brahmin, a master of three knowledges according to the brahmins is quite different from a master of the three knowledges in the training of the Noble One.” ",
  "an3.58:3.2": "“But worthy Gotama, how is one a master of the three knowledges in the training of the Noble One? ",
  "an3.58:3.3": "Worthy Gotama, please teach me this.” ",
  "an3.58:3.4": "“Well then, brahmin, listen and apply your mind well, I will speak.” ",
  "an3.58:3.5": "“Yes, worthy sir,” Tikaṇṇa replied. ",
  "an3.58:3.6": "The Buddha said this: ",
  "an3.58:4.1": "“Brahmin, it’s when a mendicant, quite secluded from sensual pleasures, secluded from unskillful qualities, enters and remains in the first absorption, which has the rapture and bliss born of seclusion, while placing the mind and keeping it connected. ",
  "an3.58:4.2": "As the placing of the mind and keeping it connected are stilled, they enter and remain in the second absorption, which has the rapture and bliss born of immersion, with internal clarity and mind at one, without placing the mind and keeping it connected. ",
  "an3.58:4.3": "And with the fading away of rapture, they enter and remain in the third absorption, where they meditate with equanimity, mindful and aware, personally experiencing the bliss of which the noble ones declare, ‘Equanimous and mindful, one meditates in bliss.’ ",
  "an3.58:4.4": "With the giving up of pleasure and pain, and the ending of former happiness and sadness, they enter and remain in the fourth absorption, without pleasure or pain, with pure equanimity and mindfulness. ",
  "an3.58:5.1": "When their mind has become immersed in samādhi like this—purified, bright, flawless, rid of corruptions, pliable, workable, steady, and imperturbable—they extend it toward recollection of past lives. ",
  "an3.58:5.2": "They recollect many kinds of past lives. That is: one, two, three, four, five, ten, twenty, thirty, forty, fifty, a hundred, a thousand, a hundred thousand rebirths; many eons of the world contracting, many eons of the world expanding, many eons of the world contracting and expanding. They remember: ‘There, I was named this, my clan was that, I looked like this, and that was my food. This was how I felt pleasure and pain, and that was how my life ended. When I passed away from that place I was reborn somewhere else. There, too, I was named this, my clan was that, I looked like this, and that was my food. This was how I felt pleasure and pain, and that was how my life ended. When I passed away from that place I was reborn here.’ And so they recollect their many kinds of past lives, with features and details. ",
  "an3.58:5.3": "This is the first knowledge that they attain. ",
  "an3.58:5.4": "Ignorance is banished and knowledge has arisen; darkness is banished and light has arisen, as happens for a meditator who is diligent, keen, and resolute. ",
  "an3.58:6.1": "When their mind has become immersed in samādhi like this—purified, bright, flawless, rid of corruptions, pliable, workable, steady, and imperturbable—they extend it toward knowledge of the death and rebirth of sentient beings. ",
  "an3.58:6.2": "With clairvoyance that is purified and superhuman, they see sentient beings passing away and being reborn—inferior and superior, beautiful and ugly, in a good place or a bad place. They understand how sentient beings pass on according to their deeds: ‘These dear beings did bad things by way of body, speech, and mind. They denounced the noble ones; they had wrong view; and they chose to act out of that wrong view. When their body breaks up, after death, they’re reborn in a place of loss, a bad place, the underworld, hell. These dear beings, however, did good things by way of body, speech, and mind. They never denounced the noble ones; they had right view; and they chose to act out of that right view. When their body breaks up, after death, they’re reborn in a good place, a heavenly realm.’ And so, with clairvoyance that is purified and superhuman, they see sentient beings passing away and being reborn—inferior and superior, beautiful and ugly, in a good place or a bad place. They understand how sentient beings pass on according to their deeds. ",
  "an3.58:6.3": "This is the second knowledge that they attain. ",
  "an3.58:6.4": "Ignorance is banished and knowledge has arisen; darkness is banished and light has arisen, as happens for a meditator who is diligent, keen, and resolute. ",
  "an3.58:7.1": "When their mind has become immersed in samādhi like this—purified, bright, flawless, rid of corruptions, pliable, workable, steady, and imperturbable—they extend it toward knowledge of the ending of defilements. ",
  "an3.58:7.2": "They truly understand: ‘This is suffering’ … ‘This is the origin of suffering’ … ‘This is the cessation of suffering’ … ‘This is the practice that leads to the cessation of suffering’. ",
  "an3.58:7.3": "They truly understand: ‘These are defilements’ … ‘This is the origin of defilements’ … ‘This is the cessation of defilements’ … ‘This is the practice that leads to the cessation of defilements’. ",
  "an3.58:7.4": "Knowing and seeing like this, their mind is freed from the defilements of sensuality, desire to be reborn, and ignorance. ",
  "an3.58:7.5": "When they’re freed, they know they’re freed. ",
  "an3.58:7.6": "They understand: ‘Rebirth is ended, the spiritual journey has been completed, what had to be done has been done, there is nothing further for this place.’ ",
  "an3.58:7.7": "This is the third knowledge that they attain. ",
  "an3.58:7.8": "Ignorance is banished and knowledge has arisen; darkness is banished, and light has arisen, as happens for a meditator who is diligent, keen, and resolute. ",
  "an3.58:8.1": "For someone whose ethical conduct doesn’t waver, ",
  "an3.58:8.2": "who is alert, practicing absorption; ",
  "an3.58:8.3": "whose mind is mastered, ",
  "an3.58:8.4": "unified, serene. ",
  "an3.58:9.1": "That attentive one dispels the darkness, ",
  "an3.58:9.2": "master of the three knowledges, conqueror of death. ",
  "an3.58:9.3": "For the welfare of gods and humans, ",
  "an3.58:9.4": "he has given up everything, they say. ",
  "an3.58:10.1": "Accomplished in the three knowledges, ",
  "an3.58:10.2": "living without confusion, ",
  "an3.58:10.3": "bearing the final body, ",
  "an3.58:10.4": "they revere the awakened Gotama. ",
  "an3.58:11.1": "One who knows their past lives, ",
  "an3.58:11.2": "sees heaven and places of loss, ",
  "an3.58:11.3": "and has attained the ending of rebirth, ",
  "an3.58:11.4": "a sage of perfect insight— ",
  "an3.58:12.1": "it’s because of these three knowledges ",
  "an3.58:12.2": "that a brahmin is a master of the three knowledges. ",
  "an3.58:12.3": "That’s who I call a three-knowledge master, ",
  "an3.58:12.4": "and not the other <j>who repeats what they are told. ",
  "an3.58:13.1": "This, brahmin, is a master of the three knowledges in the training of the Noble One.” ",
  "an3.58:13.2": "“Worthy Gotama, a master of three knowledges according to the brahmins is quite different from a master of the three knowledges in the training of the Noble One. ",
  "an3.58:13.3": "And, worthy Gotama, a master of three knowledges according to the brahmins is not worth a sixteenth part of a master of the three knowledges in the training of the Noble One. ",
  "an3.58:14.1": "Excellent, worthy Gotama! Excellent! … ",
  "an3.58:14.2": "From this day forth, may the worthy Gotama remember me as a lay follower who has gone for refuge for life.” "
}