{
  "an3.37:0.1": "Numbered Discourses 3.37 ",
  "an3.37:0.2": "4. Messengers of the Gods ",
  "an3.37:0.3": "The Four Great Kings (1st) ",
  "an3.37:1.1": "“On the eighth day of the fortnight, mendicants, the ministers and councillors of the four great kings wander about the world, thinking: ",
  "an3.37:1.2": "‘Hopefully most humans are paying due respect to their parents, ascetics and brahmins, honoring the elders in their families, observing and keeping vigil on the sabbath, and making merit.’ ",
  "an3.37:1.3": "And on the fourteenth day of the fortnight, the sons of the four great kings wander about the world, thinking: ",
  "an3.37:1.4": "‘Hopefully most humans are paying due respect to their parents … and making merit.’ ",
  "an3.37:1.5": "And on the fifteenth day sabbath, the four great kings themselves wander about the world, thinking: ",
  "an3.37:1.6": "‘Hopefully most humans are paying due respect to their parents … and making merit.’ ",
  "an3.37:2.1": "If only a few humans are paying due respect to their parents … and making merit, ",
  "an3.37:2.2": "the four great kings address the gods of the thirty-three, seated together in the Hall of Clear Right: ",
  "an3.37:2.3": "‘Only a few humans are paying due respect to their parents … and making merit.’ ",
  "an3.37:2.4": "Then the gods of the thirty-three are disappointed, thinking, ",
  "an3.37:2.5": "‘The heavenly hosts will dwindle, while the titan hosts will swell!’ ",
  "an3.37:3.1": "But if many humans are paying due respect to their parents … and making merit, ",
  "an3.37:3.2": "the four great kings address the gods of the thirty-three, seated together in the Hall of Clear Right: ",
  "an3.37:3.3": "‘Many humans are paying due respect to their parents … and making merit.’ ",
  "an3.37:3.4": "Then the gods of the thirty-three are pleased, thinking, ",
  "an3.37:3.5": "‘The heavenly hosts will swell, while the titan hosts will dwindle!’ ",
  "an3.37:4.1": "Once upon a time, Sakka, lord of gods, guiding the gods of the thirty-three, spoke this verse: ",
  "an3.37:5.1": "‘Whoever wants to be like me ",
  "an3.37:5.2": "would observe the sabbath ",
  "an3.37:5.3": "complete in all eight factors, ",
  "an3.37:5.4": "on the fourteenth and the fifteenth days, ",
  "an3.37:5.5": "and the eighth day of the fortnight, ",
  "an3.37:5.6": "as well as on the fortnightly special displays.’ ",
  "an3.37:6.1": "But that verse was poorly sung by Sakka, lord of gods, not well sung; poorly spoken, not well spoken. ",
  "an3.37:6.2": "Why is that? ",
  "an3.37:6.3": "Sakka, lord of gods, is not free of greed, hate, and delusion. ",
  "an3.37:7.1": "But for a mendicant who is perfected—with defilements ended, who has completed the spiritual journey, done what had to be done, laid down the burden, achieved their heart’s goal, utterly ended the fetter of continued existence, and is rightly freed through enlightenment—it is appropriate to say: ",
  "an3.37:8.1": "‘Whoever wants to be like me ",
  "an3.37:8.2": "would observe the sabbath, ",
  "an3.37:8.3": "complete in all eight factors, ",
  "an3.37:8.4": "on the fourteenth and the fifteenth days, ",
  "an3.37:8.5": "and the eighth day of the fortnight, ",
  "an3.37:8.6": "as well as on the fortnightly special displays.’ ",
  "an3.37:9.1": "Why is that? ",
  "an3.37:9.2": "Because that mendicant is free of greed, hate, and delusion.” "
}