{
  "an3.19:0.1": "Numbered Discourses 3.19 ",
  "an3.19:0.2": "2. The Chariot-Maker ",
  "an3.19:0.3": "A Shopkeeper (1st) ",
  "an3.19:1.1": "“Mendicants, a shopkeeper who has three factors is unable to acquire more wealth or to increase the wealth they’ve already acquired. ",
  "an3.19:1.2": "What three? ",
  "an3.19:1.3": "It’s when a shopkeeper doesn’t carefully focus on their work in the morning, at midday, and in the afternoon. ",
  "an3.19:1.4": "A shopkeeper who has these three factors is unable to acquire more wealth or to increase the wealth they’ve already acquired. ",
  "an3.19:2.1": "In the same way, a mendicant who has three qualities is unable to acquire more skillful qualities or to increase the skillful qualities they’ve already acquired. ",
  "an3.19:2.2": "What three? ",
  "an3.19:2.3": "It’s when a mendicant doesn’t carefully focus on a meditation subject as a basis of immersion in the morning, at midday, and in the afternoon. ",
  "an3.19:2.4": "A mendicant who possesses these three qualities is unable to acquire more skillful qualities or to increase the skillful qualities they’ve already acquired. ",
  "an3.19:3.1": "A shopkeeper who has three factors is able to acquire more wealth or to increase the wealth they’ve already acquired. ",
  "an3.19:3.2": "What three? ",
  "an3.19:3.3": "It’s when a shopkeeper carefully focuses on their work in the morning, at midday, and in the afternoon. ",
  "an3.19:3.4": "A shopkeeper who has these three factors is able to acquire more wealth or to increase the wealth they’ve already acquired. ",
  "an3.19:4.1": "In the same way, a mendicant who has three qualities is able to acquire more skillful qualities or to increase the skillful qualities they’ve already acquired. ",
  "an3.19:4.2": "What three? ",
  "an3.19:4.3": "It’s when a mendicant carefully focuses on a meditation subject as a basis of immersion in the morning, at midday, and in the afternoon. ",
  "an3.19:4.4": "A mendicant who possesses these three qualities is able to acquire more skillful qualities or to increase the skillful qualities they’ve already acquired.” "
}