{
  "an3.116:0.1": "Numbered Discourses 3.116 ",
  "an3.116:0.2": "12. Bound for Loss ",
  "an3.116:0.3": "Imperturbable ",
  "an3.116:1.1": "“Mendicants, these three individuals are found in the world. ",
  "an3.116:1.2": "What three? ",
  "an3.116:1.3": "First, an individual, going totally beyond perceptions of form, with the disappearance of perceptions of impingement, not focusing on perceptions of diversity, aware that ‘space is infinite’, enters and remains in the dimension of infinite space. ",
  "an3.116:1.4": "They enjoy it and like it and find it rewarding. If they’re set on that, committed to it, and meditate on it often without losing it, when they die they’re reborn in the company of the gods of the dimension of infinite space. ",
  "an3.116:1.5": "The lifespan of the gods of infinite space is twenty thousand eons. ",
  "an3.116:1.6": "An ordinary person stays there until the lifespan of those gods is spent, then they go to hell or the animal realm or the ghost realm. ",
  "an3.116:1.7": "But a disciple of the Buddha stays there until the lifespan of those gods is spent, then they’re extinguished in that very life. ",
  "an3.116:1.8": "This is the difference between a learned noble disciple and an unlearned ordinary person as regards their place of rebirth. ",
  "an3.116:2.1": "Furthermore, an individual, going totally beyond the dimension of infinite space, aware that ‘consciousness is infinite’, enters and remains in the dimension of infinite consciousness. ",
  "an3.116:2.2": "They enjoy it and like it and find it rewarding. If they’re set on that, committed to it, and meditate on it often without losing it, when they die they’re reborn in the company of the gods of the dimension of infinite consciousness. ",
  "an3.116:2.3": "The lifespan of the gods of infinite consciousness is forty thousand eons. ",
  "an3.116:2.4": "An ordinary person stays there until the lifespan of those gods is spent, then they go to hell or the animal realm or the ghost realm. ",
  "an3.116:2.5": "But a disciple of the Buddha stays there until the lifespan of those gods is spent, then they’re extinguished in that very life. ",
  "an3.116:2.6": "This is the difference between a learned noble disciple and an unlearned ordinary person as regards their place of rebirth. ",
  "an3.116:3.1": "Furthermore, an individual, going totally beyond the dimension of infinite consciousness, aware that ‘there is nothing at all’, enters and remains in the dimension of nothingness. ",
  "an3.116:3.2": "They enjoy it and like it and find it rewarding. If they’re set on that, committed to it, and meditate on it often without losing it, when they die they’re reborn in the company of the gods of the dimension of nothingness. ",
  "an3.116:3.3": "The lifespan of the gods of nothingness is sixty thousand eons. ",
  "an3.116:3.4": "An ordinary person stays there until the lifespan of those gods is spent, then they go to hell or the animal realm or the ghost realm. ",
  "an3.116:3.5": "But a disciple of the Buddha stays there until the lifespan of those gods is spent, then they’re extinguished in that very life. ",
  "an3.116:3.6": "This is the difference between a learned noble disciple and an unlearned ordinary person as regards their place of rebirth. ",
  "an3.116:3.7": "These are the three individuals found in the world.” "
}