{
  "an3.81:0.1": "Numbered Discourses 3.81 ",
  "an3.81:0.2": "9. Ascetics ",
  "an3.81:0.3": "Ascetics ",
  "an3.81:1.1": "“Mendicants, there are three duties of an ascetic. ",
  "an3.81:1.2": "What three? ",
  "an3.81:1.3": "Undertaking the training in the higher ethics, the higher mind, and the higher wisdom. ",
  "an3.81:1.4": "These are the three duties of an ascetic. ",
  "an3.81:2.1": "So you should train like this: ",
  "an3.81:2.2": "‘We will have keen enthusiasm for undertaking the training in the higher ethics, the higher mind, and the higher wisdom.’ ",
  "an3.81:2.3": "That’s how you should train.” "
}