{
  "an3.90:0.1": "Numbered Discourses 3.90 ",
  "an3.90:0.2": "9. Ascetics ",
  "an3.90:0.3": "Three Trainings (2nd) ",
  "an3.90:1.1": "“Mendicants, these are the three trainings. ",
  "an3.90:1.2": "What three? ",
  "an3.90:1.3": "The training in the higher ethics, the higher mind, and the higher wisdom. ",
  "an3.90:2.1": "And what is the training in the higher ethics? ",
  "an3.90:2.2": "It’s when a mendicant is ethical, restrained in the monastic code, conducting themselves well and resorting for alms in suitable places. Seeing danger in the slightest fault, they keep the rules they’ve undertaken. ",
  "an3.90:2.3": "This is called the training in the higher ethics. ",
  "an3.90:3.1": "And what is the training in the higher mind? ",
  "an3.90:3.2": "It’s when a mendicant, quite secluded from sensual pleasures, secluded from unskillful qualities, enters and remains in the first absorption … second absorption … third absorption … fourth absorption. ",
  "an3.90:3.3": "This is called the training in the higher mind. ",
  "an3.90:4.1": "And what is the training in the higher wisdom? ",
  "an3.90:4.2": "It’s when a mendicant realizes the undefiled freedom of heart and freedom by wisdom in this very life. And they live having realized it with their own insight due to the ending of defilements. ",
  "an3.90:4.3": "This is called the training in the higher wisdom. ",
  "an3.90:4.4": "These are the three trainings. ",
  "an3.90:5.1": "The higher ethics, the higher mind, ",
  "an3.90:5.2": "and the higher wisdom should be practiced ",
  "an3.90:5.3": "by those energetic, steadfast, and resolute, ",
  "an3.90:5.4": "practicing absorption, mindful, with guarded senses. ",
  "an3.90:6.1": "As before, so behind; ",
  "an3.90:6.2": "as behind, so before. ",
  "an3.90:6.3": "As below, so above; ",
  "an3.90:6.4": "as above, so below. ",
  "an3.90:7.1": "As by day, so by night; ",
  "an3.90:7.2": "as by night, so by day. ",
  "an3.90:7.3": "Having mastered every direction ",
  "an3.90:7.4": "with limitless immersion, ",
  "an3.90:8.1": "they call them a ‘trainee on the path’, ",
  "an3.90:8.2": "and ‘one living a pure life’. ",
  "an3.90:8.3": "But a wise one who has gone to the end of the path ",
  "an3.90:8.4": "they call a ‘Buddha’ in the world. ",
  "an3.90:9.1": "With the cessation of consciousness, ",
  "an3.90:9.2": "freed by the ending of craving, ",
  "an3.90:9.3": "the liberation of their heart ",
  "an3.90:9.4": "is like a lamp going out.” "
}