{
  "an3.155:0.1": "Numbered Discourses 3.155 ",
  "an3.155:0.2": "15. Good Fortune ",
  "an3.155:0.3": "Morning ",
  "an3.155:1.1": "“Mendicants, those sentient beings who do good things in the morning by way of body, speech, and mind have a good morning. ",
  "an3.155:2.1": "Those sentient beings who do good things at midday by way of body, speech, and mind have a good midday. ",
  "an3.155:3.1": "Those sentient beings who do good things in the evening by way of body, speech, and mind have a good evening. ",
  "an3.155:4.1": "A good star, a good fortune, ",
  "an3.155:4.2": "a good dawn, a good rising, ",
  "an3.155:4.3": "a good moment, a good hour: ",
  "an3.155:4.4": "these come with good gifts to spiritual practitioners. ",
  "an3.155:5.1": "Auspicious deeds of body, ",
  "an3.155:5.2": "verbal auspicious deeds, ",
  "an3.155:5.3": "auspicious deeds of mind, ",
  "an3.155:5.4": "auspicious resolutions: ",
  "an3.155:5.5": "when your deeds have been auspicious, ",
  "an3.155:5.6": "you get auspicious benefits. ",
  "an3.155:6.1": "Those happy with these benefits ",
  "an3.155:6.2": "flourish in the Buddha’s teaching. ",
  "an3.155:6.3": "May you and all your relatives ",
  "an3.155:6.4": "be healthy and happy!” ",
  "an3.155:6.5": "",
  "an3.155:6.6": "",
  "an3.155:7.1": "",
  "an3.155:7.2": "",
  "an3.155:7.3": "",
  "an3.155:7.4": ""
}