{
  "an3.143:0.1": "Numbered Discourses 3.143 ",
  "an3.143:0.2": "14. A Warrior ",
  "an3.143:0.3": "At the Peacocks’ Feeding Ground (1st) ",
  "an3.143:1.1": "At one time the Buddha was staying near Rājagaha, at the monastery of the wanderers in the peacocks’ feeding ground. ",
  "an3.143:1.2": "There the Buddha addressed the mendicants, ",
  "an3.143:1.3": "“Mendicants!” ",
  "an3.143:1.4": "“Venerable sir,” they replied. ",
  "an3.143:1.5": "The Buddha said this: ",
  "an3.143:2.1": "“Mendicants, a mendicant with three qualities has reached the ultimate end, the ultimate sanctuary from the yoke, the ultimate spiritual life, the ultimate goal. They are the best among gods and humans. ",
  "an3.143:2.2": "What three? ",
  "an3.143:2.3": "The entire spectrum of an adept’s ethics, immersion, and wisdom. ",
  "an3.143:2.4": "A mendicant with these three qualities has reached the ultimate end, the ultimate sanctuary from the yoke, the ultimate spiritual life, the ultimate goal. They are the best among gods and humans.” "
}