{
  "an3.52:0.1": "Numbered Discourses 3.52 ",
  "an3.52:0.2": "6. Brahmins ",
  "an3.52:0.3": "Two Brahmins (2nd) ",
  "an3.52:1.1": "Then two old brahmins—elderly and senior, who were advanced in years and had reached the final stage of life, being a hundred and twenty years old—went up to the Buddha, bowed, sat down to one side, and said to the Buddha: ",
  "an3.52:1.2": "“We brahmins, worthy Gotama, are old, elderly and senior, we’re advanced in years and have reached the final stage of life; we’re a hundred and twenty years old. ",
  "an3.52:1.3": "And we haven’t done what is good and skillful, nor have we made a shelter from fear. ",
  "an3.52:1.4": "Advise us, worthy Gotama, instruct us! It will be for our lasting welfare and happiness.” ",
  "an3.52:2.1": "“Indeed, brahmins, you’re old, elderly and senior. ",
  "an3.52:2.2": "And you haven’t done what is good and skillful, nor have you made a shelter from fear. ",
  "an3.52:2.3": "This world is burning with old age, sickness, and death. ",
  "an3.52:2.4": "But restraint here by way of body, speech, and mind is the shelter, protection, island, refuge, and haven for the departed. ",
  "an3.52:3.1": "When your house is on fire, ",
  "an3.52:3.2": "you rescue the pot ",
  "an3.52:3.3": "that’s useful, ",
  "an3.52:3.4": "not the one that’s burnt. ",
  "an3.52:4.1": "And as the world is on fire ",
  "an3.52:4.2": "with old age and death, ",
  "an3.52:4.3": "you should rescue by giving, ",
  "an3.52:4.4": "for what’s given is rescued. ",
  "an3.52:5.1": "The restraint practiced here—",
  "an3.52:5.2": "of body, speech, and mind—",
  "an3.52:5.3": "leads the departed to happiness, ",
  "an3.52:5.4": "as the good deeds done while living.” "
}