{
  "an3.29:0.1": "Numbered Discourses 3.29 ",
  "an3.29:0.2": "3. Individuals ",
  "an3.29:0.3": "Blind ",
  "an3.29:1.1": "“These three individuals are found in the world. ",
  "an3.29:1.2": "What three? ",
  "an3.29:1.3": "The blind, the one-eyed, and the two-eyed. ",
  "an3.29:1.4": "Who is the blind individual? ",
  "an3.29:1.5": "It’s someone who doesn’t have the kind of vision that’s needed to acquire more wealth or to increase the wealth they’ve already acquired. ",
  "an3.29:1.6": "Nor do they have the kind of vision that’s needed to know the difference between qualities that are skillful and unskillful, blameworthy and blameless, inferior and superior, and those on the side of dark and bright. ",
  "an3.29:1.7": "This is called a blind individual. ",
  "an3.29:2.1": "Who is the individual with one eye? ",
  "an3.29:2.2": "It’s someone who has the kind of vision that’s needed to acquire more wealth and to increase the wealth they’ve already acquired. ",
  "an3.29:2.3": "But they don’t have the kind of vision that’s needed to know the difference between qualities that are skillful and unskillful, blameworthy and blameless, inferior and superior, and those on the side of dark and bright. ",
  "an3.29:2.4": "This is called a one-eyed individual. ",
  "an3.29:3.1": "Who is the individual with two eyes? ",
  "an3.29:3.2": "It’s someone who has the kind of vision that’s needed to acquire more wealth and to increase the wealth they’ve already acquired. ",
  "an3.29:3.3": "And they have the kind of vision that’s needed to know the difference between skillful and unskillful, blameworthy and blameless, inferior and superior, or qualities on the side of dark and bright. ",
  "an3.29:3.4": "",
  "an3.29:3.5": "This is called a two-eyed individual. ",
  "an3.29:3.6": "These are the three individuals found in the world. ",
  "an3.29:4.1": "Neither suitable wealth, ",
  "an3.29:4.2": "nor merit do they make. ",
  "an3.29:4.3": "They hold a losing hand on both counts, ",
  "an3.29:4.4": "those who are blind, with ruined eyes. ",
  "an3.29:5.1": "And now the one-eyed ",
  "an3.29:5.2": "individual is explained. ",
  "an3.29:5.3": "By methods good and bad, ",
  "an3.29:5.4": "that devious person seeks wealth. ",
  "an3.29:6.1": "Both by fraudulent, thieving deeds, ",
  "an3.29:6.2": "and also by lies, ",
  "an3.29:6.3": "the young man’s skilled at piling up money, ",
  "an3.29:6.4": "and enjoying sensual pleasures. ",
  "an3.29:6.5": "From here they go to hell—",
  "an3.29:6.6": "the one-eyed person is ruined. ",
  "an3.29:7.1": "And now the two-eyed is explained, ",
  "an3.29:7.2": "the best individual. ",
  "an3.29:7.3": "Their wealth is earned legitimately, ",
  "an3.29:7.4": "money acquired by their own hard work. ",
  "an3.29:8.1": "They give with best of intentions, ",
  "an3.29:8.2": "that peaceful-hearted man. ",
  "an3.29:8.3": "They go to a good place, ",
  "an3.29:8.4": "where there is no sorrow. ",
  "an3.29:9.1": "The blind and the one-eyed, ",
  "an3.29:9.2": "you should avoid from afar. ",
  "an3.29:9.3": "But you should keep the two-eyed close, ",
  "an3.29:9.4": "the best individual.” "
}