{
  "an3.109:0.1": "Numbered Discourses 3.109 ",
  "an3.109:0.2": "11. Awakening ",
  "an3.109:0.3": "Unprotected ",
  "an3.109:1.1": "Then the householder Anāthapiṇḍika went up to the Buddha, bowed, and sat down to one side. The Buddha said to him: ",
  "an3.109:1.2": "“Householder, when the mind is unprotected, deeds of body, speech, and mind are unprotected. ",
  "an3.109:1.3": "When deeds are unprotected, they fester. ",
  "an3.109:1.4": "When deeds fester, they become rotten. ",
  "an3.109:1.5": "Someone whose deeds of body, speech, and mind are rotten will not have a good death. ",
  "an3.109:2.1": "It’s like a bungalow with a bad roof. The roof peak, rafters, and walls are unprotected. ",
  "an3.109:2.2": "They fester, ",
  "an3.109:2.3": "and become rotten. ",
  "an3.109:3.1": "In the same way, when the mind is unprotected, bodily, verbal, and mental deeds are unprotected. … ",
  "an3.109:3.2": "",
  "an3.109:3.3": "",
  "an3.109:3.4": "Someone whose deeds of body, speech, and mind are rotten will not have a good death. ",
  "an3.109:4.1": "When the mind is protected, bodily, verbal, and mental deeds are protected. ",
  "an3.109:4.2": "When deeds are protected, they don’t fester. ",
  "an3.109:4.3": "When deeds don’t fester, they don’t become rotten. ",
  "an3.109:4.4": "Someone whose deeds of body, speech, and mind aren’t rotten will have a good death. ",
  "an3.109:5.1": "It’s like a bungalow with a good roof. The roof peak, rafters, and walls are protected. ",
  "an3.109:5.2": "They don’t get soaked, ",
  "an3.109:5.3": "and they don’t become rotten. ",
  "an3.109:6.1": "In the same way, when the mind is protected, bodily, verbal, and mental deeds are protected. … ",
  "an3.109:6.2": "",
  "an3.109:6.3": "",
  "an3.109:6.4": "Someone whose deeds of body, speech, and mind aren’t rotten will have a good death.” "
}