{
  "an3.12:0.1": "Numbered Discourses 3.12 ",
  "an3.12:0.2": "2. The Chariot-Maker ",
  "an3.12:0.3": "Commemoration ",
  "an3.12:1.1": "“An anointed aristocratic king should commemorate three places as long as he lives. ",
  "an3.12:1.2": "What three? ",
  "an3.12:1.3": "The place he was born. ",
  "an3.12:1.4": "This is the first place. ",
  "an3.12:2.1": "The place he was anointed as king. ",
  "an3.12:2.2": "This is the second place. ",
  "an3.12:3.1": "The place where he won victory in battle, establishing himself as foremost in battle. ",
  "an3.12:3.2": "This is the third place. ",
  "an3.12:3.3": "These are the three places an anointed king should commemorate as long as he lives. ",
  "an3.12:4.1": "In the same way, a mendicant should commemorate three places as long as they live. ",
  "an3.12:4.2": "What three? ",
  "an3.12:4.3": "The place where the mendicant shaved off their hair and beard, dressed in ocher robes, and went forth from the lay life to homelessness. ",
  "an3.12:4.4": "This is the first place. ",
  "an3.12:5.1": "The place where the mendicant truly understands: ‘This is suffering’ … ‘This is the origin of suffering’ … ‘This is the cessation of suffering’ … ‘This is the practice that leads to the cessation of suffering’. ",
  "an3.12:5.2": "This is the second place. ",
  "an3.12:6.1": "The place where the mendicant realizes the undefiled freedom of heart and freedom by wisdom in this very life. And they live having realized it with their own insight due to the ending of defilements. ",
  "an3.12:6.2": "This is the third place. ",
  "an3.12:6.3": "These are the three places a mendicant should commemorate as long as they live.” "
}