{
  "an3.62:0.1": "Numbered Discourses 3.62 ",
  "an3.62:0.2": "7. The Great Chapter ",
  "an3.62:0.3": "Perils ",
  "an3.62:1.1": "“Mendicants, an unlearned ordinary person speaks of three perils that tear mothers and children apart. ",
  "an3.62:1.2": "What three? ",
  "an3.62:1.3": "There comes a time when a great fire flares up, ",
  "an3.62:1.4": "and it burns villages, towns, and cities. ",
  "an3.62:1.5": "When this happens, a mother can’t find her child, and a child can’t find their mother. ",
  "an3.62:1.6": "This is the first peril that tears mothers and children apart. ",
  "an3.62:2.1": "Furthermore, there comes a time when a great storm gathers, ",
  "an3.62:2.2": "and it unleashes a mighty flood ",
  "an3.62:2.3": "that sweeps away villages, towns, and cities. ",
  "an3.62:2.4": "When this happens, a mother can’t find her child, and a child can’t find their mother. ",
  "an3.62:2.5": "This is the second peril that tears mothers and children apart. ",
  "an3.62:3.1": "Furthermore, there comes a time of peril due to turmoil in the wilds, so the countryfolk mount their vehicles and flee everywhere. ",
  "an3.62:3.2": "When this happens, a mother can’t find her child, and a child can’t find their mother. ",
  "an3.62:3.3": "This is the third peril that tears mothers and children apart. ",
  "an3.62:3.4": "These are the three perils an unlearned ordinary person speaks of that tear mothers and children apart. ",
  "an3.62:4.1": "Mendicants, an unlearned ordinary person speaks of three perils that don’t tear mothers and children apart. ",
  "an3.62:4.2": "What three? ",
  "an3.62:4.3": "There comes a time when a great fire flares up, ",
  "an3.62:4.4": "and it burns villages, towns, and cities. ",
  "an3.62:4.5": "When this happens, sometimes a mother can find her child, and a child can find their mother. ",
  "an3.62:4.6": "This is the first peril that doesn’t tear mothers and children apart. ",
  "an3.62:5.1": "Furthermore, there comes a time when a great storm gathers, ",
  "an3.62:5.2": "and it unleashes a mighty flood ",
  "an3.62:5.3": "that sweeps away villages, towns, and cities. ",
  "an3.62:5.4": "When this happens, sometimes a mother can find her child, and a child can find their mother. ",
  "an3.62:5.5": "This is the second peril that doesn’t tear mothers and children apart. ",
  "an3.62:6.1": "Furthermore, there comes a time of peril due to turmoil in the wilds, so the countryfolk mount their vehicles and flee everywhere. ",
  "an3.62:6.2": "When this happens, sometimes a mother can find her child, and a child can find their mother. ",
  "an3.62:6.3": "This is the third peril that doesn’t tear mothers and children apart. ",
  "an3.62:6.4": "These are the three perils an unlearned ordinary person speaks of that don’t tear mothers and children apart. ",
  "an3.62:7.1": "There are three perils that tear mothers and children apart. ",
  "an3.62:7.2": "What three? ",
  "an3.62:7.3": "The perils of old age, sickness, and death. ",
  "an3.62:7.4": "When a child is growing old, a mother doesn’t get her wish: ",
  "an3.62:7.5": "‘Let me grow old, may my child not grow old!’ ",
  "an3.62:7.6": "When a mother is growing old, a child doesn’t get their wish: ",
  "an3.62:7.7": "‘Let me grow old, may my mother not grow old!’ ",
  "an3.62:8.1": "When a child is sick, a mother doesn’t get her wish: ",
  "an3.62:8.2": "‘Let me be sick, may my child not be sick!’ ",
  "an3.62:8.3": "When a mother is sick, a child doesn’t get their wish: ",
  "an3.62:8.4": "‘Let me be sick, may my mother not be sick!’ ",
  "an3.62:9.1": "When a child is dying, a mother doesn’t get her wish: ",
  "an3.62:9.2": "‘Let me die, may my child not die!’ ",
  "an3.62:9.3": "When a mother is dying, a child doesn’t get their wish: ",
  "an3.62:9.4": "‘Let me die, may my mother not die!’ ",
  "an3.62:9.5": "These are the three perils that tear mothers and children apart. ",
  "an3.62:10.1": "There is a path and a practice that leads to giving up and going beyond the three perils that don’t tear mothers and children apart, and the three perils that do tear mothers and children apart. ",
  "an3.62:10.2": "What is that path and practice? ",
  "an3.62:10.3": "It is simply this noble eightfold path, that is: ",
  "an3.62:10.4": "right view, right thought, right speech, right action, right livelihood, right effort, right mindfulness, and right immersion. ",
  "an3.62:10.5": "This is the path, this is the practice that leads to giving up and going beyond the three perils that don’t tear mothers and children apart, and the three perils that do tear mothers and children apart.” "
}