{
  "an3.89:0.1": "Numbered Discourses 3.89 ",
  "an3.89:0.2": "9. Ascetics ",
  "an3.89:0.3": "Three Trainings (1st) ",
  "an3.89:1.1": "“Mendicants, these are the three trainings. ",
  "an3.89:1.2": "What three? ",
  "an3.89:1.3": "The training in the higher ethics, the higher mind, and the higher wisdom. ",
  "an3.89:2.1": "And what is the training in the higher ethics? ",
  "an3.89:2.2": "It’s when a mendicant is ethical, restrained in the monastic code, conducting themselves well and resorting for alms in suitable places. Seeing danger in the slightest fault, they keep the rules they’ve undertaken. ",
  "an3.89:2.3": "This is called the training in the higher ethics. ",
  "an3.89:3.1": "And what is the training in the higher mind? ",
  "an3.89:3.2": "It’s when a mendicant, quite secluded from sensual pleasures, secluded from unskillful qualities, enters and remains in the first absorption … second absorption … third absorption … fourth absorption. ",
  "an3.89:3.3": "This is called the training in the higher mind. ",
  "an3.89:4.1": "And what is the training in the higher wisdom? ",
  "an3.89:4.2": "They truly understand: ‘This is suffering’ … ‘This is the origin of suffering’ … ‘This is the cessation of suffering’ … ‘This is the practice that leads to the cessation of suffering’. ",
  "an3.89:4.3": "This is called the training in the higher wisdom. ",
  "an3.89:4.4": "These are the three trainings.” "
}