{
  "an3.147:0.1": "Numbered Discourses 3.147 ",
  "an3.147:0.2": "15. Good Fortune ",
  "an3.147:0.3": "Blameworthy ",
  "an3.147:1.1": "“Someone with three qualities is cast down to hell. ",
  "an3.147:1.2": "What three? ",
  "an3.147:1.3": "Blameworthy deeds by way of body, speech, and mind. ",
  "an3.147:1.4": "Someone with these three qualities is cast down to hell. ",
  "an3.147:2.1": "Someone with three qualities is raised up to heaven. ",
  "an3.147:2.2": "What three? ",
  "an3.147:2.3": "Blameless deeds by way of body, speech, and mind. ",
  "an3.147:2.4": "Someone with these three qualities is raised up to heaven.” "
}