{
  "an3.51:0.1": "Numbered Discourses 3.51 ",
  "an3.51:0.2": "6. Brahmins ",
  "an3.51:0.3": "Two Brahmins (1st) ",
  "an3.51:1.1": "Then two old brahmins—elderly and senior, who were advanced in years and had reached the final stage of life, a hundred and twenty years old—went up to the Buddha, and exchanged greetings with him. ",
  "an3.51:1.2": "When the greetings and polite conversation were over, they sat down to one side, and said to the Buddha: ",
  "an3.51:1.3": "“We brahmins, worthy Gotama, are old, elderly and senior, we’re advanced in years and have reached the final stage of life; we’re a hundred and twenty years old. ",
  "an3.51:1.4": "And we haven’t done what is good and skillful, nor have we made a shelter from fear. ",
  "an3.51:1.5": "Advise us, worthy Gotama, instruct us! It will be for our lasting welfare and happiness.” ",
  "an3.51:2.1": "“Indeed, brahmins, you’re old, elderly and senior. ",
  "an3.51:2.2": "And you haven’t done what is good and skillful, nor have you made a shelter from fear. ",
  "an3.51:2.3": "This world is led onward by old age, sickness, and death. ",
  "an3.51:2.4": "But restraint here by way of body, speech, and mind is the shelter, protection, island, refuge, and haven for the departed. ",
  "an3.51:3.1": "This life, so very short, is led onward. ",
  "an3.51:3.2": "One led on to old age has no shelter. ",
  "an3.51:3.3": "Seeing this peril in death, ",
  "an3.51:3.4": "do good deeds that bring you joy. ",
  "an3.51:4.1": "The restraint practiced here—",
  "an3.51:4.2": "of body, speech, and mind—",
  "an3.51:4.3": "leads the departed to happiness, ",
  "an3.51:4.4": "as the good deeds done while living.” "
}