{
  "an3.137:0.1": "Numbered Discourses 3.137 ",
  "an3.137:0.2": "14. A Warrior ",
  "an3.137:0.3": "A Hair Blanket ",
  "an3.137:1.1": "“Mendicants, a hair blanket is said to be the worst kind of woven cloth. ",
  "an3.137:1.2": "It’s cold in the cold, hot in the heat, ugly, smelly, and unpleasant to touch. ",
  "an3.137:1.3": "In the same way, the teaching of the bamboo-staffed ascetic is said to be the worst of all the doctrines of the various ascetics and brahmins. ",
  "an3.137:2.1": "The bamboo-staffed ascetic, that futile man, has this doctrine and view: ",
  "an3.137:2.2": "‘There is no power in deeds, action, or energy.’ ",
  "an3.137:2.3": "Those who were perfected ones, fully awakened Buddhas in the past also taught the efficacy of deeds, action, and energy. ",
  "an3.137:2.4": "But the bamboo-staffed ascetic opposes them by saying: ",
  "an3.137:2.5": "‘There is no power in deeds, action, or energy.’ ",
  "an3.137:2.6": "Those who will be perfected ones, fully awakened Buddhas in the future will also teach the efficacy of deeds, action, and energy. ",
  "an3.137:2.7": "But the bamboo-staffed ascetic opposes them by saying: ",
  "an3.137:2.8": "‘There is no power in deeds, action, or energy.’ ",
  "an3.137:2.9": "I too, the perfected one, the fully awakened Buddha in the present, teach the efficacy of deeds, action, and energy. ",
  "an3.137:2.10": "But the bamboo-staffed ascetic opposes me by saying: ",
  "an3.137:2.11": "‘There is no power in deeds, action, or energy.’ ",
  "an3.137:3.1": "It’s like a trap set at the mouth of a river, which would bring harm, suffering, calamity, and disaster for many fish. ",
  "an3.137:3.2": "In the same way that futile man the bamboo-staffed ascetic is a trap for humans, it seems to me. He has come into the world for the harm, suffering, calamity, and disaster of many beings.” "
}