{
  "an3.132:0.1": "Numbered Discourses 3.132 ",
  "an3.132:0.2": "13. Kusinārā ",
  "an3.132:0.3": "Etchings ",
  "an3.132:1.1": "“Mendicants, these three individuals are found in the world. ",
  "an3.132:1.2": "What three? ",
  "an3.132:1.3": "An individual like a line drawn in stone, an individual like a line drawn in sand, and an individual like a line drawn in water. ",
  "an3.132:1.4": "And who is the individual like a line drawn in stone? ",
  "an3.132:1.5": "It’s an individual who is often angry, ",
  "an3.132:1.6": "and their anger lingers for a long time. ",
  "an3.132:1.7": "It’s like a line drawn in stone, which isn’t quickly worn away by wind and water, but lasts for a long time. ",
  "an3.132:1.8": "In the same way, an individual is often angry, ",
  "an3.132:1.9": "and their anger lingers for a long time. ",
  "an3.132:1.10": "This is called an individual like a line drawn in stone. ",
  "an3.132:2.1": "And who is the individual like a line drawn in sand? ",
  "an3.132:2.2": "It’s an individual who is often angry, ",
  "an3.132:2.3": "but their anger doesn’t linger long. ",
  "an3.132:2.4": "It’s like a line drawn in sand, which is quickly worn away by wind and water, and doesn’t last long. ",
  "an3.132:2.5": "In the same way, an individual is often angry, ",
  "an3.132:2.6": "but their anger doesn’t linger long. ",
  "an3.132:2.7": "This is called an individual like a line drawn in sand. ",
  "an3.132:3.1": "And who is the individual like a line drawn in water? ",
  "an3.132:3.2": "It’s an individual who, though spoken to by someone in a rough, harsh, and disagreeable manner, still stays in touch, interacts with, and greets them. ",
  "an3.132:3.3": "It’s like a line drawn in water, which vanishes right away, and doesn’t last long. ",
  "an3.132:3.4": "In the same way, an individual, though spoken to by someone in a rough, harsh, and disagreeable manner, still stays in touch, interacts with, and greets them. ",
  "an3.132:3.5": "This is called an individual like a line drawn in water. ",
  "an3.132:3.6": "These are the three individuals found in the world.” ",
  "an3.132:3.7": "",
  "an3.132:3.8": "",
  "an3.132:4.1": "",
  "an3.132:4.2": "",
  "an3.132:4.3": ""
}