{
  "an4.124:0.1": "Numbered Discourses 4.124 ",
  "an4.124:0.2": "13. Fears ",
  "an4.124:0.3": "Difference (2nd) ",
  "an4.124:1.1": "“Mendicants, these four individuals are found in the world. ",
  "an4.124:1.2": "What four? ",
  "an4.124:1.3": "Take an individual who, quite secluded from sensual pleasures, secluded from unskillful qualities, enters and remains in the first absorption … ",
  "an4.124:1.4": "They contemplate the phenomena there—included in form, feeling, perception, choices, and consciousness—as impermanent, as suffering, as diseased, as a boil, as a dart, as gloom, as an affliction, as alien, as breaking apart, as empty, as not-self. ",
  "an4.124:1.5": "When their body breaks up, after death, they’re reborn in the company of the gods of the pure abodes. ",
  "an4.124:1.6": "This rebirth is distinct from that of ordinary people. ",
  "an4.124:2.1": "Furthermore, take an individual who, as the placing of the mind and keeping it connected are stilled, enters and remains in the second absorption … third absorption … fourth absorption … ",
  "an4.124:2.2": "They contemplate the phenomena there—included in form, feeling, perception, choices, and consciousness—as impermanent, as suffering, as diseased, as a boil, as a dart, as gloom, as an affliction, as alien, as breaking apart, as empty, as not-self. ",
  "an4.124:2.3": "When their body breaks up, after death, they’re reborn in the company of the gods of the pure abodes. ",
  "an4.124:2.4": "This rebirth is distinct from that of ordinary people. ",
  "an4.124:2.5": "These are the four individuals found in the world.” "
}