{
  "an4.127:0.1": "Numbered Discourses 4.127 ",
  "an4.127:0.2": "13. Fears ",
  "an4.127:0.3": "Incredible Things About the Realized One (1st) ",
  "an4.127:1.1": "“Mendicants, with the appearance of a Realized One, a perfected one, a fully awakened Buddha, four incredible and amazing things appear. ",
  "an4.127:1.2": "What four? ",
  "an4.127:1.3": "When the being intent on awakening passes away from the host of joyful gods, he’s conceived in his mother’s womb, mindful and aware. And then—in this world with its gods, Māras, and divinities, this population with its ascetics and brahmins, gods and humans—an immeasurable, magnificent light appears, surpassing the glory of the gods. ",
  "an4.127:1.4": "Even in the boundless gloom of interstellar space—so utterly dark that even the luminosity of the moon and the sun, so mighty and powerful, makes no impression—an immeasurable, magnificent light appears, surpassing the glory of the gods. ",
  "an4.127:1.5": "And the sentient beings reborn there recognize each other by that light: ",
  "an4.127:1.6": "‘So, it seems other sentient beings have been reborn here!’ ",
  "an4.127:1.7": "This is the first incredible and amazing thing that appears with the appearance of a Realized One. ",
  "an4.127:2.1": "Furthermore, the being intent on awakening emerges from his mother’s womb, mindful and aware. And then … an immeasurable, magnificent light appears … ",
  "an4.127:2.2": "even in the boundless gloom of interstellar space … ",
  "an4.127:2.3": "",
  "an4.127:2.4": "",
  "an4.127:2.5": "This is the second incredible and amazing thing that appears with the appearance of a Realized One. ",
  "an4.127:3.1": "Furthermore, the Realized One awakens to the supreme perfect awakening. And then … an immeasurable, magnificent light appears … ",
  "an4.127:3.2": "even in the boundless gloom of interstellar space … ",
  "an4.127:3.3": "",
  "an4.127:3.4": "",
  "an4.127:3.5": "This is the third incredible and amazing thing that appears with the appearance of a Realized One. ",
  "an4.127:4.1": "Furthermore, the Realized One rolls forth the supreme Wheel of Dhamma. And then … an immeasurable, magnificent light appears … ",
  "an4.127:4.2": "even in the boundless gloom of interstellar space … ",
  "an4.127:4.3": "",
  "an4.127:4.4": "",
  "an4.127:4.5": "This is the fourth incredible and amazing thing that appears with the appearance of a Realized One. ",
  "an4.127:4.6": "With the appearance of a Realized One, the perfected one, the fully awakened Buddha, these four incredible and amazing things appear.” "
}