{
  "an4.131:0.1": "Numbered Discourses 4.131 ",
  "an4.131:0.2": "14. Individuals ",
  "an4.131:0.3": "Fetters ",
  "an4.131:1.1": "“Mendicants, these four individuals are found in the world. ",
  "an4.131:1.2": "What four? ",
  "an4.131:1.3": "One individual hasn’t given up the lower fetters, the fetters for getting reborn, or the fetters for getting a continued existence. ",
  "an4.131:2.1": "One individual has given up the lower fetters, but not the fetters for getting reborn, or the fetters for getting a continued existence. ",
  "an4.131:3.1": "One individual has given up the lower fetters and the fetters for getting reborn, but not the fetters for getting a continued existence. ",
  "an4.131:4.1": "One individual has given up the lower fetters, the fetters for getting reborn, and the fetters for getting a continued existence. ",
  "an4.131:5.1": "What individual hasn’t given up the lower fetters, the fetters for getting reborn, or the fetters for getting a continued existence? ",
  "an4.131:5.2": "A once-returner. ",
  "an4.131:5.3": "This is the individual who hasn’t given up the lower fetters, the fetters for getting reborn, or the fetters for getting a continued existence. ",
  "an4.131:6.1": "What individual has given up the lower fetters, but not the fetters for getting reborn, or the fetters for getting a continued existence? ",
  "an4.131:6.2": "One heading upstream, going to the Akaniṭṭha realm. ",
  "an4.131:6.3": "",
  "an4.131:7.1": "What individual has given up the lower fetters and the fetters for getting reborn, but not the fetters for getting a continued existence? ",
  "an4.131:7.2": "One extinguished between one life and the next. ",
  "an4.131:7.3": "",
  "an4.131:8.1": "What individual has given up the lower fetters, the fetters for getting reborn, and the fetters for getting a continued existence? ",
  "an4.131:8.2": "A perfected one. ",
  "an4.131:8.3": "",
  "an4.131:8.4": "These are the four individuals found in the world.” "
}