{
  "an4.123:0.1": "Numbered Discourses 4.123 ",
  "an4.123:0.2": "13. Fears ",
  "an4.123:0.3": "Difference (1st) ",
  "an4.123:1.1": "“Mendicants, these four individuals are found in the world. ",
  "an4.123:1.2": "What four? ",
  "an4.123:1.3": "Take an individual who, quite secluded from sensual pleasures, secluded from unskillful qualities, enters and remains in the first absorption, which has the rapture and bliss born of seclusion, while placing the mind and keeping it connected. ",
  "an4.123:1.4": "They enjoy it and like it and find it rewarding. ",
  "an4.123:1.5": "If they abide in that, are committed to it, and meditate on it often without losing it, when they die they’re reborn in the company of the gods of the Divinity’s host. ",
  "an4.123:1.6": "The lifespan of the gods of the Divinity’s host is one eon. ",
  "an4.123:1.7": "An ordinary person stays there until the lifespan of those gods is spent, then they go to hell or the animal realm or the ghost realm. ",
  "an4.123:1.8": "But a disciple of the Buddha stays there until the lifespan of those gods is spent, then they’re extinguished in that very life. ",
  "an4.123:1.9": "This is the difference between a learned noble disciple and an unlearned ordinary person, that is, when there is a place of rebirth. ",
  "an4.123:2.1": "Furthermore, take an individual who, as the placing of the mind and keeping it connected are stilled, enters and remains in the second absorption, which has the rapture and bliss born of immersion, with internal clarity and mind at one, without placing the mind and keeping it connected. ",
  "an4.123:2.2": "They enjoy it and like it and find it rewarding. ",
  "an4.123:2.3": "If they abide in that, are committed to it, and meditate on it often without losing it, when they die they’re reborn in the company of the gods of streaming radiance. ",
  "an4.123:2.4": "The lifespan of the gods of streaming radiance is two eons. ",
  "an4.123:2.5": "An ordinary person stays there until the lifespan of those gods is spent, then they go to hell or the animal realm or the ghost realm. ",
  "an4.123:2.6": "But a disciple of the Buddha stays there until the lifespan of those gods is spent, then they’re extinguished in that very life. ",
  "an4.123:2.7": "This is the difference between a learned noble disciple and an unlearned ordinary person, that is, when there is a place of rebirth. ",
  "an4.123:3.1": "Furthermore, take an individual who, with the fading away of rapture, enters and remains in the third absorption, where they meditate with equanimity, mindful and aware, personally experiencing the bliss of which the noble ones declare, ‘Equanimous and mindful, one meditates in bliss.’ ",
  "an4.123:3.2": "They enjoy it and like it and find it rewarding. ",
  "an4.123:3.3": "If they abide in that, are committed to it, and meditate on it often without losing it, when they die they’re reborn in the company of the gods of universal beauty. ",
  "an4.123:3.4": "The lifespan of the gods of universal beauty is four eons. ",
  "an4.123:3.5": "An ordinary person stays there until the lifespan of those gods is spent, then they go to hell or the animal realm or the ghost realm. ",
  "an4.123:3.6": "But a disciple of the Buddha stays there until the lifespan of those gods is spent, then they’re extinguished in that very life. ",
  "an4.123:3.7": "This is the difference between a learned noble disciple and an unlearned ordinary person, that is, when there is a place of rebirth. ",
  "an4.123:4.1": "Furthermore, take an individual who, giving up pleasure and pain, and ending former happiness and sadness, enters and remains in the fourth absorption, without pleasure or pain, with pure equanimity and mindfulness. ",
  "an4.123:4.2": "They enjoy it and like it and find it rewarding. ",
  "an4.123:4.3": "If they abide in that, are committed to it, and meditate on it often without losing it, when they die they’re reborn in the company of the gods of abundant fruit. ",
  "an4.123:4.4": "The lifespan of the gods of abundant fruit is five hundred eons. ",
  "an4.123:4.5": "An ordinary person stays there until the lifespan of those gods is spent, then they go to hell or the animal realm or the ghost realm. ",
  "an4.123:4.6": "But a disciple of the Buddha stays there until the lifespan of those gods is spent, then they’re extinguished in that very life. ",
  "an4.123:4.7": "This is the difference between a learned noble disciple and an unlearned ordinary person, that is, when there is a place of rebirth. ",
  "an4.123:4.8": "These are the four individuals found in the world.” "
}