{
  "an4.121:0.1": "Numbered Discourses 4.121 ",
  "an4.121:0.2": "13. Fears ",
  "an4.121:0.3": "Guilt ",
  "an4.121:1.1": "“Mendicants, there are these four fears. ",
  "an4.121:1.2": "What four? ",
  "an4.121:1.3": "The fears of guilt, shame, punishment, and going to a bad place. ",
  "an4.121:2.1": "And what, mendicants, is the fear of guilt? ",
  "an4.121:2.2": "It’s when someone reflects: ",
  "an4.121:2.3": "‘If I were to do bad things by way of body, speech, and mind, wouldn’t I blame myself for my conduct?’ ",
  "an4.121:2.4": "Being afraid of guilt, they give up bad conduct by way of body, speech, and mind, and develop good conduct by way of body, speech, and mind, keeping themselves pure. ",
  "an4.121:2.5": "This is called the fear of guilt. ",
  "an4.121:3.1": "And what, mendicants, is the fear of shame? ",
  "an4.121:3.2": "It’s when someone reflects: ",
  "an4.121:3.3": "‘If I were to do bad things by way of body, speech, and mind, wouldn’t others blame me for my conduct?’ ",
  "an4.121:3.4": "Being afraid of shame, they give up bad conduct by way of body, speech, and mind, and develop good conduct by way of body, speech, and mind, keeping themselves pure. ",
  "an4.121:3.5": "This is called the fear of shame. ",
  "an4.121:4.1": "And what, mendicants, is the fear of punishment? ",
  "an4.121:4.2": "It’s when someone sees that the kings have arrested a bandit, a criminal, and subjected them to various punishments—",
  "an4.121:4.3": "whipping, caning, and clubbing; cutting off hands or feet, or both; cutting off ears or nose, or both; the ‘porridge pot’, the ‘shell-shave’, the ‘Rāhu’s mouth’, the ‘garland of fire’, the ‘burning hand’, the ‘bulrush twist’, the ‘bark dress’, the ‘antelope’, the ‘meat hook’, the ‘coins’, the ‘caustic pickle’, the ‘twisting bar’, the ‘straw mat’; being splashed with hot oil, being fed to the hounds, being impaled alive, and being beheaded. ",
  "an4.121:5.1": "They think: ",
  "an4.121:5.2": "‘If I were to do the same kind of bad deed, the kings would punish me in the same way.’ … ",
  "an4.121:5.3": "",
  "an4.121:5.4": "Being afraid of punishment, they don’t steal the belongings of others. ",
  "an4.121:5.5": "They give up bad conduct by way of body, speech, and mind, and develop good conduct by way of body, speech, and mind, keeping themselves pure. ",
  "an4.121:5.6": "This is called the fear of punishment. ",
  "an4.121:6.1": "And what, mendicants, is the fear of rebirth in a bad place? ",
  "an4.121:6.2": "It’s when someone reflects: ",
  "an4.121:6.3": "‘Bad conduct of body, speech, or mind has a bad result in the next life. ",
  "an4.121:6.4": "If I were to do such bad things, when my body breaks up, after death, I’d be reborn in a place of loss, a bad place, the underworld, hell.’ ",
  "an4.121:6.5": "Being afraid of rebirth in a bad place, they give up bad conduct by way of body, speech, and mind, and develop good conduct by way of body, speech, and mind, keeping themselves pure. ",
  "an4.121:6.6": "This is called the fear of rebirth in a bad place. ",
  "an4.121:6.7": "These are the four fears.” "
}