{
  "an4.11:0.1": "Numbered Discourses 4.11 ",
  "an4.11:0.2": "2. Walking ",
  "an4.11:0.3": "Walking ",
  "an4.11:1.1": "“Mendicants, suppose a mendicant has a sensual, malicious, or cruel thought while walking. ",
  "an4.11:1.2": "They tolerate it and don’t give it up, get rid of it, eliminate it, and obliterate it. ",
  "an4.11:1.3": "Such a mendicant is said to be ‘not keen or prudent, always lazy, and lacking energy’ when walking. ",
  "an4.11:2.1": "Suppose a mendicant has a sensual, malicious, or cruel thought while standing … ",
  "an4.11:2.2": "",
  "an4.11:3.1": "sitting … ",
  "an4.11:3.2": "",
  "an4.11:4.1": "or when lying down while awake. ",
  "an4.11:4.2": "They tolerate it and don’t give it up, get rid of it, eliminate it, and obliterate it. ",
  "an4.11:4.3": "Such a mendicant is said to be ‘not keen or prudent, always lazy, and lacking energy’ when lying down while awake. ",
  "an4.11:5.1": "Suppose a mendicant has a sensual, malicious, or cruel thought while walking. ",
  "an4.11:5.2": "They don’t tolerate it, but give it up, get rid of it, eliminate it, and obliterate it. ",
  "an4.11:5.3": "Such a mendicant is said to be ‘keen and prudent, always energetic and resolute’ when walking. ",
  "an4.11:6.1": "Suppose a mendicant has a sensual, malicious, or cruel thought while standing … ",
  "an4.11:6.2": "",
  "an4.11:6.3": "",
  "an4.11:7.1": "sitting … ",
  "an4.11:7.2": "",
  "an4.11:7.3": "",
  "an4.11:8.1": "or when lying down while awake. ",
  "an4.11:8.2": "They don’t tolerate it, but give it up, get rid of it, eliminate it, and obliterate it. ",
  "an4.11:8.3": "Such a mendicant is said to be ‘keen and prudent, always energetic and resolute’ when lying down while awake.” ",
  "an4.11:9.1": "Whether walking or standing, ",
  "an4.11:9.2": "sitting or lying down, ",
  "an4.11:9.3": "if you think a bad thought ",
  "an4.11:9.4": "to do with the domestic life, ",
  "an4.11:10.1": "you’re on the wrong path, ",
  "an4.11:10.2": "lost among things that delude. ",
  "an4.11:10.3": "Such a mendicant is incapable ",
  "an4.11:10.4": "of experiencing the highest awakening. ",
  "an4.11:11.1": "But one who, whether standing or walking, ",
  "an4.11:11.2": "sitting or lying down, ",
  "an4.11:11.3": "has calmed their thoughts, ",
  "an4.11:11.4": "loving peace of mind; ",
  "an4.11:11.5": "such a mendicant is capable ",
  "an4.11:11.6": "of experiencing the highest awakening.” "
}