{
  "an4.116:0.1": "Numbered Discourses 4.116 ",
  "an4.116:0.2": "12. With Kesi ",
  "an4.116:0.3": "Diligence ",
  "an4.116:1.1": "“Mendicants, you should be diligent in four situations. ",
  "an4.116:1.2": "What four? ",
  "an4.116:1.3": "Give up bad conduct by way of body, speech, and mind; and develop good conduct by way of body, speech, and mind. ",
  "an4.116:1.4": "Don’t neglect these things. ",
  "an4.116:1.5": "",
  "an4.116:1.6": "",
  "an4.116:1.7": "",
  "an4.116:1.8": "",
  "an4.116:1.9": "Give up wrong view; and develop right view. ",
  "an4.116:1.10": "Don’t neglect this. ",
  "an4.116:2.1": "A mendicant who has done these things does not fear death in lives to come.” "
}