{
  "an4.125:0.1": "Numbered Discourses 4.125 ",
  "an4.125:0.2": "13. Fears ",
  "an4.125:0.3": "Love (1st) ",
  "an4.125:1.1": "“Mendicants, these four individuals are found in the world. ",
  "an4.125:1.2": "What four? ",
  "an4.125:1.3": "Firstly, an individual meditates spreading a heart full of love to one direction, and to the second, and to the third, and to the fourth. In the same way above, below, across, everywhere, all around, they spread a heart full of love to the whole world—abundant, expansive, limitless, free of enmity and ill will. ",
  "an4.125:1.4": "They enjoy this and like it and find it rewarding. ",
  "an4.125:1.5": "If they abide in that, are committed to it, and meditate on it often without losing it, when they die they’re reborn in the company of the gods of the Divinity’s host. ",
  "an4.125:1.6": "The lifespan of the gods of the Divinity’s host is one eon. ",
  "an4.125:1.7": "An ordinary person stays there until the lifespan of those gods is spent, then they go to hell or the animal realm or the ghost realm. ",
  "an4.125:1.8": "But a disciple of the Buddha stays there until the lifespan of those gods is spent, then they’re extinguished in that very life. ",
  "an4.125:1.9": "This is the difference between a learned noble disciple and an unlearned ordinary person, that is, when there is a place of rebirth. ",
  "an4.125:2.1": "Furthermore, an individual meditates spreading a heart full of compassion … ",
  "an4.125:2.2": "rejoicing … ",
  "an4.125:2.3": "equanimity to one direction, and to the second, and to the third, and to the fourth. In the same way above, below, across, everywhere, all around, they spread a heart full of equanimity to the whole world—abundant, expansive, limitless, free of enmity and ill will. ",
  "an4.125:2.4": "They enjoy this and like it and find it rewarding. ",
  "an4.125:2.5": "If they abide in that, are committed to it, and meditate on it often without losing it, when they die they’re reborn in the company of the gods of streaming radiance. The lifespan of the gods of streaming radiance is two eons. ",
  "an4.125:2.6": "… they’re reborn in the company of the gods of universal beauty. The lifespan of the gods of universal beauty is four eons. ",
  "an4.125:2.7": "… they’re reborn in the company of the gods of abundant fruit. ",
  "an4.125:2.8": "The lifespan of the gods of abundant fruit is five hundred eons. ",
  "an4.125:2.9": "An ordinary person stays there until the lifespan of those gods is spent, then they go to hell or the animal realm or the ghost realm. ",
  "an4.125:2.10": "But a disciple of the Buddha stays there until the lifespan of those gods is spent, then they’re extinguished in that very life. ",
  "an4.125:2.11": "This is the difference between a learned noble disciple and an unlearned ordinary person, that is, when there is a place of rebirth. ",
  "an4.125:2.12": "These are the four individuals found in the world.” "
}