{
  "an4.129:0.1": "Numbered Discourses 4.129 ",
  "an4.129:0.2": "13. Fears ",
  "an4.129:0.3": "Incredible Things About Ānanda ",
  "an4.129:1.1": "“Mendicants, there are these four incredible and amazing things about Ānanda. ",
  "an4.129:1.2": "What four? ",
  "an4.129:1.3": "If an assembly of monks goes to see Ānanda, they’re uplifted by seeing him ",
  "an4.129:1.4": "and uplifted by hearing him speak. ",
  "an4.129:1.5": "And when he falls silent, they’ve never had enough. ",
  "an4.129:2.1": "If an assembly of nuns … ",
  "an4.129:2.2": "",
  "an4.129:2.3": "",
  "an4.129:3.1": "laymen … ",
  "an4.129:3.2": "",
  "an4.129:3.3": "",
  "an4.129:4.1": "or laywomen goes to see Ānanda, they’re uplifted by seeing him ",
  "an4.129:4.2": "and uplifted by hearing him speak. ",
  "an4.129:4.3": "And when he falls silent, they’ve never had enough. ",
  "an4.129:4.4": "These are the four incredible and amazing things about Ānanda.” "
}