{
  "an4.126:0.1": "Numbered Discourses 4.126 ",
  "an4.126:0.2": "13. Fears ",
  "an4.126:0.3": "Love (2nd) ",
  "an4.126:1.1": "“Mendicants, these four individuals are found in the world. ",
  "an4.126:1.2": "What four? ",
  "an4.126:1.3": "Firstly, an individual meditates spreading a heart full of love to one direction, and to the second, and to the third, and to the fourth. In the same way above, below, across, everywhere, all around, they spread a heart full of love to the whole world—abundant, expansive, limitless, free of enmity and ill will. ",
  "an4.126:1.4": "They contemplate the phenomena there—included in form, feeling, perception, choices, and consciousness—as impermanent, as suffering, as diseased, as a boil, as a dart, as gloom, as an affliction, as alien, as breaking apart, as empty, as not-self. ",
  "an4.126:1.5": "When their body breaks up, after death, they’re reborn in the company of the gods of the pure abodes. ",
  "an4.126:1.6": "This rebirth is distinct from that of ordinary people. ",
  "an4.126:2.1": "Furthermore, an individual meditates spreading a heart full of compassion … ",
  "an4.126:2.2": "rejoicing … ",
  "an4.126:2.3": "equanimity to one direction, and to the second, and to the third, and to the fourth. In the same way above, below, across, everywhere, all around, they spread a heart full of equanimity to the whole world—abundant, expansive, limitless, free of enmity and ill will. ",
  "an4.126:2.4": "They contemplate the phenomena there—included in form, feeling, perception, choices, and consciousness—as impermanent, as suffering, as diseased, as a boil, as a dart, as gloom, as an affliction, as alien, as breaking apart, as empty, as not-self. ",
  "an4.126:2.5": "When their body breaks up, after death, they’re reborn in the company of the gods of the pure abodes. ",
  "an4.126:2.6": "This rebirth is distinct from that of ordinary people. ",
  "an4.126:2.7": "These are the four individuals found in the world.” "
}