{
  "an4.105:0.1": "Numbered Discourses 4.105 ",
  "an4.105:0.2": "11. Clouds ",
  "an4.105:0.3": "Mangoes ",
  "an4.105:1.1": "“Mendicants, there are these four mangoes. ",
  "an4.105:1.2": "What four? ",
  "an4.105:1.3": "One is unripe but seems ripe, ",
  "an4.105:1.4": "one is ripe but seems unripe, ",
  "an4.105:1.5": "one is unripe and seems unripe, and ",
  "an4.105:1.6": "one is ripe and seems ripe. ",
  "an4.105:1.7": "These are the four mangoes. ",
  "an4.105:1.8": "In the same way, these four individuals similar to mangoes are found in the world. ",
  "an4.105:1.9": "What four? ",
  "an4.105:1.10": "One is unripe but seems ripe, ",
  "an4.105:1.11": "one is ripe but seems unripe, ",
  "an4.105:1.12": "one is unripe and seems unripe, and ",
  "an4.105:1.13": "one is ripe and seems ripe. ",
  "an4.105:2.1": "And how is an individual unripe but seems ripe? ",
  "an4.105:2.2": "It’s when an individual is impressive when going out and coming back, when looking ahead and aside, when bending and extending the limbs, and when bearing the outer robe, bowl and robes. ",
  "an4.105:2.3": "But they don’t really understand: ‘This is suffering’ … ‘This is the origin of suffering’ … ‘This is the cessation of suffering’ … ‘This is the practice that leads to the cessation of suffering’. ",
  "an4.105:2.4": "That’s how an individual is unripe but seems ripe. ",
  "an4.105:2.5": "That individual is like a mango that’s unripe but seems ripe, I say. ",
  "an4.105:2.6": "",
  "an4.105:3.1": "And how is an individual ripe but seems unripe? ",
  "an4.105:3.2": "It’s when an individual is not impressive … ",
  "an4.105:3.3": "But they really understand: ‘This is suffering’ … ",
  "an4.105:3.4": "",
  "an4.105:3.5": "",
  "an4.105:3.6": "",
  "an4.105:4.1": "And how is an individual unripe and seems unripe? ",
  "an4.105:4.2": "It’s when an individual is not impressive … ",
  "an4.105:4.3": "Nor do they really understand: ‘This is suffering’ … ",
  "an4.105:4.4": "",
  "an4.105:4.5": "",
  "an4.105:4.6": "",
  "an4.105:5.1": "And how is an individual ripe and seems ripe? ",
  "an4.105:5.2": "It’s when an individual is impressive … ",
  "an4.105:5.3": "And they really understand: ‘This is suffering’ … ",
  "an4.105:5.4": "",
  "an4.105:5.5": "",
  "an4.105:5.6": "",
  "an4.105:5.7": "These four individuals similar to mangoes are found in the world.” "
}