{
  "an4.112:0.1": "Numbered Discourses 4.112 ",
  "an4.112:0.2": "12. With Kesi ",
  "an4.112:0.3": "Speed ",
  "an4.112:1.1": "“Mendicants, a fine royal thoroughbred with four factors is worthy of a king, fit to serve a king, and reckoned a factor of kingship. ",
  "an4.112:1.2": "What four? ",
  "an4.112:1.3": "Integrity, speed, patience, and gentleness. ",
  "an4.112:1.4": "A fine royal thoroughbred with these four factors is worthy of a king. … ",
  "an4.112:2.1": "In the same way, a mendicant with four qualities is worthy of offerings dedicated to the gods, worthy of hospitality, worthy of a religious donation, worthy of veneration with joined palms, and is the supreme field of merit for the world. ",
  "an4.112:2.2": "What four? ",
  "an4.112:2.3": "Integrity, speed, patience, and gentleness. ",
  "an4.112:2.4": "A mendicant with these four qualities … is the supreme field of merit for the world.” "
}