{
  "an4.13:0.1": "Numbered Discourses 4.13 ",
  "an4.13:0.2": "2. Walking ",
  "an4.13:0.3": "Effort ",
  "an4.13:1.1": "“Mendicants, there are these four right efforts. ",
  "an4.13:1.2": "What four? ",
  "an4.13:1.3": "A mendicant generates enthusiasm, tries, makes an effort, exerts the mind, and strives so that bad, unskillful qualities don’t arise. ",
  "an4.13:1.4": "They generate enthusiasm, try, make an effort, exert the mind, and strive so that bad, unskillful qualities that have arisen are given up. ",
  "an4.13:1.5": "They generate enthusiasm, try, make an effort, exert the mind, and strive so that skillful qualities arise. ",
  "an4.13:1.6": "They generate enthusiasm, try, make an effort, exert the mind, and strive so that skillful qualities that have arisen remain, are not lost, but increase, mature, and are fulfilled by development. ",
  "an4.13:1.7": "These are the four right efforts. ",
  "an4.13:2.1": "By rightly striving, <j>they’ve crushed Māra’s sovereignty; ",
  "an4.13:2.2": "unattached, they’ve gone beyond  <j>the peril of birth and death. ",
  "an4.13:2.3": "Contented and unstirred, they’ve vanquished Māra with his legions; ",
  "an4.13:2.4": "now they’ve gone beyond all Namuci’s forces, <j>they’re happy.” "
}