{
  "an4.130:0.1": "Numbered Discourses 4.130 ",
  "an4.130:0.2": "13. Fears ",
  "an4.130:0.3": "Incredible Things About the Wheel-Turning Monarch ",
  "an4.130:1.1": "“Mendicants, there are these four incredible and amazing things about a wheel-turning monarch. ",
  "an4.130:1.2": "What four? ",
  "an4.130:1.3": "If an assembly of aristocrats goes to see a wheel-turning monarch, they’re uplifted by seeing him ",
  "an4.130:1.4": "and uplifted by hearing him speak. ",
  "an4.130:1.5": "And when he falls silent, they’ve never had enough. ",
  "an4.130:2.1": "If an assembly of brahmins … ",
  "an4.130:2.2": "",
  "an4.130:2.3": "",
  "an4.130:3.1": "householders … ",
  "an4.130:3.2": "",
  "an4.130:3.3": "",
  "an4.130:4.1": "or ascetics goes to see a wheel-turning monarch, they’re uplifted by seeing him ",
  "an4.130:4.2": "and uplifted by hearing him speak. ",
  "an4.130:4.3": "And when he falls silent, they’ve never had enough. ",
  "an4.130:4.4": "These are the four incredible and amazing things about a wheel-turning monarch. ",
  "an4.130:5.1": "In the same way, there are these four incredible and amazing things about Ānanda. ",
  "an4.130:5.2": "What four? ",
  "an4.130:5.3": "If an assembly of monks goes to see Ānanda, they’re uplifted by seeing him ",
  "an4.130:5.4": "and uplifted by hearing him speak. ",
  "an4.130:5.5": "And when he falls silent, they’ve never had enough. ",
  "an4.130:6.1": "If an assembly of nuns … laymen … or laywomen goes to see Ānanda, they’re uplifted by seeing him ",
  "an4.130:6.2": "and uplifted by hearing him speak. ",
  "an4.130:6.3": "And when he falls silent, they’ve never had enough. ",
  "an4.130:6.4": "These are the four incredible and amazing things about Ānanda.” ",
  "an4.130:6.5": "",
  "an4.130:6.6": "",
  "an4.130:7.1": "",
  "an4.130:7.2": "",
  "an4.130:7.3": ""
}