{
  "an4.111:0.1": "Numbered Discourses 4.111 ",
  "an4.111:0.2": "12. With Kesi ",
  "an4.111:0.3": "With Kesi ",
  "an4.111:1.1": "Then Kesi the horse trainer went up to the Buddha, bowed, and sat down to one side. The Buddha said to him, ",
  "an4.111:1.2": "“Kesi, you’re known as a horse trainer. ",
  "an4.111:1.3": "Just how do you guide a horse in training?” ",
  "an4.111:1.4": "“Sir, I guide a horse in training sometimes gently, sometimes harshly, and sometimes both gently and harshly.” ",
  "an4.111:1.5": "“Kesi, what do you do with a horse in training that doesn’t follow these forms of training?” ",
  "an4.111:1.6": "",
  "an4.111:1.7": "“In that case, sir, I kill it. ",
  "an4.111:1.8": "Why is that? ",
  "an4.111:1.9": "So that I don’t disgrace my tradition. ",
  "an4.111:2.1": "But sir, the Buddha is the supreme guide for those fit for training. ",
  "an4.111:2.2": "Just how do you guide a person in training?” ",
  "an4.111:2.3": "“Kesi, I guide a person in training sometimes gently, sometimes harshly, and sometimes both gently and harshly. ",
  "an4.111:2.4": "The gentle way is this: ",
  "an4.111:2.5": "‘This is good conduct by way of body, speech, and mind. This is the result of good conduct by way of body, speech, and mind. This is life as a god. This is life as a human.’ ",
  "an4.111:2.6": "The harsh way is this: ",
  "an4.111:2.7": "‘This is bad conduct by way of body, speech, and mind. This is the result of bad conduct by way of body, speech, and mind. This is life in hell. This is life as an animal. This is life as a ghost.’ ",
  "an4.111:3.1": "The both gentle and harsh way is this: ",
  "an4.111:3.2": "‘This is good conduct … this is bad conduct …’” ",
  "an4.111:4.1": "“Sir, what do you do with a person in training who doesn’t follow these forms of training?” ",
  "an4.111:4.2": "“In that case, Kesi, I kill them.” ",
  "an4.111:4.3": "“Sir, it’s not appropriate for the Buddha to kill living creatures. ",
  "an4.111:4.4": "And yet you say ",
  "an4.111:4.5": "you kill them.” ",
  "an4.111:4.6": "“It’s true, Kesi, ",
  "an4.111:4.7": "it’s not appropriate for a Realized One to kill living creatures. ",
  "an4.111:4.8": "But when a person in training doesn’t follow any of these forms of training, the Realized One doesn’t think they’re worth advising or instructing, and neither do their sensible spiritual companions. ",
  "an4.111:4.9": "For it is killing in the training of the Noble One ",
  "an4.111:4.10": "when the Realized One doesn’t think they’re worth advising or instructing, and neither do their sensible spiritual companions.” ",
  "an4.111:5.1": "“Well, they’re definitely dead ",
  "an4.111:5.2": "when the Realized One doesn’t think they’re worth advising or instructing, and neither do their sensible spiritual companions. ",
  "an4.111:5.3": "Excellent, sir! … From this day forth, may the Buddha remember me as a lay follower who has gone for refuge for life.” "
}