{
  "an4.10:0.1": "Numbered Discourses 4.10 ",
  "an4.10:0.2": "1. At Wares Village ",
  "an4.10:0.3": "Yokes ",
  "an4.10:1.1": "“Mendicants, there are these four yokes. ",
  "an4.10:1.2": "What four? ",
  "an4.10:1.3": "The yokes of sensual pleasures, future lives, views, and ignorance. ",
  "an4.10:1.4": "And what is the yoke of sensual pleasures? ",
  "an4.10:1.5": "It’s when you don’t truly understand sensual pleasures’ origin, disappearance, gratification, drawback, and escape. ",
  "an4.10:1.6": "So greed, relishing, affection, infatuation, thirst, passion, attachment, and craving for sensual pleasures linger on inside. ",
  "an4.10:1.7": "This is called the yoke of sensual pleasures. ",
  "an4.10:1.8": "Such is the yoke of sensual pleasures. ",
  "an4.10:2.1": "And what is the yoke of future lives? ",
  "an4.10:2.2": "It’s when you don’t truly understand future lives’ origin, disappearance, gratification, drawback, and escape. ",
  "an4.10:2.3": "So greed, relishing, affection, infatuation, thirst, passion, attachment, and craving for continued existence linger on inside. ",
  "an4.10:2.4": "This is called the yoke of future lives. ",
  "an4.10:2.5": "Such are the yokes of sensual pleasures and future lives. ",
  "an4.10:3.1": "And what is the yoke of views? ",
  "an4.10:3.2": "It’s when you don’t truly understand views’ origin, disappearance, gratification, drawback, and escape. ",
  "an4.10:3.3": "So greed, relishing, affection, infatuation, thirst, passion, attachment, and craving for views linger on inside. ",
  "an4.10:3.4": "This is called the yoke of views. ",
  "an4.10:3.5": "Such are the yokes of sensual pleasures, future lives, and views. ",
  "an4.10:4.1": "And what is the yoke of ignorance? ",
  "an4.10:4.2": "It’s when you don’t truly understand the six fields of contact’s origin, disappearance, gratification, drawback, and escape, ",
  "an4.10:4.3": "so ignorance and unknowing of the six fields of contact linger on inside. ",
  "an4.10:4.4": "This is called the yoke of ignorance. ",
  "an4.10:4.5": "Such are the yokes of sensual pleasures, future lives, views, and ignorance. ",
  "an4.10:4.6": "These are bad, unskillful qualities that are corrupting, leading to future lives, hurtful, resulting in suffering and future rebirth, old age, and death. That’s why someone yoked to them is called: ‘one who has not found sanctuary from the yoke’. ",
  "an4.10:4.7": "These are the four yokes. ",
  "an4.10:5.1": "There are these four kinds of unyoking. ",
  "an4.10:5.2": "What four? ",
  "an4.10:5.3": "Unyoking from sensual pleasures, future lives, views, and ignorance. ",
  "an4.10:5.4": "And what is unyoking from sensual pleasures? ",
  "an4.10:5.5": "It’s when you truly understand sensual pleasures’ origin, disappearance, gratification, drawback, and escape. ",
  "an4.10:5.6": "So greed, relishing, affection, infatuation, thirst, passion, attachment, and craving for sensual pleasures don’t linger on inside. ",
  "an4.10:5.7": "This is called unyoking from sensual pleasures. ",
  "an4.10:5.8": "Such is unyoking from sensual pleasures. ",
  "an4.10:6.1": "And what is unyoking from future lives? ",
  "an4.10:6.2": "It’s when you truly understand future lives’ origin, disappearance, gratification, drawback, and escape. ",
  "an4.10:6.3": "So greed, relishing, affection, infatuation, thirst, passion, attachment, and craving for continued existence don’t linger on inside. ",
  "an4.10:6.4": "This is called unyoking from future lives. ",
  "an4.10:6.5": "Such is unyoking from sensual pleasures and future lives. ",
  "an4.10:7.1": "And what is unyoking from views? ",
  "an4.10:7.2": "It’s when you truly understand views’ origin, disappearance, gratification, drawback, and escape. ",
  "an4.10:7.3": "So greed, relishing, affection, infatuation, thirst, passion, attachment, and craving for views don’t linger on inside. ",
  "an4.10:7.4": "This is called unyoking from views. ",
  "an4.10:7.5": "Such is unyoking from sensual pleasures, future lives, and views. ",
  "an4.10:8.1": "And what is unyoking from ignorance? ",
  "an4.10:8.2": "It’s when you truly understand the six fields of contact’s origin, disappearance, gratification, drawback, and escape, ",
  "an4.10:8.3": "so ignorance and unknowing of the six fields of contact don’t linger on inside. ",
  "an4.10:8.4": "This is called unyoking from ignorance. ",
  "an4.10:8.5": "Such is unyoking from sensual pleasures, future lives, views, and ignorance. ",
  "an4.10:8.6": "These are bad, unskillful qualities that are corrupting, leading to future lives, hurtful, resulting in suffering and future rebirth, old age, and death. That’s why someone unyoked from them is called: ‘one who has found sanctuary from the yoke’. ",
  "an4.10:8.7": "These are the four kinds of unyoking. ",
  "an4.10:9.1": "Yoked to both sensual pleasures ",
  "an4.10:9.2": "and the desire to be reborn in a future life; ",
  "an4.10:9.3": "yoked also to views, ",
  "an4.10:9.4": "and governed by ignorance, ",
  "an4.10:10.1": "sentient beings continue to transmigrate, ",
  "an4.10:10.2": "with ongoing birth and death. ",
  "an4.10:10.3": "But those who fully understand sensual pleasures, ",
  "an4.10:10.4": "and the yoke to all future lives; ",
  "an4.10:11.1": "with the yoke of views eradicated, ",
  "an4.10:11.2": "and ignorance dispelled, ",
  "an4.10:11.3": "unyoked from all yokes, ",
  "an4.10:11.4": "truly those sages have slipped their yoke.” ",
  "an4.10:11.5": "",
  "an4.10:11.6": "",
  "an4.10:12.1": "",
  "an4.10:12.2": "",
  "an4.10:12.3": ""
}