{
  "an4.108:0.1": "Numbered Discourses 4.108 ",
  "an4.108:0.2": "11. Clouds ",
  "an4.108:0.3": "Oxen ",
  "an4.108:1.1": "“Mendicants, there are these four kinds of oxen. ",
  "an4.108:1.2": "What four? ",
  "an4.108:1.3": "One hostile to its own herd, not others; ",
  "an4.108:1.4": "one hostile to other herds, not its own; ",
  "an4.108:1.5": "one hostile to both its own herd and others; and ",
  "an4.108:1.6": "one hostile to neither its own herd nor others. ",
  "an4.108:1.7": "These are the four kinds of oxen. ",
  "an4.108:1.8": "In the same way, these four individuals similar to oxen are found in the world. ",
  "an4.108:1.9": "What four? ",
  "an4.108:1.10": "One hostile to their own herd, not others; ",
  "an4.108:1.11": "one hostile to other herds, not their own; ",
  "an4.108:1.12": "one hostile to both their own herd and others; and ",
  "an4.108:1.13": "one hostile to neither their own herd nor others. ",
  "an4.108:2.1": "And how is an individual hostile to their own herd, not others? ",
  "an4.108:2.2": "It’s when an individual intimidates their own followers, not the followers of others. ",
  "an4.108:2.3": "That’s how an individual is hostile to their own herd, not others. ",
  "an4.108:2.4": "That individual is like an ox that’s hostile to its own herd, not others. ",
  "an4.108:2.5": "",
  "an4.108:3.1": "And how is an individual hostile to other herds, not their own? ",
  "an4.108:3.2": "It’s when an individual intimidates the followers of others, not their own. … ",
  "an4.108:3.3": "",
  "an4.108:3.4": "",
  "an4.108:3.5": "",
  "an4.108:4.1": "And how is an individual hostile to both their own herd and others? ",
  "an4.108:4.2": "It’s when an individual intimidates their own followers and the followers of others. … ",
  "an4.108:4.3": "",
  "an4.108:4.4": "",
  "an4.108:4.5": "",
  "an4.108:5.1": "And how is an individual hostile to neither their own herd nor others? ",
  "an4.108:5.2": "It’s when an individual doesn’t intimidate their own followers or the followers of others. ",
  "an4.108:5.3": "",
  "an4.108:5.4": "",
  "an4.108:5.5": "",
  "an4.108:5.6": "These four individuals similar to oxen are found in the world.” "
}