{
  "an4.101:0.1": "Numbered Discourses 4.101 ",
  "an4.101:0.2": "11. Clouds ",
  "an4.101:0.3": "Clouds (1st) ",
  "an4.101:1.1": "So I have heard. ",
  "an4.101:1.2": "At one time the Buddha was staying near Sāvatthī in Jeta’s Grove, Anāthapiṇḍika’s monastery. ",
  "an4.101:1.3": "There the Buddha addressed the mendicants, ",
  "an4.101:1.4": "“Mendicants!” ",
  "an4.101:1.5": "“Venerable sir,” they replied. ",
  "an4.101:1.6": "The Buddha said this: ",
  "an4.101:2.1": "“Mendicants, there are these four kinds of clouds. ",
  "an4.101:2.2": "What four? ",
  "an4.101:2.3": "One thunders but doesn’t rain, ",
  "an4.101:2.4": "one rains but doesn’t thunder, ",
  "an4.101:2.5": "one neither thunders nor rains, and ",
  "an4.101:2.6": "one both rains and thunders. ",
  "an4.101:2.7": "These are the four kinds of clouds. ",
  "an4.101:2.8": "In the same way, these four individuals similar to clouds are found in the world. ",
  "an4.101:2.9": "What four? ",
  "an4.101:2.10": "One thunders but doesn’t rain, ",
  "an4.101:2.11": "one rains but doesn’t thunder, ",
  "an4.101:2.12": "one neither thunders nor rains, and ",
  "an4.101:2.13": "one both rains and thunders. ",
  "an4.101:3.1": "And how does an individual thunder but not rain? ",
  "an4.101:3.2": "It’s when an individual is a talker, not a doer. ",
  "an4.101:3.3": "That’s how an individual thunders but doesn’t rain. ",
  "an4.101:3.4": "That individual is like a cloud that thunders but doesn’t rain, I say. ",
  "an4.101:3.5": "",
  "an4.101:4.1": "And how does an individual rain but not thunder? ",
  "an4.101:4.2": "It’s when an individual is a doer, not a talker. … ",
  "an4.101:4.3": "",
  "an4.101:4.4": "",
  "an4.101:4.5": "",
  "an4.101:5.1": "And how does an individual neither thunder nor rain? ",
  "an4.101:5.2": "It’s when an individual is neither a talker nor a doer. … ",
  "an4.101:5.3": "",
  "an4.101:5.4": "",
  "an4.101:5.5": "",
  "an4.101:6.1": "And how does an individual both thunder and rain? ",
  "an4.101:6.2": "It’s when an individual is both a talker and a doer. … ",
  "an4.101:6.3": "",
  "an4.101:6.4": "",
  "an4.101:6.5": "",
  "an4.101:6.6": "These four individuals similar to clouds are found in the world.” "
}