{
  "an4.132:0.1": "Numbered Discourses 4.132 ",
  "an4.132:0.2": "14. Individuals ",
  "an4.132:0.3": "Eloquence ",
  "an4.132:1.1": "“Mendicants, these four individuals are found in the world. ",
  "an4.132:1.2": "What four? ",
  "an4.132:1.3": "One who speaks on topic, but not fluently. ",
  "an4.132:1.4": "One who speaks fluently, but not on topic. ",
  "an4.132:1.5": "One who speaks on topic and fluently. ",
  "an4.132:1.6": "One who speaks neither on topic nor fluently. ",
  "an4.132:1.7": "These are the four individuals found in the world.” "
}