{
  "an4.117:0.1": "Numbered Discourses 4.117 ",
  "an4.117:0.2": "12. With Kesi ",
  "an4.117:0.3": "Guarding ",
  "an4.117:1.1": "“Mendicants, in your own way you should practice diligence, mindfulness, and guarding of the mind in four situations. ",
  "an4.117:1.2": "What four? ",
  "an4.117:1.3": "‘May my mind not be aroused by things that arouse greed.’ In your own way you should practice diligence, mindfulness, and guarding of the mind. ",
  "an4.117:1.4": "‘May my mind not be angered by things that provoke hate.’ … ",
  "an4.117:1.5": "‘May my mind not be deluded by things that promote delusion.’ … ",
  "an4.117:1.6": "‘May my mind not be intoxicated by things that intoxicate.’ … ",
  "an4.117:2.1": "When a mendicant’s mind is no longer affected by greed, hate, delusion, or intoxication because they’ve got rid of these things, they don’t shake, tremble, quake, or get nervous, nor are they persuaded by the teachings of other ascetics.” "
}