{
  "an4.103:0.1": "Numbered Discourses 4.103 ",
  "an4.103:0.2": "11. Clouds ",
  "an4.103:0.3": "Pots ",
  "an4.103:1.1": "“Mendicants, there are these four pots. ",
  "an4.103:1.2": "What four? ",
  "an4.103:1.3": "Covered but hollow, ",
  "an4.103:1.4": "uncovered but full, ",
  "an4.103:1.5": "uncovered and hollow, and ",
  "an4.103:1.6": "covered and full. ",
  "an4.103:1.7": "These are the four pots. ",
  "an4.103:1.8": "In the same way, these four individuals similar to pots are found in the world. ",
  "an4.103:1.9": "What four? ",
  "an4.103:1.10": "Covered but hollow, ",
  "an4.103:1.11": "uncovered but full, ",
  "an4.103:1.12": "uncovered and hollow, and ",
  "an4.103:1.13": "covered and full. ",
  "an4.103:2.1": "And how is a individual covered but hollow? ",
  "an4.103:2.2": "It’s when an individual is impressive when going out and coming back, when looking ahead and aside, when bending and extending the limbs, and when bearing the outer robe, bowl and robes. ",
  "an4.103:2.3": "But they don’t truly understand: ‘This is suffering’ … ‘This is the origin of suffering’ … ‘This is the cessation of suffering’ … ‘This is the practice that leads to the cessation of suffering’. ",
  "an4.103:2.4": "That’s how an individual is covered but hollow. ",
  "an4.103:2.5": "That individual is like a pot that’s covered but hollow, I say. ",
  "an4.103:2.6": "",
  "an4.103:3.1": "And how is a individual uncovered but full? ",
  "an4.103:3.2": "It’s when an individual is not impressive … ",
  "an4.103:3.3": "But they truly understand: ‘This is suffering’ … ",
  "an4.103:3.4": "",
  "an4.103:3.5": "",
  "an4.103:3.6": "",
  "an4.103:4.1": "And how is a individual uncovered and hollow? ",
  "an4.103:4.2": "It’s when an individual is not impressive … ",
  "an4.103:4.3": "Nor do they truly understand: ‘This is suffering’ … ",
  "an4.103:4.4": "",
  "an4.103:4.5": "",
  "an4.103:4.6": "",
  "an4.103:5.1": "And how is a individual covered and full? ",
  "an4.103:5.2": "It’s when an individual is impressive … ",
  "an4.103:5.3": "And they truly understand: ‘This is suffering’ … ",
  "an4.103:5.4": "",
  "an4.103:5.5": "",
  "an4.103:5.6": "",
  "an4.103:5.7": "These four individuals similar to pots are found in the world.” "
}