{
  "an4.104:0.1": "Numbered Discourses 4.104 ",
  "an4.104:0.2": "11. Clouds ",
  "an4.104:0.3": "Lakes ",
  "an4.104:1.1": "“Mendicants, there are these four lakes. ",
  "an4.104:1.2": "What four? ",
  "an4.104:1.3": "One is shallow but appears deep, ",
  "an4.104:1.4": "one is deep but appears shallow, ",
  "an4.104:1.5": "one is shallow and appears shallow, and ",
  "an4.104:1.6": "one is deep and appears deep. ",
  "an4.104:1.7": "These are the four lakes. ",
  "an4.104:1.8": "In the same way, these four individuals similar to lakes are found in the world. ",
  "an4.104:1.9": "What four? ",
  "an4.104:1.10": "One is shallow but appears deep, ",
  "an4.104:1.11": "one is deep but appears shallow, ",
  "an4.104:1.12": "one is shallow and appears shallow, and ",
  "an4.104:1.13": "one is deep and appears deep. ",
  "an4.104:2.1": "And how is an individual shallow but appears deep? ",
  "an4.104:2.2": "It’s when an individual is impressive when going out and coming back, when looking ahead and aside, when bending and extending the limbs, and when bearing the outer robe, bowl and robes. ",
  "an4.104:2.3": "But they don’t really understand: ‘This is suffering’ … ‘This is the origin of suffering’ … ‘This is the cessation of suffering’ … ‘This is the practice that leads to the cessation of suffering’. ",
  "an4.104:2.4": "That’s how an individual is shallow but appears deep. ",
  "an4.104:2.5": "That individual is like a lake that’s shallow but appears deep, I say. ",
  "an4.104:2.6": "",
  "an4.104:3.1": "And how is an individual deep but appears shallow? ",
  "an4.104:3.2": "It’s when an individual is not impressive … ",
  "an4.104:3.3": "But they really understand: ‘This is suffering’ … ",
  "an4.104:3.4": "",
  "an4.104:3.5": "",
  "an4.104:3.6": "",
  "an4.104:4.1": "And how is an individual shallow and appears shallow? ",
  "an4.104:4.2": "It’s when an individual is not impressive … ",
  "an4.104:4.3": "Nor do they really understand: ‘This is suffering’ … ",
  "an4.104:4.4": "",
  "an4.104:4.5": "",
  "an4.104:4.6": "",
  "an4.104:5.1": "And how is an individual deep and appears deep? ",
  "an4.104:5.2": "It’s when an individual is impressive … ",
  "an4.104:5.3": "And they really understand: ‘This is suffering’ … ",
  "an4.104:5.4": "",
  "an4.104:5.5": "",
  "an4.104:5.6": "",
  "an4.104:5.7": "These four individuals similar to lakes are found in the world.” "
}