{
  "an4.113:0.1": "Numbered Discourses 4.113 ",
  "an4.113:0.2": "12. With Kesi ",
  "an4.113:0.3": "The Goad ",
  "an4.113:1.1": "“Mendicants, these four fine thoroughbreds are found in the world. ",
  "an4.113:1.2": "What four? ",
  "an4.113:1.3": "One fine thoroughbred is moved to act when it sees the shadow of the goad, thinking: ",
  "an4.113:1.4": "‘What task will the horse trainer have me do today? How should I respond?’ ",
  "an4.113:1.5": "Some fine thoroughbreds are like that. ",
  "an4.113:1.6": "This is the first fine thoroughbred found in the world. ",
  "an4.113:2.1": "Furthermore, one fine thoroughbred isn’t moved to act when it sees the shadow of the goad, but only when its hairs are struck, thinking: ",
  "an4.113:2.2": "‘What task will the horse trainer have me do today? How should I respond?’ ",
  "an4.113:2.3": "Some fine thoroughbreds are like that. ",
  "an4.113:2.4": "This is the second fine thoroughbred found in the world. ",
  "an4.113:3.1": "Furthermore, one fine thoroughbred isn’t moved to act when it sees the shadow of the goad, nor when its hairs are struck, but only when its hide is struck, thinking: ",
  "an4.113:3.2": "‘What task will the horse trainer have me do today? How should I respond?’ ",
  "an4.113:3.3": "Some fine thoroughbreds are like that. ",
  "an4.113:3.4": "This is the third fine thoroughbred found in the world. ",
  "an4.113:4.1": "Furthermore, one fine thoroughbred isn’t moved to act when it sees the shadow of the goad, nor when its hairs are struck, nor when its hide is struck, but only when its bone is struck, thinking: ",
  "an4.113:4.2": "‘What task will the horse trainer have me do today? How should I respond?’ ",
  "an4.113:4.3": "Some fine thoroughbreds are like that. ",
  "an4.113:4.4": "This is the fourth fine thoroughbred found in the world. ",
  "an4.113:4.5": "These are the four fine thoroughbreds found in the world. ",
  "an4.113:5.1": "In the same way, these four fine thoroughbred people are found in the world. ",
  "an4.113:5.2": "What four? ",
  "an4.113:5.3": "One fine thoroughbred person hears about ",
  "an4.113:5.4": "the suffering or death of a woman or man in such and such village or town. ",
  "an4.113:5.5": "They’re moved to act by this, ",
  "an4.113:5.6": "and strive effectively. ",
  "an4.113:5.7": "Applying themselves, they directly realize the ultimate truth, and see it with penetrating wisdom. ",
  "an4.113:5.8": "This individual is like the fine thoroughbred ",
  "an4.113:5.9": "that’s shaken when it sees the shadow of the goad. ",
  "an4.113:5.10": "Some fine thoroughbred people are like that. ",
  "an4.113:5.11": "This is the first fine thoroughbred person found in the world. ",
  "an4.113:6.1": "Furthermore, one fine thoroughbred person doesn’t hear about ",
  "an4.113:6.2": "the suffering or death of a woman or man in such and such village or town, but they see it themselves. ",
  "an4.113:6.3": "They’re moved to act by this, ",
  "an4.113:6.4": "and strive effectively. ",
  "an4.113:6.5": "Applying themselves, they directly realize the ultimate truth, and see it with penetrating wisdom. ",
  "an4.113:6.6": "This person is like the fine thoroughbred that’s moved to act ",
  "an4.113:6.7": "when its hairs are struck. ",
  "an4.113:6.8": "Some fine thoroughbred people are like that. ",
  "an4.113:6.9": "This is the second fine thoroughbred person found in the world. ",
  "an4.113:7.1": "Furthermore, one fine thoroughbred person doesn’t hear about ",
  "an4.113:7.2": "the suffering or death of a woman or man in such and such village or town, nor do they see it themselves, but it happens to their own relative or family member. ",
  "an4.113:7.3": "They’re moved to act by this, ",
  "an4.113:7.4": "and strive effectively. ",
  "an4.113:7.5": "Applying themselves, they directly realize the ultimate truth, and see it with penetrating wisdom. ",
  "an4.113:7.6": "This person is like the fine thoroughbred that’s moved to act ",
  "an4.113:7.7": "when its skin is struck. ",
  "an4.113:7.8": "Some fine thoroughbred people are like that. ",
  "an4.113:7.9": "This is the third fine thoroughbred person found in the world. ",
  "an4.113:8.1": "Furthermore, one fine thoroughbred person doesn’t hear about ",
  "an4.113:8.2": "the suffering or death of a woman or man in such and such village or town, nor do they see it themselves, nor does it happen to their own relative or family member, but they themselves are afflicted with physical pain—sharp, severe, acute, unpleasant, disagreeable, and life-threatening. ",
  "an4.113:8.3": "They’re moved to act by this, ",
  "an4.113:8.4": "and strive effectively. ",
  "an4.113:8.5": "Applying themselves, they directly realize the ultimate truth, and see it with penetrating wisdom. ",
  "an4.113:8.6": "This person is like the fine thoroughbred that’s moved to act ",
  "an4.113:8.7": "when its bone is struck. ",
  "an4.113:8.8": "Some fine thoroughbred people are like that. ",
  "an4.113:8.9": "This is the fourth fine thoroughbred person found in the world. ",
  "an4.113:8.10": "These are the four fine thoroughbred people found in the world.” "
}