{
  "an4.110:0.1": "Numbered Discourses 4.110 ",
  "an4.110:0.2": "11. Clouds ",
  "an4.110:0.3": "Vipers ",
  "an4.110:1.1": "“Mendicants, there are these four kinds of viper. ",
  "an4.110:1.2": "What four? ",
  "an4.110:1.3": "One whose venom is fast-acting but not lethal, ",
  "an4.110:1.4": "one whose venom is lethal but not fast-acting, ",
  "an4.110:1.5": "one whose venom is both fast-acting and lethal, and ",
  "an4.110:1.6": "one whose venom is neither fast-acting nor lethal. ",
  "an4.110:1.7": "These are the four kinds of viper. ",
  "an4.110:1.8": "In the same way, these four individuals similar to vipers are found in the world. ",
  "an4.110:1.9": "What four? ",
  "an4.110:1.10": "One whose venom is fast-acting but not lethal, ",
  "an4.110:1.11": "one whose venom is lethal but not fast-acting, ",
  "an4.110:1.12": "one whose venom is both fast-acting and lethal, and ",
  "an4.110:1.13": "one whose venom is neither fast-acting nor lethal. ",
  "an4.110:2.1": "And how is an individual’s venom fast-acting but not lethal? ",
  "an4.110:2.2": "It’s when an individual is often angry, ",
  "an4.110:2.3": "but their anger doesn’t linger long. ",
  "an4.110:2.4": "That’s how an individual’s venom is fast-acting but not lethal. ",
  "an4.110:2.5": "That individual is like a viper whose venom is fast-acting but not lethal. ",
  "an4.110:2.6": "",
  "an4.110:3.1": "And how is an individual’s venom lethal but not fast-acting? ",
  "an4.110:3.2": "It’s when an individual is not often angry, ",
  "an4.110:3.3": "but their anger lingers for a long time. ",
  "an4.110:3.4": "",
  "an4.110:3.5": "",
  "an4.110:3.6": "",
  "an4.110:4.1": "And how is an individual’s venom both fast-acting and lethal? ",
  "an4.110:4.2": "It’s when an individual is often angry, ",
  "an4.110:4.3": "and their anger lingers for a long time. ",
  "an4.110:4.4": "",
  "an4.110:4.5": "",
  "an4.110:4.6": "",
  "an4.110:5.1": "And how is an individual’s venom neither fast-acting nor lethal? ",
  "an4.110:5.2": "It’s when an individual is not often angry, ",
  "an4.110:5.3": "and their anger doesn’t linger long. ",
  "an4.110:5.4": "",
  "an4.110:5.5": "",
  "an4.110:5.6": "",
  "an4.110:5.7": "These four individuals similar to vipers are found in the world.” ",
  "an4.110:5.8": "",
  "an4.110:5.9": "",
  "an4.110:6.1": "",
  "an4.110:6.2": "",
  "an4.110:6.3": ""
}